INODE,X,Y,RCH_SS_m_per_day
781684,602750,7232750,2.0419879e-05
781685,604250,7232750,2.4074428e-05
781686,607250,7232750,2.5273906e-05
781687,610250,7232750,2.7151689e-05
781688,602750,7231250,1.9250863e-05
781689,604250,7231250,2.1278087e-05
781690,605750,7231250,2.186263e-05
781691,608750,7231250,2.6219408e-05
781692,610250,7231250,2.8839078e-05
781693,602750,7229750,1.8598064e-05
781694,604250,7229750,1.9787271e-05
781695,608750,7229750,2.6063644e-05
781697,599750,7228250,1.8238401e-05
781698,602750,7228250,1.8460623e-05
781699,607250,7228250,2.0185227e-05
781700,608750,7228250,2.5949408e-05
781701,596750,7226750,1.4170663e-05
841731,607250,7225250,1.7017512e-05
841732,608750,7225250,1.8886529e-05
841733,610250,7225250,2.0071711e-05
841736,766250,7225250,7.3994088e-06
781704,604250,7223750,1.6066118e-05
781705,605750,7223750,1.6356093e-05
781706,607250,7223750,1.6462282e-05
781707,608750,7223750,1.7747043e-05
781708,610250,7223750,1.8544612e-05
781709,613250,7223750,2.0750231e-05
781713,620750,7223750,2.2545675e-05
841747,622250,7223750,1.9082096e-05
841749,766250,7223750,9.5818204e-06
781714,556250,7222250,9.3272683e-06
781715,557750,7222250,1.0607575e-05
781716,601250,7222250,1.1293135e-05
781717,602750,7222250,1.4893942e-05
781718,605750,7222250,1.6309679e-05
781719,607250,7222250,1.6263841e-05
781720,613250,7222250,2.0669762e-05
781721,616250,7222250,2.4081181e-05
781722,617750,7222250,2.4560111e-05
781723,619250,7222250,2.5242653e-05
841760,620750,7222250,1.9207611e-05
841761,758750,7222250,1.0338868e-05
841763,551750,7220750,1.1448683e-05
841764,557750,7220750,1.041869e-05
841765,605750,7220750,1.5071403e-05
841766,611750,7220750,1.6257447e-05
841767,613250,7220750,1.780919e-05
841768,616250,7220750,2.0243639e-05
841769,617750,7220750,1.9526682e-05
841770,619250,7220750,1.6970813e-05
841771,760250,7220750,1.0601899e-05
841774,554750,7219250,1.0270111e-05
841775,556250,7219250,9.5094711e-06
841776,604250,7219250,1.3571246e-05
841777,605750,7219250,1.390756e-05
841778,608750,7219250,1.4250484e-05
841779,614750,7219250,1.5842605e-05
841780,616250,7219250,1.6175542e-05
841782,605750,7217750,1.3760203e-05
841783,613250,7217750,1.4831292e-05
841784,616250,7217750,1.5956339e-05
841785,617750,7217750,1.5220413e-05
841786,757250,7217750,9.7503726e-06
781724,602750,7216250,6.8645109e-06
781725,604250,7216250,1.2178931e-05
781726,605750,7216250,1.3332213e-05
781727,608750,7216250,1.3895418e-05
781728,613250,7216250,1.4525585e-05
781729,634250,7216250,7.4570298e-06
841795,754250,7216250,1.0055649e-05
781730,551750,7214750,1.1710635e-05
841799,554750,7214750,8.6364635e-06
841800,599750,7214750,1.1097281e-05
841801,601250,7214750,6.4593032e-06
841802,602750,7214750,6.3887715e-06
841803,608750,7214750,1.2610873e-05
841804,614750,7214750,1.3707396e-05
841805,751250,7214750,1.0371846e-05
841806,755750,7214750,9.5998539e-06
841808,763250,7214750,1.0163563e-05
781731,596750,7213250,5.9173931e-06
781732,598250,7213250,8.4439862e-06
781733,601250,7213250,7.4332484e-06
781734,607250,7213250,9.8727996e-06
781735,608750,7213250,1.1316413e-05
781736,613250,7213250,1.2631493e-05
781737,614750,7213250,1.2753201e-05
781738,751250,7213250,9.8229375e-06
781739,755750,7213250,9.2809987e-06
781740,761750,7213250,9.6899494e-06
781741,763250,7213250,9.8717219e-06
841820,772250,7213250,9.4996285e-06
841821,773750,7213250,9.5706846e-06
781742,553250,7211750,9.0278836e-06
781743,596750,7211750,9.309666e-06
781744,601250,7211750,1.0267956e-05
781745,604250,7211750,1.1161512e-05
781746,611750,7211750,1.2117934e-05
781747,614750,7211750,1.3020902e-05
781748,617750,7211750,1.1865465e-05
781749,637250,7211750,2.0793123e-05
781750,749750,7211750,9.4782181e-06
781751,752750,7211750,9.435038e-06
781752,755750,7211750,8.9716996e-06
781753,763250,7211750,9.5512141e-06
781754,764750,7211750,9.408599e-06
841835,767750,7211750,9.5006344e-06
841836,772250,7211750,8.8341849e-06
841837,773750,7211750,8.9085461e-06
781755,554750,7210250,9.718904e-06
781756,598250,7210250,1.0611095e-05
781757,601250,7210250,1.0901068e-05
781758,607250,7210250,4.5484353e-06
781759,610250,7210250,1.1570965e-05
781760,613250,7210250,1.2058516e-05
781761,614750,7210250,1.2686815e-05
781762,623750,7210250,1.3302037e-05
781763,755750,7210250,8.9280884e-06
781764,760250,7210250,9.4364032e-06
781765,761750,7210250,9.6188214e-06
781766,763250,7210250,9.7014454e-06
781767,764750,7210250,9.5142132e-06
841851,766250,7210250,9.4070183e-06
781768,551750,7208750,9.4063716e-06
781769,590750,7208750,6.9101047e-06
781770,592250,7208750,9.4245488e-06
781771,593750,7208750,9.6302456e-06
781772,595250,7208750,9.7583479e-06
781773,596750,7208750,9.8203518e-06
781774,604250,7208750,1.0116216e-05
781775,608750,7208750,8.5427755e-06
781776,611750,7208750,1.0525598e-05
781777,614750,7208750,1.1773357e-05
781778,616250,7208750,1.1992705e-05
781779,617750,7208750,1.0473581e-05
781780,742250,7208750,1.0822899e-05
781781,748250,7208750,9.9798508e-06
781782,751250,7208750,9.4060124e-06
781783,752750,7208750,9.3994022e-06
781784,754250,7208750,9.1696365e-06
781785,758750,7208750,9.0654594e-06
781786,763250,7208750,9.7298962e-06
781787,764750,7208750,9.5492742e-06
781788,769250,7208750,9.1740912e-06
841873,773750,7208750,8.7747676e-06
781789,589250,7207250,5.9545664e-06
781790,592250,7207250,9.3313638e-06
781791,593750,7207250,9.5257083e-06
781792,595250,7207250,9.6510093e-06
781793,602750,7207250,9.8052633e-06
781794,607250,7207250,6.5333625e-06
781795,611750,7207250,1.0409134e-05
781796,613250,7207250,1.0946116e-05
781797,614750,7207250,1.1568595e-05
781798,616250,7207250,1.168204e-05
781799,623750,7207250,9.1051188e-06
781800,740750,7207250,1.059845e-05
781801,746750,7207250,9.8550536e-06
781802,748250,7207250,9.8888213e-06
781803,749750,7207250,9.5397909e-06
781804,751250,7207250,9.3758363e-06
781805,752750,7207250,9.4481138e-06
781806,754250,7207250,9.1749534e-06
781807,755750,7207250,8.8338975e-06
781808,757250,7207250,8.9709811e-06
781809,760250,7207250,8.9449004e-06
781810,761750,7207250,8.9741425e-06
781811,764750,7207250,8.9519417e-06
781812,773750,7207250,8.3895984e-06
781813,775250,7207250,8.6907075e-06
781814,776750,7207250,8.7843237e-06
841900,778250,7207250,8.7583148e-06
781815,593750,7205750,9.5466157e-06
781816,598250,7205750,6.5610093e-06
781817,601250,7205750,8.0231812e-06
781818,602750,7205750,9.7706334e-06
781819,604250,7205750,9.9240979e-06
781820,605750,7205750,9.8102209e-06
781821,607250,7205750,9.7509474e-06
781822,610250,7205750,1.0662106e-05
781823,611750,7205750,1.0687252e-05
781824,614750,7205750,1.1698781e-05
781825,616250,7205750,1.169605e-05
781826,617750,7205750,1.1501777e-05
781827,620750,7205750,1.120814e-05
781828,622250,7205750,1.1616013e-05
781829,623750,7205750,1.22275e-05
781830,740750,7205750,1.0515826e-05
781831,743750,7205750,1.024906e-05
781832,745250,7205750,9.8794089e-06
781833,746750,7205750,9.8448509e-06
781834,748250,7205750,9.8373075e-06
781835,749750,7205750,9.5109081e-06
781836,751250,7205750,9.381728e-06
781837,752750,7205750,9.4894976e-06
781838,754250,7205750,9.2008186e-06
781839,755750,7205750,8.8515717e-06
781840,757250,7205750,9.0322665e-06
781841,758750,7205750,8.9732084e-06
781842,760250,7205750,8.5734537e-06
781843,764750,7205750,8.496937e-06
781844,770750,7205750,8.4184085e-06
781845,776750,7205750,8.4270305e-06
781846,778250,7205750,8.3776004e-06
841933,779750,7205750,8.7631288e-06
781847,590750,7204250,9.0094909e-06
781848,592250,7204250,9.0434742e-06
781849,598250,7204250,6.2399772e-06
781850,599750,7204250,6.48677e-06
781851,602750,7204250,9.3828057e-06
781852,605750,7204250,9.6032309e-06
781853,607250,7204250,9.4129809e-06
781854,608750,7204250,7.9649135e-06
781855,611750,7204250,9.9342997e-06
781856,613250,7204250,1.0677553e-05
781857,614750,7204250,1.112566e-05
781858,616250,7204250,1.1114021e-05
781859,617750,7204250,1.1103747e-05
781860,619250,7204250,1.1095916e-05
781861,620750,7204250,1.1077523e-05
781862,622250,7204250,1.1150447e-05
781863,623750,7204250,1.2014331e-05
781864,740750,7204250,1.0544421e-05
781865,742250,7204250,1.0472431e-05
781866,743750,7204250,1.0268099e-05
781867,745250,7204250,9.9373174e-06
781868,746750,7204250,9.8771825e-06
781869,748250,7204250,9.8286137e-06
781870,749750,7204250,9.5394316e-06
781871,751250,7204250,9.4287871e-06
781872,752750,7204250,9.5175183e-06
781873,754250,7204250,9.2610971e-06
781874,755750,7204250,8.9653768e-06
781875,757250,7204250,9.071925e-06
781876,758750,7204250,8.9642272e-06
781877,760250,7204250,8.574747e-06
781878,761750,7204250,8.525245e-06
781879,763250,7204250,8.5690708e-06
781880,770750,7204250,8.3155246e-06
781881,775250,7204250,8.3538189e-06
781882,776750,7204250,8.3879459e-06
781883,779750,7204250,8.8151455e-06
841971,781250,7204250,9.1482261e-06
781884,590750,7202750,8.7397784e-06
781885,592250,7202750,8.78418e-06
781886,593750,7202750,8.6824448e-06
781887,602750,7202750,8.9707655e-06
781888,604250,7202750,9.0617232e-06
781889,605750,7202750,9.1404672e-06
781890,607250,7202750,8.5628208e-06
781891,608750,7202750,5.1189118e-06
781892,613250,7202750,1.0034814e-05
781893,614750,7202750,1.0411074e-05
781894,616250,7202750,1.0404752e-05
781895,617750,7202750,1.0366457e-05
781896,619250,7202750,1.0293533e-05
781897,620750,7202750,1.0344688e-05
781898,622250,7202750,1.0460505e-05
781899,623750,7202750,1.084007e-05
781900,736250,7202750,1.1163667e-05
781901,739250,7202750,1.0792508e-05
781902,740750,7202750,1.0314369e-05
781903,742250,7202750,1.0256317e-05
781904,743750,7202750,1.0079071e-05
781905,745250,7202750,9.7962111e-06
781906,746750,7202750,9.7826323e-06
781907,748250,7202750,9.76309e-06
781908,749750,7202750,9.5014248e-06
781909,751250,7202750,9.3823746e-06
781910,752750,7202750,9.4129809e-06
781911,754250,7202750,9.1801985e-06
781912,755750,7202750,8.9333334e-06
781913,757250,7202750,8.9986424e-06
781914,758750,7202750,8.8590441e-06
781915,760250,7202750,8.4722942e-06
781916,761750,7202750,8.4284675e-06
781917,763250,7202750,8.4613011e-06
781918,764750,7202750,8.2579754e-06
781919,766250,7202750,8.1672333e-06
781920,767750,7202750,8.2397264e-06
781921,772250,7202750,8.1409371e-06
781922,775250,7202750,8.2220522e-06
781923,776750,7202750,8.2410916e-06
781924,778250,7202750,8.2441811e-06
781925,779750,7202750,8.745239e-06
842014,781250,7202750,9.0941257e-06
781926,589250,7201250,8.7752705e-06
781927,590750,7201250,8.7800126e-06
781928,592250,7201250,8.7563749e-06
781929,593750,7201250,8.7229664e-06
781930,595250,7201250,7.8991015e-06
781931,598250,7201250,7.6692641e-06
781932,599750,7201250,8.7948129e-06
781933,604250,7201250,9.0557596e-06
781934,610250,7201250,7.5766543e-06
781935,613250,7201250,9.9567878e-06
781936,614750,7201250,1.0332977e-05
781937,616250,7201250,1.0345334e-05
781938,617750,7201250,1.0333767e-05
781939,619250,7201250,1.0296551e-05
781940,620750,7201250,1.0381976e-05
781941,622250,7201250,1.0520784e-05
781942,623750,7201250,1.0826204e-05
781943,625250,7201250,1.1067967e-05
781944,736250,7201250,1.0569999e-05
781945,737750,7201250,1.0577543e-05
781946,739250,7201250,1.0267022e-05
781947,740750,7201250,9.9881136e-06
781948,742250,7201250,9.9473764e-06
781949,743750,7201250,9.7982229e-06
781950,745250,7201250,9.5595487e-06
781951,746750,7201250,9.6243539e-06
781952,748250,7201250,9.6651629e-06
781953,749750,7201250,9.4223215e-06
781954,751250,7201250,9.271228e-06
781955,752750,7201250,9.210733e-06
781956,754250,7201250,8.9895893e-06
781957,755750,7201250,8.7800126e-06
781958,757250,7201250,8.8243423e-06
781959,758750,7201250,8.6590953e-06
781960,760250,7201250,8.2597717e-06
781961,761750,7201250,8.198127e-06
781962,763250,7201250,8.2045217e-06
781963,764750,7201250,8.046818e-06
781964,766250,7201250,7.9595247e-06
781965,767750,7201250,7.9679303e-06
781966,770750,7201250,7.8901212e-06
781967,772250,7201250,7.8427738e-06
781968,781250,7201250,8.5212932e-06
781969,560750,7199750,9.0613639e-06
781970,590750,7199750,8.7073759e-06
781971,592250,7199750,8.648246e-06
781972,593750,7199750,8.6877617e-06
781973,595250,7199750,8.6927912e-06
781974,596750,7199750,8.6745422e-06
781975,598250,7199750,8.7104654e-06
781976,599750,7199750,8.7233257e-06
781977,601250,7199750,8.6431446e-06
781978,602750,7199750,8.7392755e-06
781979,604250,7199750,8.9757232e-06
781980,605750,7199750,8.9702626e-06
781981,607250,7199750,8.9860687e-06
781982,611750,7199750,9.4126217e-06
781983,613250,7199750,9.808281e-06
781984,614750,7199750,1.0196612e-05
781985,616250,7199750,1.025021e-05
781986,617750,7199750,1.0279092e-05
781987,619250,7199750,1.0284265e-05
781988,620750,7199750,1.0402165e-05
781989,622250,7199750,1.0564107e-05
781990,623750,7199750,1.0835185e-05
781991,625250,7199750,1.1061501e-05
781992,739250,7199750,1.0213209e-05
781993,740750,7199750,9.9633262e-06
781994,742250,7199750,9.9759709e-06
781995,743750,7199750,9.8301225e-06
781996,745250,7199750,9.5660143e-06
781997,746750,7199750,9.573846e-06
781998,748250,7199750,9.5627092e-06
781999,749750,7199750,9.3400567e-06
782000,751250,7199750,9.2148284e-06
782001,752750,7199750,9.1747379e-06
782002,754250,7199750,8.9764417e-06
782003,755750,7199750,8.7984054e-06
782004,757250,7199750,8.8548049e-06
782005,758750,7199750,8.6585924e-06
782006,760250,7199750,8.2045935e-06
782007,761750,7199750,7.4944619e-06
782008,763250,7199750,6.847361e-06
782009,764750,7199750,6.7312712e-06
782010,766250,7199750,7.0088795e-06
782011,767750,7199750,7.7225031e-06
782012,769250,7199750,7.8084313e-06
782013,773750,7199750,7.6607867e-06
782014,778250,7199750,7.602519e-06
842104,781250,7199750,8.1409371e-06
782015,556250,7198250,7.2366761e-06
782016,557750,7198250,7.7978702e-06
782017,559250,7198250,8.733241e-06
782018,590750,7198250,8.3214882e-06
782019,592250,7198250,8.3043878e-06
782020,593750,7198250,8.422001e-06
782021,595250,7198250,8.4653248e-06
782022,596750,7198250,8.4592893e-06
782023,598250,7198250,8.455123e-06
782024,599750,7198250,8.434934e-06
782025,601250,7198250,8.3625837e-06
782026,602750,7198250,8.4237254e-06
782027,604250,7198250,8.5882539e-06
782028,605750,7198250,8.562246e-06
782029,607250,7198250,8.5506063e-06
782030,608750,7198250,8.6824448e-06
782031,611750,7198250,8.8370589e-06
782032,613250,7198250,9.2391847e-06
782033,614750,7198250,9.6483509e-06
782034,616250,7198250,9.8226501e-06
782035,617750,7198250,9.9026156e-06
782036,619250,7198250,9.8902583e-06
782037,620750,7198250,9.9393292e-06
782038,622250,7198250,1.0022312e-05
782039,623750,7198250,1.0220681e-05
782040,625250,7198250,1.0367248e-05
782041,626750,7198250,1.0454757e-05
782042,731750,7198250,1.2047165e-05
782043,737750,7198250,1.05039e-05
782044,739250,7198250,1.0193163e-05
782045,740750,7198250,9.9722347e-06
782046,742250,7198250,1.0055146e-05
782047,743750,7198250,9.9183499e-06
782048,745250,7198250,9.6222702e-06
782049,746750,7198250,9.5453224e-06
782050,748250,7198250,9.459538e-06
782051,749750,7198250,9.25729e-06
782052,751250,7198250,9.1791926e-06
782053,752750,7198250,9.2016808e-06
782054,754250,7198250,9.0344938e-06
782055,755750,7198250,8.8929555e-06
782056,757250,7198250,8.983985e-06
782057,758750,7198250,8.7595363e-06
782058,760250,7198250,8.2362776e-06
782059,761750,7198250,6.4614587e-06
782060,763250,7198250,4.756108e-06
782061,764750,7198250,4.617063e-06
782062,766250,7198250,5.518968e-06
782063,767750,7198250,7.5411622e-06
782064,769250,7198250,7.8175563e-06
782065,770750,7198250,7.6821971e-06
782066,773750,7198250,7.749517e-06
782067,776750,7198250,7.5576868e-06
782068,778250,7198250,7.6640199e-06
782069,779750,7198250,7.9320789e-06
842160,790250,7198250,8.9742143e-06
782070,551750,7196750,8.3813356e-06
782071,553250,7196750,8.4155354e-06
782072,554750,7196750,8.4262401e-06
782073,556250,7196750,8.40756e-06
782074,562250,7196750,8.5289093e-06
782075,589250,7196750,8.0776408e-06
782076,590750,7196750,8.1392845e-06
782077,592250,7196750,8.1458229e-06
782078,593750,7196750,8.2803199e-06
782079,595250,7196750,8.3401683e-06
782080,596750,7196750,8.3507293e-06
782081,601250,7196750,8.1923799e-06
782082,602750,7196750,8.2328288e-06
782083,604250,7196750,8.3461309e-06
782084,605750,7196750,8.3186142e-06
782085,607250,7196750,8.2956949e-06
782086,611750,7196750,8.4230069e-06
782087,613250,7196750,8.8344004e-06
782088,614750,7196750,9.2605223e-06
782089,616250,7196750,9.4938086e-06
782090,617750,7196750,9.6097692e-06
782091,619250,7196750,9.6101285e-06
782092,620750,7196750,9.6027279e-06
782093,622250,7196750,9.6189651e-06
782094,623750,7196750,9.7699867e-06
782095,625250,7196750,9.8474375e-06
782096,626750,7196750,9.8456412e-06
782097,628250,7196750,9.8980172e-06
782098,737750,7196750,1.0005787e-05
782099,739250,7196750,9.8221471e-06
782100,740750,7196750,9.7073371e-06
782101,742250,7196750,9.7939837e-06
782102,743750,7196750,9.733345e-06
782103,745250,7196750,9.5724808e-06
782104,746750,7196750,9.5271453e-06
782105,748250,7196750,9.4642801e-06
782106,749750,7196750,9.31879e-06
782107,751250,7196750,9.2649771e-06
782108,752750,7196750,9.2826513e-06
782109,754250,7196750,8.9909545e-06
782110,755750,7196750,8.7349654e-06
782111,757250,7196750,8.7444487e-06
782112,758750,7196750,7.9960228e-06
782113,760250,7196750,6.6059492e-06
782117,766250,7196750,5.7618308e-06
782118,767750,7196750,6.3944044e-06
782119,769250,7196750,6.4486771e-06
782120,770750,7196750,6.4885808e-06
782121,772250,7196750,7.370239e-06
782122,776750,7196750,7.4690997e-06
782123,779750,7196750,7.7521036e-06
842215,784250,7196750,8.203875e-06
842216,790250,7196750,8.8517872e-06
782124,551750,7195250,8.3903888e-06
782125,553250,7195250,8.4539015e-06
782126,554750,7195250,8.4652529e-06
782127,557750,7195250,8.5148267e-06
782128,559250,7195250,8.6504015e-06
782129,560750,7195250,8.6505452e-06
782130,586250,7195250,6.7615833e-06
782131,587750,7195250,7.1869581e-06
782132,589250,7195250,8.2205434e-06
782133,590750,7195250,8.2420975e-06
782134,592250,7195250,8.2521556e-06
782135,593750,7195250,8.3205541e-06
782136,595250,7195250,8.3712057e-06
782137,596750,7195250,8.4099311e-06
782138,598250,7195250,8.3178957e-06
782139,599750,7195250,8.2372835e-06
782140,601250,7195250,8.2132146e-06
782141,602750,7195250,8.2657352e-06
782142,604250,7195250,8.3737923e-06
782143,605750,7195250,8.3895984e-06
782144,607250,7195250,8.4003032e-06
782145,610250,7195250,8.4148887e-06
782146,611750,7195250,8.3650266e-06
782147,613250,7195250,8.8079614e-06
782148,614750,7195250,9.2519731e-06
782149,616250,7195250,9.4063716e-06
782150,617750,7195250,9.5365576e-06
782151,619250,7195250,9.6418125e-06
782152,620750,7195250,9.6291678e-06
782153,622250,7195250,9.6337662e-06
782154,623750,7195250,9.8384571e-06
782155,625250,7195250,9.9082199e-06
782156,626750,7195250,9.8369483e-06
782157,628250,7195250,8.0471773e-06
782158,634250,7195250,1.0525023e-05
782159,731750,7195250,1.0847111e-05
782160,733250,7195250,1.0619717e-05
782161,737750,7195250,9.6158756e-06
782162,739250,7195250,9.5245587e-06
782163,740750,7195250,9.4863362e-06
782164,742250,7195250,9.5742771e-06
782165,743750,7195250,9.5790901e-06
782166,745250,7195250,9.5331088e-06
782167,746750,7195250,9.5170153e-06
782168,748250,7195250,9.4438037e-06
782169,749750,7195250,9.2450036e-06
782170,751250,7195250,9.2127448e-06
782171,752750,7195250,9.2692881e-06
782172,754250,7195250,8.8785864e-06
782173,755750,7195250,8.5243828e-06
782174,757250,7195250,8.4253061e-06
782175,758750,7195250,6.9930297e-06
782179,764750,7195250,6.6152534e-06
782180,766250,7195250,6.6017033e-06
782181,767750,7195250,4.7220597e-06
782183,770750,7195250,4.723468e-06
782185,773750,7195250,7.6074766e-06
782186,775250,7195250,7.3427218e-06
782187,778250,7195250,7.3302922e-06
782188,779750,7195250,7.4178733e-06
782189,782750,7195250,7.4834693e-06
842283,788750,7195250,8.2114184e-06
782190,551750,7193750,8.3975729e-06
782191,553250,7193750,8.3797559e-06
782192,556250,7193750,8.2763681e-06
782193,557750,7193750,8.3389468e-06
782194,559250,7193750,8.427246e-06
782195,560750,7193750,8.4012372e-06
782196,562250,7193750,8.2284469e-06
782197,589250,7193750,8.1033613e-06
782198,590750,7193750,7.2171338e-06
782199,593750,7193750,7.860448e-06
782200,595250,7193750,8.2528022e-06
782201,596750,7193750,8.2945453e-06
782202,598250,7193750,8.1607668e-06
782203,599750,7193750,8.0645641e-06
782204,601250,7193750,8.0992659e-06
782205,602750,7193750,8.1497747e-06
782206,604250,7193750,8.2129991e-06
782207,605750,7193750,8.2509341e-06
782208,607250,7193750,8.2813976e-06
782209,610250,7193750,8.2575443e-06
782210,611750,7193750,8.1763574e-06
782211,613250,7193750,8.5921338e-06
782212,614750,7193750,8.9995756e-06
782213,616250,7193750,9.1035381e-06
782214,617750,7193750,9.282795e-06
782215,619250,7193750,9.527289e-06
782216,620750,7193750,9.533037e-06
782217,622250,7193750,9.5268579e-06
782218,623750,7193750,9.670408e-06
782219,625250,7193750,9.7075526e-06
782220,626750,7193750,9.6315389e-06
782221,628250,7193750,7.3009787e-06
782222,635750,7193750,1.0935267e-05
782223,637250,7193750,1.1004958e-05
782224,739250,7193750,9.4966827e-06
782225,740750,7193750,9.4568795e-06
782226,742250,7193750,9.5595487e-06
782227,743750,7193750,9.5777259e-06
782228,745250,7193750,9.5481246e-06
782229,746750,7193750,9.5596924e-06
782230,748250,7193750,9.0707044e-06
782231,749750,7193750,7.3482538e-06
782232,751250,7193750,6.7300139e-06
782233,752750,7193750,6.8079676e-06
782236,757250,7193750,6.2995741e-06
782240,763250,7193750,4.3334776e-06
782246,772250,7193750,5.4913285e-06
782248,775250,7193750,7.1386844e-06
782249,776750,7193750,7.2565058e-06
842344,778250,7193750,7.2730304e-06
842345,784250,7193750,7.5639373e-06
842346,788750,7193750,8.0154932e-06
842347,793250,7193750,8.1334656e-06
842348,794750,7193750,8.6493237e-06
782250,551750,7192250,8.403249e-06
782251,553250,7192250,8.2575443e-06
782252,556250,7192250,8.0793652e-06
782253,557750,7192250,8.0815198e-06
782254,559250,7192250,8.0969676e-06
782255,560750,7192250,8.0464588e-06
782256,590750,7192250,5.3267927e-06
782257,595250,7192250,8.0116852e-06
782258,596750,7192250,8.0316586e-06
782259,598250,7192250,7.8544135e-06
782260,599750,7192250,7.7493733e-06
782261,601250,7192250,7.861885e-06
782262,602750,7192250,7.89163e-06
782263,604250,7192250,7.8669864e-06
782264,605750,7192250,7.9001074e-06
782265,607250,7192250,7.9299243e-06
782266,608750,7192250,7.9338752e-06
782267,610250,7192250,7.9008259e-06
782268,611750,7192250,7.8389658e-06
782269,613250,7192250,8.1492717e-06
782270,614750,7192250,8.4485846e-06
782271,616250,7192250,8.5274723e-06
782272,617750,7192250,8.7912931e-06
782273,619250,7192250,9.2130322e-06
782274,620750,7192250,9.2638275e-06
782275,622250,7192250,9.2365981e-06
782276,623750,7192250,9.1365873e-06
782277,625250,7192250,9.0941257e-06
782278,626750,7192250,9.1036818e-06
782279,628250,7192250,8.5459369e-06
782280,635750,7192250,1.0173765e-05
782281,637250,7192250,1.0222836e-05
782282,736250,7192250,9.5045853e-06
782283,737750,7192250,9.5217574e-06
782284,739250,7192250,9.3818717e-06
782285,740750,7192250,9.3190056e-06
782286,742250,7192250,9.4061561e-06
782287,743750,7192250,9.4495508e-06
782288,745250,7192250,9.46622e-06
782289,746750,7192250,9.5141413e-06
782290,748250,7192250,8.6874024e-06
782291,749750,7192250,5.8306309e-06
782292,751250,7192250,4.7771086e-06
782293,752750,7192250,4.8183269e-06
782295,755750,7192250,4.3658515e-06
782299,761750,7192250,4.1068806e-06
782306,772250,7192250,4.0703826e-06
782307,773750,7192250,5.0789363e-06
782308,775250,7192250,6.9490525e-06
782309,776750,7192250,7.2567213e-06
782310,778250,7192250,7.2935068e-06
782311,551750,7190750,8.4582116e-06
782312,553250,7190750,8.1964026e-06
782313,554750,7190750,8.0634863e-06
782314,559250,7190750,5.653163e-06
782315,560750,7190750,5.6270396e-06
782316,590750,7190750,5.9923364e-06
782317,595250,7190750,7.9433594e-06
782318,596750,7190750,7.9590218e-06
782319,598250,7190750,7.7691311e-06
782320,599750,7190750,7.6520209e-06
782321,601250,7190750,7.7459244e-06
782322,602750,7190750,7.7781842e-06
782323,604250,7190750,7.7687e-06
782324,605750,7190750,7.7768909e-06
782325,607250,7190750,7.7866616e-06
782326,608750,7190750,7.7953555e-06
782327,610250,7190750,7.780196e-06
782328,611750,7190750,7.7469304e-06
782329,613250,7190750,8.0155651e-06
782330,614750,7190750,8.2587658e-06
782331,616250,7190750,8.2901624e-06
782332,617750,7190750,8.5458651e-06
782333,619250,7190750,8.9903078e-06
782334,620750,7190750,9.0901749e-06
782335,622250,7190750,9.0935509e-06
782336,623750,7190750,8.9169525e-06
782337,625250,7190750,8.8375618e-06
782338,626750,7190750,8.8520746e-06
782339,628250,7190750,9.1394613e-06
782340,629750,7190750,9.4101079e-06
782341,631250,7190750,9.3108156e-06
782342,632750,7190750,9.4146335e-06
782343,634250,7190750,9.7347101e-06
782344,635750,7190750,9.8200644e-06
782345,637250,7190750,9.8255241e-06
782346,736250,7190750,9.2939317e-06
782347,737750,7190750,9.3247536e-06
782348,739250,7190750,9.1089987e-06
782349,740750,7190750,8.9665264e-06
782350,742250,7190750,8.9558935e-06
782351,743750,7190750,9.0303984e-06
782352,745250,7190750,9.1416887e-06
782353,746750,7190750,9.2238088e-06
782356,751250,7190750,4.8032753e-06
782357,752750,7190750,4.8081392e-06
782358,754250,7190750,4.574566e-06
782361,758750,7190750,4.4136868e-06
782372,775250,7190750,5.4041284e-06
782373,776750,7190750,6.4797077e-06
782374,778250,7190750,7.3376204e-06
782375,779750,7190750,7.3383389e-06
782376,781250,7190750,7.3141268e-06
782377,782750,7190750,7.2532007e-06
782378,784250,7190750,7.5334742e-06
782379,551750,7189250,8.5171978e-06
782380,553250,7189250,8.1441704e-06
782381,554750,7189250,7.9984657e-06
782382,556250,7189250,8.1183052e-06
782383,563750,7189250,6.7755e-06
782384,590750,7189250,7.6511587e-06
782385,592250,7189250,7.5614944e-06
782386,595250,7189250,7.9478141e-06
782387,596750,7189250,7.9692236e-06
782388,598250,7189250,7.7835002e-06
782389,599750,7189250,7.6548949e-06
782390,601250,7189250,7.6871547e-06
782391,602750,7189250,7.7380937e-06
782392,604250,7189250,7.7995946e-06
782393,605750,7189250,7.7745917e-06
782394,607250,7189250,7.7588575e-06
782395,608750,7189250,7.7850809e-06
782396,610250,7189250,7.799882e-06
782397,611750,7189250,7.8059884e-06
782398,613250,7189250,8.0795089e-06
782399,614750,7189250,8.3065434e-06
782400,616250,7189250,8.2836968e-06
782401,617750,7189250,8.4720068e-06
782402,619250,7189250,8.8320294e-06
782403,620750,7189250,8.9900204e-06
782404,622250,7189250,9.070417e-06
782405,623750,7189250,8.9584801e-06
782406,625250,7189250,8.8831848e-06
782407,626750,7189250,8.8428069e-06
782408,628250,7189250,9.1065558e-06
782409,629750,7189250,9.3587369e-06
782410,631250,7189250,9.2814298e-06
782411,632750,7189250,9.4497664e-06
782412,634250,7189250,9.8697101e-06
782413,635750,7189250,9.9220142e-06
782414,637250,7189250,9.8734463e-06
782415,638750,7189250,9.7062593e-06
782416,734750,7189250,9.2825794e-06
782417,736250,7189250,9.1908314e-06
782418,737750,7189250,9.2208638e-06
782419,739250,7189250,8.9725618e-06
782420,740750,7189250,8.7907893e-06
782421,742250,7189250,8.7218887e-06
782422,743750,7189250,8.8328916e-06
782423,745250,7189250,9.0184712e-06
782424,746750,7189250,9.0682615e-06
782425,748250,7189250,8.2387205e-06
782429,754250,7189250,4.5977508e-06
782430,755750,7189250,4.4316271e-06
782431,757250,7189250,4.4011858e-06
782445,778250,7189250,7.3760584e-06
782446,779750,7189250,7.1438717e-06
782447,782750,7189250,7.1624013e-06
782448,784250,7189250,7.3718197e-06
842548,787250,7189250,7.5601297e-06
842549,788750,7189250,7.8400435e-06
842550,790250,7189250,8.4207795e-06
842551,791750,7189250,8.4360827e-06
842552,794750,7189250,8.5057027e-06
782449,551750,7187750,8.4014528e-06
782450,553250,7187750,8.0618338e-06
782451,554750,7187750,7.8882531e-06
782452,556250,7187750,7.9057118e-06
782453,562250,7187750,3.8756066e-06
782454,563750,7187750,6.6986099e-06
782455,596750,7187750,7.7304776e-06
782456,598250,7187750,7.6268748e-06
782457,599750,7187750,7.5644402e-06
782458,601250,7187750,7.6128649e-06
782459,602750,7187750,7.6026627e-06
782460,604250,7187750,7.5584771e-06
782461,605750,7187750,7.569829e-06
782462,607250,7187750,7.5853477e-06
782463,608750,7187750,7.6054648e-06
782464,610250,7187750,7.6041715e-06
782465,611750,7187750,7.5884368e-06
782466,613250,7187750,7.9207994e-06
782467,614750,7187750,8.1956123e-06
782468,616250,7187750,8.1833268e-06
782469,617750,7187750,8.2896595e-06
782470,619250,7187750,8.491621e-06
782471,620750,7187750,8.6435757e-06
782472,622250,7187750,8.7420776e-06
782473,623750,7187750,8.6623277e-06
782474,625250,7187750,8.6017617e-06
782475,626750,7187750,8.5580787e-06
782476,628250,7187750,8.0386999e-06
782477,629750,7187750,7.5575431e-06
782478,631250,7187750,7.5199673e-06
782479,632750,7187750,8.1753515e-06
782480,634250,7187750,9.4968982e-06
782481,635750,7187750,9.6371423e-06
782482,637250,7187750,9.542664e-06
782483,638750,7187750,9.4974012e-06
782484,736250,7187750,9.1770371e-06
782485,737750,7187750,9.2026867e-06
782486,739250,7187750,8.9698315e-06
782487,740750,7187750,8.800489e-06
782488,742250,7187750,8.7312292e-06
782489,743750,7187750,8.8989191e-06
782490,745250,7187750,9.1490883e-06
782491,746750,7187750,9.0956346e-06
782492,748250,7187750,8.1508524e-06
782510,775250,7187750,3.7451975e-06
782511,776750,7187750,5.7008833e-06
782512,778250,7187750,7.3711012e-06
782513,779750,7187750,7.1965137e-06
782514,781250,7187750,7.1434552e-06
782515,782750,7187750,7.1957952e-06
782516,784250,7187750,7.3956007e-06
782517,785750,7187750,7.5785942e-06
782518,790250,7187750,8.434431e-06
782519,791750,7187750,8.471432e-06
782520,793250,7187750,8.4194862e-06
842625,794750,7187750,8.4970088e-06
782521,551750,7186250,8.3048189e-06
782522,553250,7186250,7.9849588e-06
782523,554750,7186250,7.7901823e-06
782524,556250,7186250,7.7354352e-06
782525,557750,7186250,7.5262178e-06
782526,559250,7186250,6.996263e-06
782527,596750,7186250,7.4497011e-06
782528,599750,7186250,7.4562395e-06
782529,601250,7186250,7.5359171e-06
782530,602750,7186250,7.4443128e-06
782531,604250,7186250,7.2528414e-06
782532,605750,7186250,7.3173601e-06
782533,607250,7186250,7.3747651e-06
782534,608750,7186250,7.3805131e-06
782535,610250,7186250,7.3475353e-06
782536,611750,7186250,7.2891239e-06
782537,613250,7186250,7.6950573e-06
782538,614750,7186250,8.0342452e-06
782539,616250,7186250,8.0520631e-06
782540,617750,7186250,8.0666478e-06
782541,619250,7186250,8.0815198e-06
782542,620750,7186250,8.2014321e-06
782543,622250,7186250,8.2905935e-06
782544,623750,7186250,8.2235611e-06
782545,625250,7186250,8.1767885e-06
782546,626750,7186250,8.1470444e-06
782547,628250,7186250,6.4515439e-06
782548,629750,7186250,4.8776146e-06
782549,631250,7186250,4.8501192e-06
782550,632750,7186250,6.2047361e-06
782551,634250,7186250,8.8545894e-06
782552,635750,7186250,9.1202783e-06
782553,637250,7186250,8.9790274e-06
782554,638750,7186250,9.1283246e-06
782555,655250,7186250,7.9884067e-06
782556,734750,7186250,9.1915499e-06
782557,736250,7186250,9.1075617e-06
782558,737750,7186250,9.1872389e-06
782559,739250,7186250,9.1909033e-06
782560,740750,7186250,9.1493757e-06
782561,742250,7186250,9.0571966e-06
782562,743750,7186250,9.0287458e-06
782563,745250,7186250,8.9924633e-06
782564,746750,7186250,8.1637127e-06
782565,748250,7186250,6.9792859e-06
782567,751250,7186250,4.5797387e-06
782568,752750,7186250,4.643668e-06
782584,776750,7186250,5.8839846e-06
782585,778250,7186250,7.3625515e-06
782586,779750,7186250,7.2433577e-06
782587,781250,7186250,7.2034113e-06
782588,782750,7186250,7.2261864e-06
782589,784250,7186250,7.4366972e-06
782590,785750,7186250,7.6247197e-06
782591,787250,7186250,7.6494352e-06
782592,788750,7186250,7.9207994e-06
782593,790250,7186250,8.4185522e-06
782594,791750,7186250,8.491621e-06
782595,793250,7186250,8.4986614e-06
782596,794750,7186250,8.5638267e-06
782597,551750,7184750,8.2996467e-06
782598,553250,7184750,7.9340907e-06
782599,554750,7184750,7.7584264e-06
782600,563750,7184750,7.0823353e-06
782601,596750,7184750,7.3963192e-06
782602,598250,7184750,7.4223276e-06
782603,599750,7184750,7.4499167e-06
782604,601250,7184750,7.5305288e-06
782605,602750,7184750,7.4614841e-06
782606,604250,7184750,7.305649e-06
782607,605750,7184750,7.3159231e-06
782608,607250,7184750,7.3362553e-06
782609,608750,7184750,7.3615456e-06
782610,610250,7184750,7.3576657e-06
782611,611750,7184750,7.3345313e-06
782612,613250,7184750,7.7227905e-06
782613,614750,7184750,8.0316586e-06
782614,616250,7184750,8.0172176e-06
782615,617750,7184750,8.0310838e-06
782616,619250,7184750,8.0647078e-06
782617,620750,7184750,8.1716162e-06
782618,622250,7184750,8.2441093e-06
782619,623750,7184750,8.1715443e-06
782620,625250,7184750,8.1389253e-06
782621,626750,7184750,8.1384223e-06
782622,628250,7184750,6.1981623e-06
782623,629750,7184750,4.4114381e-06
782624,631250,7184750,4.3679711e-06
782625,632750,7184750,5.8426149e-06
782626,634250,7184750,8.7069448e-06
782627,635750,7184750,9.0117901e-06
782628,637250,7184750,8.8997094e-06
782629,640250,7184750,9.1052625e-06
782630,646250,7184750,5.1578022e-06
782631,647750,7184750,5.0514118e-06
782632,649250,7184750,4.8674774e-06
782633,650750,7184750,4.7999629e-06
782634,658250,7184750,6.1769028e-06
782635,736250,7184750,9.0158856e-06
782636,737750,7184750,9.1832881e-06
782637,739250,7184750,9.5362702e-06
782638,740750,7184750,9.6847771e-06
782639,742250,7184750,9.5713312e-06
782640,743750,7184750,9.1845804e-06
782641,745250,7184750,8.6005402e-06
782642,746750,7184750,6.4781916e-06
782644,749750,7184750,4.3104292e-06
782645,751250,7184750,4.1197768e-06
782647,754250,7184750,4.0029977e-06
782663,778250,7184750,7.3236106e-06
782664,779750,7184750,7.2226662e-06
782665,781250,7184750,7.1787676e-06
782666,782750,7184750,7.1767417e-06
782667,784250,7184750,7.5061726e-06
782668,785750,7184750,7.7935592e-06
782669,787250,7184750,7.8370977e-06
782670,788750,7184750,8.0254795e-06
782671,790250,7184750,8.3390905e-06
782672,791750,7184750,8.3976456e-06
782673,793250,7184750,8.4006624e-06
782674,794750,7184750,8.3383002e-06
782675,796250,7184750,7.4195259e-06
842781,797750,7184750,5.6302079e-06
782676,551750,7183250,8.2933957e-06
782677,553250,7183250,7.9074362e-06
782678,554750,7183250,7.7371596e-06
782679,556250,7183250,7.8030425e-06
782680,557750,7183250,7.639017e-06
782681,562250,7183250,6.7553256e-06
782682,563750,7183250,7.204992e-06
782683,593750,7183250,2.987568e-06
782684,596750,7183250,7.3228921e-06
782685,598250,7183250,7.3596057e-06
782686,599750,7183250,7.398331e-06
782687,601250,7183250,7.4790864e-06
782688,602750,7183250,7.446612e-06
782689,604250,7183250,7.3489723e-06
782690,605750,7183250,7.3139113e-06
782691,607250,7183250,7.3029905e-06
782692,608750,7183250,7.3468887e-06
782693,610250,7183250,7.3738315e-06
782694,611750,7183250,7.3903561e-06
782695,613250,7183250,7.7503073e-06
782696,614750,7183250,8.0214568e-06
782697,616250,7183250,7.9762649e-06
782698,617750,7183250,8.0047166e-06
782699,619250,7183250,8.0855434e-06
782700,620750,7183250,8.1882126e-06
782701,622250,7183250,8.252443e-06
782702,623750,7183250,8.1818898e-06
782703,625250,7183250,8.170754e-06
782704,626750,7183250,8.2076831e-06
782705,628250,7183250,6.2219578e-06
782706,629750,7183250,4.4325825e-06
782707,631250,7183250,4.3994687e-06
782708,632750,7183250,5.8775472e-06
782709,634250,7183250,8.6853906e-06
782710,635750,7183250,9.0202675e-06
782711,637250,7183250,8.9630776e-06
782712,640250,7183250,9.0664653e-06
782713,641750,7183250,9.102173e-06
782714,644750,7183250,8.1805247e-06
782715,650750,7183250,7.6972128e-06
782716,655250,7183250,7.7544746e-06
782717,664250,7183250,6.5594286e-06
782718,665750,7183250,6.5101131e-06
782719,736250,7183250,9.0073354e-06
782720,737750,7183250,9.1642487e-06
782721,739250,7183250,9.5113392e-06
782722,740750,7183250,9.6841304e-06
782723,742250,7183250,9.633407e-06
782724,743750,7183250,9.1567044e-06
782725,745250,7183250,8.3838504e-06
782726,746750,7183250,5.9000922e-06
782727,748250,7183250,4.3340092e-06
782729,751250,7183250,3.9727574e-06
782745,775250,7183250,6.3770817e-06
782746,776750,7183250,6.5852432e-06
782747,778250,7183250,6.7836545e-06
782748,779750,7183250,7.0609394e-06
782749,781250,7183250,7.1503455e-06
782750,782750,7183250,7.1374634e-06
782751,784250,7183250,7.566955e-06
782752,785750,7183250,7.925757e-06
782753,787250,7183250,7.9699421e-06
782754,788750,7183250,8.0873397e-06
782755,790250,7183250,8.2555325e-06
782756,791750,7183250,8.3079085e-06
782757,793250,7183250,8.2955512e-06
782758,794750,7183250,8.1000562e-06
782759,796250,7183250,7.995448e-06
842866,797750,7183250,7.966566e-06
842867,799250,7183250,5.3373756e-06
782760,551750,7181750,8.2855649e-06
782761,553250,7181750,7.9327256e-06
782762,554750,7181750,7.736513e-06
782763,556250,7181750,7.7093546e-06
782764,557750,7181750,7.5471253e-06
782765,559250,7181750,7.1083077e-06
782766,563750,7181750,6.7155584e-06
782767,578750,7181750,6.3104799e-06
782768,581750,7181750,2.8566205e-06
782769,583250,7181750,5.6690192e-06
782770,596750,7181750,7.0239817e-06
782771,598250,7181750,7.0432293e-06
782772,599750,7181750,7.0743245e-06
782773,601250,7181750,7.1302352e-06
782774,602750,7181750,7.1843142e-06
782775,604250,7181750,7.2353828e-06
782776,605750,7181750,7.2338739e-06
782777,607250,7181750,7.2372509e-06
782778,608750,7181750,7.2566495e-06
782779,610250,7181750,7.2595953e-06
782780,611750,7181750,7.2528414e-06
782781,613250,7181750,7.4989161e-06
782782,614750,7181750,7.6855022e-06
782783,616250,7181750,7.6700544e-06
782784,617750,7181750,7.6921115e-06
782785,619250,7181750,7.7403211e-06
782786,620750,7181750,7.8176281e-06
782787,622250,7181750,7.9090169e-06
782788,623750,7181750,8.0325208e-06
782789,625250,7181750,8.0544341e-06
782790,626750,7181750,8.0025611e-06
782791,628250,7181750,5.9946929e-06
782792,629750,7181750,4.4992203e-06
782793,631250,7181750,5.6698459e-06
782794,632750,7181750,6.9640041e-06
782795,634250,7181750,8.3996565e-06
782796,635750,7181750,8.56318e-06
782797,637250,7181750,8.5464399e-06
782798,638750,7181750,8.6118916e-06
782799,640250,7181750,8.6745422e-06
782800,646250,7181750,8.291312e-06
782801,647750,7181750,8.1822491e-06
782802,649250,7181750,7.994945e-06
782803,652250,7181750,7.9435749e-06
782804,653750,7181750,7.727891e-06
782805,655250,7181750,7.6178221e-06
782806,656750,7181750,7.6349215e-06
782807,658250,7181750,7.4339669e-06
782808,659750,7181750,7.2123921e-06
782809,661250,7181750,7.3215269e-06
782810,662750,7181750,7.2879748e-06
782811,664250,7181750,7.0661627e-06
842920,665750,7181750,7.0634901e-06
782812,728750,7181750,7.0204396e-06
782813,731750,7181750,9.9438557e-06
782814,733250,7181750,9.691028e-06
782815,734750,7181750,9.0515214e-06
782816,736250,7181750,9.0132989e-06
782817,737750,7181750,9.1378806e-06
782818,739250,7181750,9.398037e-06
782819,740750,7181750,9.5495616e-06
782820,742250,7181750,9.5698224e-06
782821,743750,7181750,9.0735775e-06
782822,745250,7181750,8.2380739e-06
782823,746750,7181750,5.7544594e-06
782824,748250,7181750,4.2634342e-06
782825,749750,7181750,4.0824239e-06
782826,751250,7181750,3.9804522e-06
782842,775250,7181750,4.5837837e-06
782843,776750,7181750,4.6764012e-06
782844,778250,7181750,5.175455e-06
782845,779750,7181750,6.5871973e-06
782846,781250,7181750,7.1149175e-06
782847,782750,7181750,7.1320533e-06
782848,784250,7181750,7.5826892e-06
782849,785750,7181750,7.9130396e-06
782850,787250,7181750,7.8582207e-06
782851,788750,7181750,7.9713072e-06
782852,790250,7181750,8.1958278e-06
782853,791750,7181750,8.269255e-06
782854,793250,7181750,8.2637234e-06
782855,794750,7181750,8.0519194e-06
782856,796250,7181750,7.9794263e-06
782857,797750,7181750,8.0139844e-06
782858,799250,7181750,6.8136146e-06
782859,553250,7180250,7.9679303e-06
782860,554750,7180250,7.392583e-06
782861,556250,7180250,6.5604704e-06
782862,557750,7180250,6.8616946e-06
782863,560750,7180250,4.0923674e-06
782864,574250,7180250,7.9136144e-06
782865,575750,7180250,7.8658368e-06
782866,578750,7180250,7.698075e-06
782867,596750,7180250,6.8227464e-06
782868,598250,7180250,6.8466138e-06
782869,599750,7180250,6.8685986e-06
782870,601250,7180250,6.8879617e-06
782871,602750,7180250,7.0041447e-06
782872,604250,7180250,7.1701174e-06
782873,605750,7180250,7.177417e-06
782874,607250,7180250,7.1790623e-06
782875,608750,7180250,7.1733721e-06
782876,610250,7180250,7.1571849e-06
782877,611750,7180250,7.1345535e-06
782878,613250,7180250,7.3155638e-06
782879,614750,7180250,7.4481927e-06
782880,616250,7180250,7.4368409e-06
782881,617750,7180250,7.441367e-06
782882,619250,7180250,7.4560958e-06
782883,620750,7180250,7.5048074e-06
782884,622250,7180250,7.6162419e-06
782885,623750,7180250,7.9028378e-06
782886,625250,7180250,7.8423427e-06
782888,628250,7180250,5.6656354e-06
782889,629750,7180250,4.5810966e-06
782890,631250,7180250,6.8519016e-06
782891,632750,7180250,7.9537767e-06
782892,634250,7180250,8.105445e-06
782893,635750,7180250,8.1201733e-06
782894,637250,7180250,8.1300168e-06
782895,638750,7180250,8.1992766e-06
782896,643250,7180250,8.1560247e-06
782897,646250,7180250,8.0222471e-06
782898,647750,7180250,7.9201527e-06
782899,649250,7180250,7.7553368e-06
782900,650750,7180250,7.6821971e-06
782901,652250,7180250,7.6230672e-06
782902,653750,7180250,7.5235598e-06
782903,655250,7180250,7.4602626e-06
782904,656750,7180250,7.4405048e-06
782905,658250,7180250,7.2332991e-06
782906,659750,7180250,7.0175224e-06
782907,661250,7180250,7.096216e-06
782908,662750,7180250,7.0305409e-06
782909,664250,7180250,6.7835467e-06
843019,665750,7180250,6.8025142e-06
782910,668750,7180250,6.4850028e-06
782911,728750,7180250,8.7978306e-06
782912,730250,7180250,9.8028931e-06
782913,731750,7180250,9.9589433e-06
782914,733250,7180250,9.7911097e-06
782915,734750,7180250,9.3085164e-06
782916,736250,7180250,9.2728806e-06
782917,737750,7180250,9.3331601e-06
782918,739250,7180250,9.4215311e-06
782919,740750,7180250,8.7975432e-06
782920,742250,7180250,7.435835e-06
782921,743750,7180250,6.8236227e-06
782922,745250,7180250,6.2828694e-06
782926,751250,7180250,3.8753406e-06
782943,776750,7180250,3.6468109e-06
782944,778250,7180250,4.3557789e-06
782945,779750,7180250,6.4824162e-06
782946,781250,7180250,7.2301382e-06
782947,782750,7180250,7.2304256e-06
782948,784250,7180250,7.6987935e-06
782949,785750,7180250,8.0124755e-06
782950,787250,7180250,7.9137581e-06
782951,788750,7180250,7.9808633e-06
782952,790250,7180250,8.1624194e-06
782953,791750,7180250,8.2310326e-06
782954,793250,7180250,8.2211182e-06
782955,794750,7180250,8.00407e-06
782956,796250,7180250,7.8039047e-06
782957,797750,7180250,7.6625829e-06
782958,799250,7180250,7.7394589e-06
782959,800750,7180250,7.1630334e-06
782960,551750,7178750,8.310064e-06
782961,557750,7178750,5.4998136e-06
782962,559250,7178750,6.9331027e-06
782963,575750,7178750,7.8668427e-06
782964,583250,7178750,7.0680308e-06
782965,584750,7178750,7.4682375e-06
782966,586250,7178750,7.4763566e-06
782967,590750,7178750,6.9817934e-06
782968,592250,7178750,6.9940575e-06
782969,595250,7178750,6.8999097e-06
782970,599750,7178750,6.9404241e-06
782971,601250,7178750,6.9049534e-06
782972,602750,7178750,7.0265246e-06
782973,604250,7178750,7.2266175e-06
782974,605750,7178750,7.1837899e-06
782975,607250,7178750,7.1431318e-06
782976,608750,7178750,7.1115624e-06
782977,610250,7178750,7.0923579e-06
782978,611750,7178750,7.0798205e-06
782979,613250,7178750,7.3711012e-06
782980,614750,7178750,7.5604885e-06
782981,616250,7178750,7.4754221e-06
782982,617750,7178750,7.4377749e-06
782983,619250,7178750,7.4298e-06
782984,620750,7178750,7.4505633e-06
782985,622250,7178750,7.5484904e-06
782986,623750,7178750,7.8560652e-06
782987,625250,7178750,7.1083437e-06
782989,628250,7178750,4.7353587e-06
782990,629750,7178750,4.6056034e-06
782991,631250,7178750,6.8543086e-06
782992,632750,7178750,7.9422098e-06
782993,634250,7178750,8.1235503e-06
782994,635750,7178750,8.1593298e-06
782995,637250,7178750,8.1834705e-06
782996,638750,7178750,8.2354154e-06
782997,640250,7178750,7.2856037e-06
782998,641750,7178750,5.495639e-06
782999,643250,7178750,6.7123542e-06
783000,646250,7178750,8.0508416e-06
783001,647750,7178750,7.941132e-06
783002,649250,7178750,7.745637e-06
783003,650750,7178750,7.6920396e-06
783004,652250,7178750,7.6437591e-06
783005,653750,7178750,7.4779368e-06
783006,655250,7178750,7.394523e-06
783007,656750,7178750,7.3977562e-06
783008,658250,7178750,7.2435732e-06
783009,659750,7178750,7.0767242e-06
783010,661250,7178750,7.0846486e-06
783011,662750,7178750,6.9849975e-06
783012,664250,7178750,6.7548367e-06
783013,730250,7178750,9.1082084e-06
783014,731750,7178750,9.7585635e-06
783015,733250,7178750,9.8753144e-06
783016,734750,7178750,9.5539444e-06
783017,736250,7178750,9.510477e-06
783018,737750,7178750,9.5069563e-06
783019,739250,7178750,9.4474672e-06
783020,740750,7178750,8.1207481e-06
783021,742250,7178750,5.4765637e-06
783022,743750,7178750,4.6189239e-06
783024,746750,7178750,4.279068e-06
783047,781250,7178750,7.5466942e-06
783048,782750,7178750,7.4791583e-06
783049,784250,7178750,7.97763e-06
783050,785750,7178750,8.3194764e-06
783051,787250,7178750,8.3046752e-06
783052,788750,7178750,8.2488505e-06
783053,790250,7178750,8.1798062e-06
783054,791750,7178750,8.1906555e-06
783055,793250,7178750,8.1489843e-06
783056,794750,7178750,7.9597403e-06
783057,796250,7178750,6.9771158e-06
783059,551750,7177250,8.2212619e-06
783060,553250,7177250,7.9506872e-06
783061,554750,7177250,6.3121756e-06
783062,556250,7177250,3.2741139e-06
783063,575750,7177250,6.7969177e-06
783064,580250,7177250,7.5270082e-06
783065,584750,7177250,7.4182326e-06
783066,586250,7177250,7.4257764e-06
783067,589250,7177250,6.9939351e-06
783068,590750,7177250,7.0302322e-06
783069,592250,7177250,7.0282995e-06
783070,593750,7177250,6.9614894e-06
783071,596750,7177250,6.9152775e-06
783072,598250,7177250,6.9423422e-06
783073,599750,7177250,6.9438365e-06
783074,601250,7177250,6.8952395e-06
783075,602750,7177250,6.9828207e-06
783076,604250,7177250,7.1388931e-06
783077,605750,7177250,7.0792171e-06
783078,607250,7177250,7.039062e-06
783079,608750,7177250,7.0406354e-06
783080,610250,7177250,7.044508e-06
783081,611750,7177250,7.0498963e-06
783082,613250,7177250,7.3509841e-06
783083,614750,7177250,7.5380726e-06
783084,616250,7177250,7.4295126e-06
783085,617750,7177250,7.3793635e-06
783086,619250,7177250,7.3649221e-06
783087,620750,7177250,7.379148e-06
783088,622250,7177250,7.4687405e-06
783089,623750,7177250,7.7579234e-06
783090,625250,7177250,6.7217011e-06
783091,626750,7177250,4.7720723e-06
783092,628250,7177250,4.3025475e-06
783093,629750,7177250,4.5238135e-06
783094,631250,7177250,6.4305573e-06
783095,632750,7177250,7.3703109e-06
783096,634250,7177250,7.5737803e-06
783097,635750,7177250,7.9039155e-06
783098,637250,7177250,8.1598328e-06
783099,638750,7177250,8.1756389e-06
783100,640250,7177250,6.6262892e-06
783101,643250,7177250,5.7792895e-06
783102,649250,7177250,7.6903871e-06
783103,650750,7177250,7.6610741e-06
783104,652250,7177250,7.6298211e-06
783105,653750,7177250,7.4149275e-06
783106,655250,7177250,7.3195151e-06
783107,656750,7177250,7.3482538e-06
783108,658250,7177250,7.2521948e-06
783109,659750,7177250,7.1386412e-06
783110,661250,7177250,7.085087e-06
783111,662750,7177250,6.9624089e-06
783112,664250,7177250,6.7609512e-06
783113,665750,7177250,6.751568e-06
783114,667250,7177250,6.7697524e-06
783115,730250,7177250,6.148337e-06
783116,731750,7177250,8.7792941e-06
783117,733250,7177250,9.8750988e-06
783118,734750,7177250,9.7238617e-06
783119,736250,7177250,9.635346e-06
783120,737750,7177250,9.5619189e-06
783121,739250,7177250,9.4988382e-06
783122,740750,7177250,8.8463994e-06
783123,742250,7177250,7.6014412e-06
783124,743750,7177250,5.7953976e-06
783125,745250,7177250,4.2365059e-06
783150,782750,7177250,7.6338438e-06
783151,784250,7177250,8.1120552e-06
783152,785750,7177250,8.4426929e-06
783153,787250,7177250,8.4745925e-06
783154,788750,7177250,8.3685472e-06
783155,790250,7177250,8.1887874e-06
783156,791750,7177250,8.1754233e-06
783157,793250,7177250,8.1143544e-06
783158,794750,7177250,7.9366773e-06
783159,796250,7177250,6.4142628e-06
783162,554750,7175750,6.2089466e-06
783163,559250,7175750,7.0319493e-06
783164,571250,7175750,6.1710043e-06
783165,580250,7175750,7.3183655e-06
783166,583250,7175750,7.3596057e-06
783167,586250,7175750,7.3301485e-06
783168,587750,7175750,7.2224507e-06
783169,589250,7175750,7.0840019e-06
783170,592250,7175750,7.0684905e-06
783171,593750,7175750,6.988324e-06
783172,595250,7175750,6.9574444e-06
783173,599750,7175750,6.8658255e-06
783174,601250,7175750,6.8534969e-06
783175,602750,7175750,6.8521244e-06
783176,604250,7175750,6.857822e-06
783177,605750,7175750,6.8240538e-06
783178,607250,7175750,6.8405138e-06
783179,608750,7175750,6.9582129e-06
783180,610250,7175750,7.0224869e-06
783181,611750,7175750,7.0589276e-06
783182,613250,7175750,7.2037706e-06
783183,614750,7175750,7.2913513e-06
783184,616250,7175750,7.2384005e-06
783185,617750,7175750,7.2224507e-06
783186,619250,7175750,7.2281982e-06
783187,620750,7175750,7.2754015e-06
783188,622250,7175750,7.3624078e-06
783189,623750,7175750,7.548706e-06
783190,625250,7175750,7.1638383e-06
783191,626750,7175750,6.3894827e-06
783192,628250,7175750,5.0199933e-06
783193,629750,7175750,4.1564549e-06
783194,631250,7175750,4.8501406e-06
783195,632750,7175750,5.2157898e-06
783196,634250,7175750,5.3345593e-06
783197,635750,7175750,6.7382116e-06
783198,637250,7175750,7.8795592e-06
783199,638750,7175750,7.7778968e-06
783200,640250,7175750,7.1368813e-06
783201,641750,7175750,6.0350994e-06
783202,646250,7175750,7.7503792e-06
783203,647750,7175750,7.6155234e-06
783204,649250,7175750,7.3608271e-06
783205,650750,7175750,7.3264123e-06
783206,652250,7175750,7.3046431e-06
783207,653750,7175750,7.1713821e-06
783208,655250,7175750,7.1076829e-06
783209,656750,7175750,7.1137824e-06
783210,658250,7175750,7.0113292e-06
783211,659750,7175750,6.9052408e-06
783212,661250,7175750,6.8993995e-06
783213,662750,7175750,6.8310014e-06
783214,664250,7175750,6.6946222e-06
783215,665750,7175750,6.7090205e-06
783216,668750,7175750,6.6066032e-06
783217,727250,7175750,8.9615687e-06
783218,728750,7175750,6.7048677e-06
783219,731750,7175750,8.5354468e-06
783220,733250,7175750,9.9026156e-06
783221,734750,7175750,9.9150448e-06
783222,736250,7175750,9.3555036e-06
783223,737750,7175750,8.9745736e-06
783224,739250,7175750,9.3339504e-06
783225,740750,7175750,9.2126729e-06
783226,742250,7175750,8.740928e-06
783227,743750,7175750,6.4230207e-06
783254,784250,7175750,8.1173721e-06
783255,785750,7175750,8.3882333e-06
783256,787250,7175750,8.4124458e-06
783257,788750,7175750,8.33169e-06
783258,790250,7175750,8.199564e-06
783259,791750,7175750,8.1964026e-06
783260,793250,7175750,8.13325e-06
783261,794750,7175750,7.9460897e-06
783262,796250,7175750,6.4067331e-06
783264,551750,7174250,8.0550808e-06
783265,554750,7174250,6.816927e-06
783266,556250,7174250,5.0365106e-06
783267,574250,7174250,7.2020462e-06
783268,575750,7174250,4.296699e-06
783269,580250,7174250,7.2637622e-06
783270,583250,7174250,7.2860348e-06
783271,584750,7174250,7.2734615e-06
783272,586250,7174250,7.2682169e-06
783273,589250,7174250,7.1115264e-06
783274,590750,7174250,7.1062027e-06
783275,592250,7174250,7.0625201e-06
783276,593750,7174250,6.9579255e-06
783277,595250,7174250,6.9137113e-06
783278,596750,7174250,6.8931272e-06
783279,598250,7174250,6.8460604e-06
783280,599750,7174250,6.8194918e-06
783281,601250,7174250,6.8297873e-06
783282,602750,7174250,6.8043032e-06
783283,604250,7174250,6.7622586e-06
783284,605750,7174250,6.7184969e-06
783285,607250,7174250,6.7454612e-06
783286,608750,7174250,6.9099465e-06
783287,610250,7174250,7.0057899e-06
783288,611750,7174250,7.0665651e-06
783289,613250,7174250,7.1215059e-06
783290,614750,7174250,7.1568616e-06
783291,616250,7174250,7.1482832e-06
783292,617750,7174250,7.1661657e-06
783293,619250,7174250,7.1986692e-06
783294,620750,7174250,7.2291323e-06
783295,622250,7174250,7.2942971e-06
783296,623750,7174250,7.4415825e-06
783297,625250,7174250,7.4286504e-06
783298,626750,7174250,7.3154201e-06
783300,629750,7174250,3.9188294e-06
783301,631250,7174250,3.9049914e-06
783302,632750,7174250,3.9307415e-06
783304,635750,7174250,6.0618909e-06
783305,637250,7174250,7.7276036e-06
783306,638750,7174250,7.5236312e-06
783307,640250,7174250,7.4776494e-06
783308,641750,7174250,7.5507892e-06
783309,643250,7174250,7.5583334e-06
783310,644750,7174250,7.5563216e-06
783311,647750,7174250,7.3949541e-06
783312,649250,7174250,7.1237978e-06
783313,650750,7174250,7.0869551e-06
783314,652250,7174250,7.0719893e-06
783315,653750,7174250,6.9984399e-06
783316,655250,7174250,6.9519697e-06
783317,656750,7174250,6.9314719e-06
783318,658250,7174250,6.8250383e-06
783319,659750,7174250,6.7282108e-06
783320,661250,7174250,6.7617343e-06
783321,662750,7174250,6.7339797e-06
783322,664250,7174250,6.6438915e-06
783323,665750,7174250,6.6700582e-06
843434,667250,7174250,6.7010956e-06
783324,668750,7174250,6.5991167e-06
783325,674750,7174250,6.6654384e-06
783326,676250,7174250,6.6915327e-06
783327,722750,7174250,1.0043076e-05
783328,724250,7174250,9.763593e-06
783329,730250,7174250,8.4528237e-06
783330,731750,7174250,9.441289e-06
783331,733250,7174250,9.9771205e-06
783332,734750,7174250,1.014323e-05
783333,736250,7174250,8.1396438e-06
783334,737750,7174250,6.8586842e-06
783336,740750,7174250,8.3741515e-06
783337,742250,7174250,6.5441682e-06
783365,784250,7174250,6.5815284e-06
783367,787250,7174250,6.8724426e-06
783368,788750,7174250,7.3984029e-06
783369,790250,7174250,8.0619775e-06
783370,791750,7174250,8.140506e-06
783371,793250,7174250,8.1142107e-06
783372,794750,7174250,7.9001074e-06
783375,551750,7172750,8.0762038e-06
783376,553250,7172750,7.8562807e-06
783377,568250,7172750,6.9455755e-06
783378,569750,7172750,5.8657783e-06
783379,572750,7172750,5.0669091e-06
783380,575750,7172750,4.2848014e-06
783381,581750,7172750,7.2437169e-06
783382,583250,7172750,7.2269049e-06
783383,584750,7172750,7.2187863e-06
783384,586250,7172750,7.2229536e-06
783385,587750,7172750,7.1724667e-06
783386,589250,7172750,7.106411e-06
783387,590750,7172750,7.0925735e-06
783388,592250,7172750,7.0306487e-06
783389,593750,7172750,6.8945283e-06
783390,595250,7172750,6.8279119e-06
783391,596750,7172750,6.7902647e-06
783392,598250,7172750,6.7869164e-06
783393,599750,7172750,6.7935621e-06
783394,601250,7172750,6.8180188e-06
783395,602750,7172750,6.8150298e-06
783396,604250,7172750,6.7984479e-06
783397,605750,7172750,6.7222186e-06
783398,607250,7172750,6.7278802e-06
783399,608750,7172750,6.8873437e-06
783400,610250,7172750,6.9933462e-06
783401,611750,7172750,7.0729593e-06
783402,613250,7172750,7.0969559e-06
783403,614750,7172750,7.1229001e-06
783404,616250,7172750,7.1518971e-06
783405,617750,7172750,7.2070752e-06
783406,619250,7172750,7.2762637e-06
783407,620750,7172750,7.2408434e-06
783408,622250,7172750,7.2692228e-06
783409,623750,7172750,7.4503478e-06
783410,625250,7172750,7.4696745e-06
783411,626750,7172750,7.3915053e-06
783417,635750,7172750,6.1046467e-06
783418,637250,7172750,7.7823506e-06
783419,638750,7172750,7.5106273e-06
783420,640250,7172750,7.4699619e-06
783421,641750,7172750,7.5967714e-06
783422,643250,7172750,7.5778757e-06
783423,644750,7172750,7.5413059e-06
783424,646250,7172750,7.4962577e-06
783425,647750,7172750,7.3443025e-06
783426,649250,7172750,7.1050817e-06
783427,650750,7172750,7.0828887e-06
783428,652250,7172750,7.0768247e-06
783429,653750,7172750,7.0165524e-06
783430,655250,7172750,6.962021e-06
783431,656750,7172750,6.9133162e-06
783432,658250,7172750,6.8213958e-06
783433,659750,7172750,6.7494557e-06
783434,661250,7172750,6.8049858e-06
783435,662750,7172750,6.7731507e-06
783436,664250,7172750,6.6563207e-06
783437,665750,7172750,6.6469593e-06
843549,667250,7172750,6.6503071e-06
783438,668750,7172750,6.5974714e-06
783439,670250,7172750,6.0947823e-06
783440,721250,7172750,8.1882126e-06
783441,722750,7172750,9.8513892e-06
783442,724250,7172750,9.6183185e-06
783443,728750,7172750,7.8058447e-06
783444,730250,7172750,9.8021746e-06
783445,731750,7172750,9.8626688e-06
783446,733250,7172750,1.0021091e-05
783447,734750,7172750,1.0247551e-05
783448,736250,7172750,7.4216809e-06
783450,739250,7172750,7.4820323e-06
783454,745250,7172750,4.3795312e-06
783484,790250,7172750,7.827327e-06
783485,791750,7172750,8.0327363e-06
783486,793250,7172750,8.06363e-06
783491,551750,7171250,7.9077954e-06
783492,553250,7171250,7.7068398e-06
783493,554750,7171250,7.5787375e-06
783494,559250,7171250,4.8929469e-06
783495,568250,7171250,7.07357e-06
783496,569750,7171250,5.8922251e-06
783497,571250,7171250,3.13226e-06
783498,575750,7171250,5.5177179e-06
783499,581750,7171250,7.2305693e-06
783500,583250,7171250,7.1700529e-06
783501,584750,7171250,7.127182e-06
783502,586250,7171250,7.1081354e-06
783503,587750,7171250,7.0948222e-06
783504,589250,7171250,7.0821484e-06
783505,590750,7171250,7.0631736e-06
783506,592250,7171250,7.0088936e-06
783507,593750,7171250,6.9010448e-06
783508,595250,7171250,6.827438e-06
783509,596750,7171250,6.7693645e-06
783510,598250,7171250,6.7520132e-06
783511,599750,7171250,6.7491897e-06
783512,601250,7171250,6.7698675e-06
783513,602750,7171250,6.754341e-06
783514,604250,7171250,6.7233823e-06
783515,605750,7171250,6.6752668e-06
783516,607250,7171250,6.7137194e-06
783517,608750,7171250,6.9104567e-06
783518,610250,7171250,7.0027004e-06
783519,611750,7171250,7.0463543e-06
783520,613250,7171250,7.0009546e-06
783521,614750,7171250,6.9822604e-06
783522,616250,7171250,7.0150654e-06
783523,617750,7171250,7.0990609e-06
783524,619250,7171250,7.209087e-06
783525,620750,7171250,7.1821232e-06
783526,622250,7171250,7.2383286e-06
783527,623750,7171250,7.4867739e-06
783528,625250,7171250,7.0588917e-06
783534,634250,7171250,3.8560352e-06
783535,635750,7171250,5.4365023e-06
783536,637250,7171250,6.8171639e-06
783537,638750,7171250,7.2635466e-06
783538,640250,7171250,7.5024368e-06
783539,641750,7171250,7.6112842e-06
783540,644750,7171250,7.5047355e-06
783541,646250,7171250,7.4193104e-06
783542,647750,7171250,7.2833764e-06
783543,649250,7171250,7.1062386e-06
783544,650750,7171250,7.0837077e-06
783545,652250,7171250,7.0686342e-06
783546,653750,7171250,7.00801e-06
783547,655250,7171250,6.9457619e-06
783548,656750,7171250,6.881804e-06
783549,658250,7171250,6.8167183e-06
783550,659750,7171250,6.7744222e-06
783551,661250,7171250,6.8339546e-06
783552,662750,7171250,6.7883175e-06
783553,664250,7171250,6.6443154e-06
783554,665750,7171250,6.6058055e-06
783555,667250,7171250,6.5884328e-06
783556,668750,7171250,6.5759032e-06
783557,670250,7171250,6.5649897e-06
783558,722750,7171250,9.8662613e-06
783559,725750,7171250,9.2896926e-06
783560,727250,7171250,8.7626977e-06
783561,728750,7171250,9.296662e-06
783562,730250,7171250,9.7764532e-06
783563,731750,7171250,9.8784039e-06
783564,733250,7171250,1.0028922e-05
783565,734750,7171250,1.0211844e-05
783566,736250,7171250,7.3343876e-06
783569,740750,7171250,5.5336245e-06
783603,791750,7171250,7.4418699e-06
783604,793250,7171250,8.0128348e-06
783608,551750,7169750,7.7454933e-06
783609,553250,7169750,7.5539506e-06
783610,554750,7169750,7.4629211e-06
783611,556250,7169750,7.4661539e-06
783612,559250,7169750,6.8584327e-06
783613,566750,7169750,6.9211042e-06
783614,568250,7169750,7.0180181e-06
783615,569750,7169750,5.8192722e-06
783616,571250,7169750,3.1581176e-06
783617,578750,7169750,7.0547967e-06
783618,580250,7169750,7.1485133e-06
783619,581750,7169750,7.2256835e-06
783620,583250,7169750,7.1130785e-06
783621,584750,7169750,7.0276315e-06
783622,586250,7169750,6.9780572e-06
783623,587750,7169750,7.0064939e-06
783624,589250,7169750,7.0533883e-06
783625,590750,7169750,7.0299016e-06
783626,592250,7169750,6.9903213e-06
783627,593750,7169750,6.9267298e-06
783628,595250,7169750,6.8503568e-06
783629,596750,7169750,6.771606e-06
783630,598250,7169750,6.7238925e-06
783631,599750,7169750,6.6988541e-06
783632,601250,7169750,6.7096671e-06
783633,602750,7169750,6.6688581e-06
783634,604250,7169750,6.6096709e-06
783635,605750,7169750,6.6104108e-06
783636,607250,7169750,6.7016417e-06
783637,608750,7169750,6.9526236e-06
783638,610250,7169750,7.0202095e-06
783639,611750,7169750,7.0041374e-06
783640,613250,7169750,6.8716881e-06
783641,614750,7169750,6.7912129e-06
783642,616250,7169750,6.8093541e-06
783643,617750,7169750,6.9158309e-06
783644,619250,7169750,7.0659185e-06
783645,620750,7169750,7.0859346e-06
783646,622250,7169750,7.2052794e-06
783647,623750,7169750,7.5407311e-06
783655,635750,7169750,4.1649037e-06
783657,638750,7169750,6.830714e-06
783658,640250,7169750,7.5699727e-06
783659,641750,7169750,7.5930352e-06
783660,643250,7169750,7.5306007e-06
783661,644750,7169750,7.445175e-06
783662,646250,7169750,7.3122587e-06
783663,647750,7169750,7.2115299e-06
783664,649250,7169750,7.1322902e-06
783665,650750,7169750,7.0899296e-06
783666,652250,7169750,7.0425754e-06
783667,653750,7169750,6.9618845e-06
783668,655250,7169750,6.8920713e-06
783669,656750,7169750,6.8307718e-06
783670,658250,7169750,6.8104891e-06
783671,659750,7169750,6.8044687e-06
783672,661250,7169750,6.8363038e-06
783673,662750,7169750,6.7590254e-06
783674,664250,7169750,6.5845747e-06
783675,665750,7169750,6.5283116e-06
843788,667250,7169750,6.4999681e-06
843789,668750,7169750,6.5052777e-06
783676,670250,7169750,6.5019372e-06
783677,674750,7169750,6.4038518e-06
783678,722750,7169750,9.3155577e-06
783679,725750,7169750,9.2380351e-06
783680,727250,7169750,9.2512546e-06
783681,728750,7169750,9.4572388e-06
783682,730250,7169750,9.6274434e-06
783683,731750,7169750,9.7270231e-06
783684,733250,7169750,9.8450664e-06
783685,734750,7169750,9.9752524e-06
783686,736250,7169750,8.0338859e-06
783687,737750,7169750,6.2306085e-06
783689,740750,7169750,4.8031243e-06
783721,788750,7169750,4.1033027e-06
783723,791750,7169750,6.7146461e-06
783724,793250,7169750,7.9655601e-06
783725,794750,7169750,7.8340809e-06
783726,796250,7169750,6.1469646e-06
783729,551750,7168250,7.7442e-06
783730,553250,7168250,7.4813856e-06
783731,554750,7168250,7.3670776e-06
783732,556250,7168250,7.3901406e-06
783733,557750,7168250,7.1084733e-06
783734,568250,7168250,7.1138329e-06
783735,577250,7168250,6.9966295e-06
783736,578750,7168250,7.1301492e-06
783737,580250,7168250,7.1862396e-06
783738,581750,7168250,7.2089433e-06
783739,583250,7168250,7.1289278e-06
783740,584750,7168250,7.053683e-06
783741,586250,7168250,6.9852636e-06
783742,587750,7168250,6.9847028e-06
783743,589250,7168250,7.0044894e-06
783744,590750,7168250,7.0100864e-06
783745,592250,7168250,6.9804064e-06
783746,593750,7168250,6.9012963e-06
783747,595250,7168250,6.8493582e-06
783748,596750,7168250,6.8054314e-06
783749,598250,7168250,6.7473866e-06
783750,599750,7168250,6.7139704e-06
783751,601250,7168250,6.718662e-06
783752,602750,7168250,6.6808352e-06
783753,604250,7168250,6.6286743e-06
783754,605750,7168250,6.6315411e-06
783755,607250,7168250,6.7276142e-06
783756,608750,7168250,6.9821167e-06
783757,610250,7168250,7.0395649e-06
783758,611750,7168250,7.0087858e-06
783759,613250,7168250,6.8730892e-06
783760,614750,7168250,6.7830797e-06
783761,616250,7168250,6.7789629e-06
783762,617750,7168250,6.9099392e-06
783763,619250,7168250,7.1050099e-06
783764,620750,7168250,7.1063319e-06
783765,622250,7168250,7.2109551e-06
783766,623750,7168250,7.5277985e-06
783775,637250,7168250,5.5785358e-06
783776,638750,7168250,7.0172496e-06
783777,640250,7168250,7.5818989e-06
783778,641750,7168250,7.573924e-06
783779,643250,7168250,7.4620589e-06
783780,644750,7168250,7.3606834e-06
783781,646250,7168250,7.3040683e-06
783782,647750,7168250,7.1947179e-06
783783,649250,7168250,7.0526698e-06
783784,650750,7168250,7.0211936e-06
783785,652250,7168250,6.9880293e-06
783786,653750,7168250,6.9183598e-06
783787,655250,7168250,6.8597187e-06
783788,656750,7168250,6.809692e-06
843903,658250,7168250,6.799346e-06
783789,659750,7168250,6.7969177e-06
783790,661250,7168250,6.8037862e-06
783791,662750,7168250,6.7154651e-06
783792,664250,7168250,6.5452032e-06
783793,665750,7168250,6.4937176e-06
783794,667250,7168250,6.4641026e-06
783795,668750,7168250,6.4522765e-06
783796,671750,7168250,6.4479227e-06
783797,721250,7168250,8.496434e-06
783798,724250,7168250,8.6977489e-06
783799,725750,7168250,8.6774162e-06
783800,727250,7168250,8.6044201e-06
783801,728750,7168250,9.0807625e-06
783802,730250,7168250,9.4205252e-06
783803,731750,7168250,9.491222e-06
783804,733250,7168250,9.5566029e-06
783805,734750,7168250,9.6206895e-06
783806,736250,7168250,9.2739583e-06
783807,737750,7168250,8.2209026e-06
783810,742250,7168250,4.7616545e-06
783842,790250,7168250,6.0468678e-06
783843,791750,7168250,7.2836638e-06
783844,793250,7168250,8.0144155e-06
783845,794750,7168250,8.0272039e-06
783846,796250,7168250,7.0636265e-06
783847,797750,7168250,5.8341516e-06
783848,799250,7168250,5.6001472e-06
783849,800750,7168250,5.9703657e-06
783850,551750,7166750,7.6699826e-06
783851,553250,7166750,7.3739029e-06
783852,554750,7166750,7.2472376e-06
783853,556250,7166750,7.2759763e-06
783854,559250,7166750,6.8025574e-06
783855,565250,7166750,6.9764333e-06
783856,568250,7166750,7.1579034e-06
783857,572750,7166750,4.8890315e-06
783858,577250,7166750,6.9948405e-06
783859,580250,7166750,7.186743e-06
783860,581750,7166750,7.1590243e-06
783861,583250,7166750,7.1272898e-06
783862,584750,7166750,7.0746551e-06
783863,586250,7166750,6.9966868e-06
783864,587750,7166750,6.9614821e-06
783865,589250,7166750,6.9451871e-06
783866,590750,7166750,6.9752118e-06
783867,592250,7166750,6.956187e-06
783868,593750,7166750,6.868333e-06
783869,595250,7166750,6.8399177e-06
783870,596750,7166750,6.8282716e-06
783871,598250,7166750,6.7641054e-06
783872,599750,7166750,6.7250207e-06
783873,601250,7166750,6.7240794e-06
783874,602750,7166750,6.6968569e-06
783875,604250,7166750,6.6606749e-06
783876,605750,7166750,6.6626935e-06
783877,607250,7166750,6.7573374e-06
783878,608750,7166750,7.0060487e-06
783879,610250,7166750,7.0567435e-06
783880,611750,7166750,7.0210499e-06
783881,613250,7166750,6.8991048e-06
783882,614750,7166750,6.8107838e-06
783883,616250,7166750,6.7851201e-06
783884,617750,7166750,6.9443322e-06
783885,619250,7166750,7.1855934e-06
783886,620750,7166750,7.1553027e-06
783887,622250,7166750,7.2258272e-06
783888,623750,7166750,7.4951081e-06
783897,637250,7166750,7.183567e-06
783898,638750,7166750,7.46249e-06
783899,640250,7166750,7.5673142e-06
783900,641750,7166750,7.5548128e-06
783901,643250,7166750,7.3761303e-06
783902,644750,7166750,7.2653429e-06
783903,646250,7166750,7.3572346e-06
783904,647750,7166750,7.2080093e-06
783905,649250,7166750,6.9006855e-06
783906,650750,7166750,6.9028624e-06
783907,652250,7166750,6.9140492e-06
783908,653750,7166750,6.8776299e-06
783909,655250,7166750,6.8443651e-06
783910,656750,7166750,6.8134636e-06
783911,658250,7166750,6.7827496e-06
783912,659750,7166750,6.755462e-06
783913,661250,7166750,6.738298e-06
783914,662750,7166750,6.6590151e-06
783915,664250,7166750,6.5284125e-06
783916,665750,7166750,6.5070167e-06
783917,667250,7166750,6.4874525e-06
844033,668750,7166750,6.4191986e-06
783918,670250,7166750,6.4049655e-06
783919,671750,7166750,6.4370092e-06
783920,673250,7166750,6.2651379e-06
783921,722750,7166750,8.5261072e-06
783922,725750,7166750,8.6177115e-06
783923,727250,7166750,8.5977381e-06
783924,728750,7166750,9.0418935e-06
783925,730250,7166750,9.3575873e-06
783926,731750,7166750,9.4213874e-06
783927,733250,7166750,9.5284386e-06
783928,734750,7166750,9.654098e-06
783929,736250,7166750,9.5369887e-06
783930,737750,7166750,8.5689271e-06
783932,740750,7166750,4.7584072e-06
783966,791750,7166750,7.9264037e-06
783967,793250,7166750,8.083819e-06
783968,794750,7166750,8.2566103e-06
783969,796250,7166750,8.2357747e-06
783970,797750,7166750,8.0888485e-06
783971,799250,7166750,7.7036793e-06
783972,800750,7166750,7.4882828e-06
783973,551750,7165250,7.3808005e-06
783974,553250,7165250,7.1622217e-06
783975,554750,7165250,7.0521523e-06
783976,556250,7165250,7.0402402e-06
783977,568250,7165250,6.9951352e-06
783978,569750,7165250,6.2427648e-06
783979,572750,7165250,4.6713217e-06
783980,574250,7165250,5.3194713e-06
783981,575750,7165250,6.2873528e-06
783982,577250,7165250,6.8813083e-06
783983,581750,7165250,6.9217867e-06
783984,583250,7165250,7.0174001e-06
783985,584750,7165250,7.0535825e-06
783986,586250,7165250,7.0174146e-06
783987,587750,7165250,6.917167e-06
783988,589250,7165250,6.8114018e-06
783989,590750,7165250,6.8136433e-06
783990,592250,7165250,6.8099148e-06
783991,593750,7165250,6.7970254e-06
783992,595250,7165250,6.7566475e-06
783993,596750,7165250,6.7072456e-06
783994,598250,7165250,6.6490861e-06
783995,599750,7165250,6.6015236e-06
783996,601250,7165250,6.5698391e-06
783997,602750,7165250,6.5926647e-06
783998,604250,7165250,6.6336747e-06
783999,605750,7165250,6.6667099e-06
784000,607250,7165250,6.7393253e-06
784001,608750,7165250,6.8766672e-06
784002,610250,7165250,6.9044645e-06
784003,611750,7165250,6.8893264e-06
784004,613250,7165250,6.918252e-06
784005,614750,7165250,6.921794e-06
784006,616250,7165250,6.8850659e-06
784007,617750,7165250,6.2363561e-06
784008,619250,7165250,5.3707554e-06
784009,620750,7165250,6.441212e-06
784010,622250,7165250,6.8205695e-06
784011,623750,7165250,5.9365043e-06
784022,640250,7165250,6.3951152e-06
784023,641750,7165250,7.3343876e-06
784024,643250,7165250,7.3118995e-06
784025,644750,7165250,7.2894836e-06
784026,646250,7165250,7.3869073e-06
784027,647750,7165250,7.2204389e-06
784028,649250,7165250,6.8833847e-06
784029,650750,7165250,6.8834497e-06
784030,652250,7165250,6.896375e-06
784031,653750,7165250,6.8774862e-06
784032,655250,7165250,6.8713648e-06
784033,656750,7165250,6.8736354e-06
784034,658250,7165250,6.8514564e-06
784035,659750,7165250,6.827941e-06
784036,661250,7165250,6.8086642e-06
784037,662750,7165250,6.6845855e-06
784038,664250,7165250,6.482524e-06
784039,665750,7165250,6.5146824e-06
844156,667250,7165250,6.5493127e-06
844157,668750,7165250,6.496175e-06
784040,670250,7165250,6.4692613e-06
784041,671750,7165250,6.4669475e-06
784042,673250,7165250,6.317629e-06
784043,674750,7165250,5.8645428e-06
784044,722750,7165250,8.4672647e-06
784045,724250,7165250,8.5495285e-06
784046,725750,7165250,8.6096643e-06
784047,727250,7165250,8.6726741e-06
784048,728750,7165250,9.0557596e-06
784049,730250,7165250,9.3226699e-06
784050,731750,7165250,9.3879789e-06
784051,733250,7165250,9.5676669e-06
784052,734750,7165250,9.7922593e-06
784053,736250,7165250,9.487414e-06
784054,737750,7165250,8.3837067e-06
784090,791750,7165250,7.2847415e-06
784091,793250,7165250,8.0566615e-06
784092,794750,7165250,8.1653652e-06
784093,796250,7165250,8.2278721e-06
784094,797750,7165250,8.2242796e-06
784095,799250,7165250,7.8683515e-06
784096,800750,7165250,7.6698389e-06
784097,802250,7165250,7.6600681e-06
784098,551750,7163750,7.2084404e-06
784099,553250,7163750,7.0337956e-06
784100,554750,7163750,6.9408406e-06
784101,556250,7163750,6.9198181e-06
784102,557750,7163750,6.8177601e-06
784103,559250,7163750,6.7189926e-06
784104,566750,7163750,6.6922944e-06
784105,568250,7163750,6.8950167e-06
784106,569750,7163750,5.9183631e-06
784107,575750,7163750,6.2040322e-06
784108,577250,7163750,6.2541667e-06
784109,580250,7163750,6.8552067e-06
784110,581750,7163750,6.7603837e-06
784111,583250,7163750,6.9432044e-06
784112,584750,7163750,7.0332212e-06
784113,586250,7163750,7.0118899e-06
784114,587750,7163750,6.8771128e-06
784115,589250,7163750,6.725696e-06
784116,590750,7163750,6.7094156e-06
784117,592250,7163750,6.7138844e-06
784118,593750,7163750,6.7459496e-06
784119,595250,7163750,6.6973525e-06
784120,596750,7163750,6.6246007e-06
784121,598250,7163750,6.5689483e-06
784122,599750,7163750,6.5155591e-06
784123,601250,7163750,6.4649935e-06
784124,602750,7163750,6.5239078e-06
784125,604250,7163750,6.618824e-06
784126,605750,7163750,6.6757771e-06
784127,607250,7163750,6.7291589e-06
784128,608750,7163750,6.7768437e-06
784129,610250,7163750,6.7877354e-06
784130,611750,7163750,6.7829578e-06
784131,613250,7163750,6.7619139e-06
784132,614750,7163750,6.7489023e-06
784133,616250,7163750,6.7222113e-06
784134,617750,7163750,5.4418479e-06
784149,640250,7163750,5.0013778e-06
784150,641750,7163750,7.0906981e-06
784151,643250,7163750,7.2563621e-06
784152,644750,7163750,7.343584e-06
784153,646250,7163750,7.4089644e-06
784154,647750,7163750,7.2334428e-06
784155,649250,7163750,6.9094076e-06
784156,650750,7163750,6.8964969e-06
784157,652250,7163750,6.8987601e-06
784158,653750,7163750,6.892682e-06
784159,655250,7163750,6.9159387e-06
784160,656750,7163750,6.9582779e-06
784161,658250,7163750,6.9588309e-06
784162,659750,7163750,6.9545777e-06
784163,661250,7163750,6.9471416e-06
784164,662750,7163750,6.7503106e-06
784165,664250,7163750,6.4174669e-06
784166,665750,7163750,6.5205954e-06
784167,667250,7163750,6.6368434e-06
784168,668750,7163750,6.646801e-06
784169,670250,7163750,6.6050511e-06
784170,673250,7163750,6.4612072e-06
784171,724250,7163750,8.1864164e-06
784172,725750,7163750,8.2974193e-06
784173,727250,7163750,8.3844971e-06
784174,728750,7163750,8.8741317e-06
784175,730250,7163750,9.202543e-06
784176,731750,7163750,9.2680666e-06
784177,733250,7163750,9.42304e-06
784178,734750,7163750,9.6067515e-06
784179,736250,7163750,9.3968156e-06
784180,737750,7163750,8.3025925e-06
784216,791750,7163750,6.8438189e-06
784217,793250,7163750,8.0563741e-06
784218,794750,7163750,8.0922973e-06
784219,796250,7163750,8.1905837e-06
784220,797750,7163750,8.232757e-06
784221,799250,7163750,7.8700041e-06
784222,800750,7163750,7.7081331e-06
784223,802250,7163750,7.7705681e-06
844342,805250,7163750,6.9282314e-06
784224,551750,7162250,7.206213e-06
784225,553250,7162250,7.0284432e-06
784226,554750,7162250,6.9569414e-06
784227,556250,7162250,6.9775615e-06
784228,557750,7162250,6.8567583e-06
784229,559250,7162250,6.7358624e-06
784230,563750,7162250,6.7131805e-06
784231,565250,7162250,6.694579e-06
784232,566750,7162250,6.7086899e-06
784233,569750,7162250,6.6438988e-06
784234,575750,7162250,4.5850338e-06
784235,577250,7162250,4.564306e-06
784236,580250,7162250,6.8476843e-06
784237,581750,7162250,6.7682936e-06
784238,583250,7162250,6.9493544e-06
784239,584750,7162250,7.013075e-06
784240,586250,7162250,6.9394468e-06
784241,587750,7162250,6.8514632e-06
784242,589250,7162250,6.7686819e-06
784243,590750,7162250,6.7639039e-06
784244,592250,7162250,6.7581204e-06
784245,593750,7162250,6.7515966e-06
784246,595250,7162250,6.713482e-06
784247,596750,7162250,6.6642961e-06
784248,598250,7162250,6.6045768e-06
784249,599750,7162250,6.5615841e-06
784250,601250,7162250,6.5411509e-06
784251,602750,7162250,6.585286e-06
784252,604250,7162250,6.6506236e-06
784253,605750,7162250,6.7040987e-06
784254,607250,7162250,6.760994e-06
784255,608750,7162250,6.8227391e-06
784256,610250,7162250,6.8455938e-06
784257,611750,7162250,6.7860756e-06
784258,613250,7162250,5.5983078e-06
784262,619250,7162250,3.7134128e-06
784263,620750,7162250,5.6405393e-06
784274,637250,7162250,4.0529667e-06
784275,638750,7162250,5.0845474e-06
784276,640250,7162250,6.0992511e-06
784277,641750,7162250,7.1324985e-06
784278,643250,7162250,6.1747114e-06
784279,644750,7162250,5.8436067e-06
784280,646250,7162250,6.9919884e-06
784281,647750,7162250,7.2304974e-06
784282,649250,7162250,6.9448279e-06
784283,650750,7162250,6.9191215e-06
784284,652250,7162250,6.9111247e-06
784285,653750,7162250,6.9171601e-06
784286,655250,7162250,6.9357179e-06
784287,656750,7162250,6.9628686e-06
784288,658250,7162250,6.9892581e-06
784289,659750,7162250,7.012572e-06
784290,661250,7162250,7.028716e-06
784291,662750,7162250,6.835226e-06
784292,664250,7162250,6.4955138e-06
784293,665750,7162250,6.5338008e-06
784294,667250,7162250,6.6039734e-06
784295,671750,7162250,6.5584086e-06
784296,673250,7162250,6.5140862e-06
784297,676250,7162250,5.4065781e-06
784298,722750,7162250,7.1151908e-06
784299,724250,7162250,7.8294106e-06
784300,725750,7162250,8.0624086e-06
784301,727250,7162250,8.171688e-06
784302,728750,7162250,8.7367607e-06
784303,730250,7162250,9.0993708e-06
784304,731750,7162250,9.1498787e-06
784305,733250,7162250,9.2738865e-06
784306,734750,7162250,9.4081679e-06
784307,736250,7162250,9.1990223e-06
784308,737750,7162250,8.1269991e-06
784310,740750,7162250,4.6461896e-06
784345,793250,7162250,8.2045217e-06
784346,794750,7162250,8.1626349e-06
784347,796250,7162250,8.2068927e-06
784348,797750,7162250,8.1984863e-06
784349,799250,7162250,7.8530484e-06
784350,800750,7162250,7.7042541e-06
784351,802250,7162250,7.7560553e-06
844471,803750,7162250,7.6263718e-06
844472,806750,7162250,5.8855867e-06
784352,551750,7160750,7.237179e-06
784353,553250,7160750,7.0641149e-06
784354,554750,7160750,7.0031388e-06
784355,559250,7160750,6.7230376e-06
784356,560750,7160750,6.6893131e-06
784357,568250,7160750,6.8326394e-06
784358,569750,7160750,6.9074176e-06
784359,575750,7160750,4.4975318e-06
784360,578750,7160750,6.5037548e-06
784361,580250,7160750,6.813435e-06
784362,581750,7160750,6.7509859e-06
784363,583250,7160750,6.881718e-06
784364,584750,7160750,6.9074249e-06
784365,586250,7160750,6.8115382e-06
784366,587750,7160750,6.7899414e-06
784367,589250,7160750,6.786931e-06
784368,590750,7160750,6.7868446e-06
784369,592250,7160750,6.7683227e-06
784370,593750,7160750,6.7272981e-06
784371,595250,7160750,6.6947086e-06
784372,596750,7160750,6.6658263e-06
784373,598250,7160750,6.6479079e-06
784374,599750,7160750,6.6399543e-06
784375,601250,7160750,6.6467296e-06
784376,602750,7160750,6.6869707e-06
784377,604250,7160750,6.739735e-06
784378,605750,7160750,6.8126951e-06
784379,607250,7160750,6.8695977e-06
784380,608750,7160750,6.905801e-06
784381,610250,7160750,6.9165635e-06
784382,611750,7160750,6.7900132e-06
784388,620750,7160750,5.3062445e-06
784400,638750,7160750,6.1354185e-06
784401,640250,7160750,6.917433e-06
784402,641750,7160750,7.1437858e-06
784403,643250,7160750,5.2625187e-06
784404,644750,7160750,4.580716e-06
784405,646250,7160750,6.6277262e-06
784406,647750,7160750,7.214835e-06
784407,649250,7160750,6.9745006e-06
784408,650750,7160750,6.9370831e-06
784409,652250,7160750,6.9204721e-06
784410,653750,7160750,6.9380244e-06
784411,655250,7160750,6.9478888e-06
784412,656750,7160750,6.9523649e-06
784413,658250,7160750,7.0061706e-06
784414,659750,7160750,7.0573401e-06
784415,661250,7160750,7.0984001e-06
784416,662750,7160750,6.9256739e-06
784417,664250,7160750,6.6111652e-06
844539,665750,7160750,6.5459863e-06
844540,667250,7160750,6.535935e-06
784418,724250,7160750,7.5106991e-06
784419,725750,7160750,8.1452481e-06
784420,727250,7160750,8.2908091e-06
784421,728750,7160750,8.8112656e-06
784422,730250,7160750,9.1005923e-06
784423,731750,7160750,9.0585618e-06
784424,733250,7160750,9.1712172e-06
784425,734750,7160750,9.2260361e-06
784426,736250,7160750,7.6130086e-06
784464,793250,7160750,7.8176281e-06
784465,794750,7160750,8.170754e-06
784466,796250,7160750,8.2348406e-06
784467,797750,7160750,8.1881408e-06
784468,799250,7160750,7.8430612e-06
784469,800750,7160750,7.6935485e-06
784470,802250,7160750,7.7261666e-06
784471,803750,7160750,7.6796823e-06
784472,805250,7160750,7.6150923e-06
784473,806750,7160750,7.5466223e-06
844597,808250,7160750,7.4189511e-06
784474,551750,7159250,7.294369e-06
784475,553250,7159250,7.1325849e-06
784476,554750,7159250,7.0734909e-06
784477,556250,7159250,7.1009222e-06
784478,562250,7159250,6.5563822e-06
784479,565250,7159250,6.5282616e-06
784480,566750,7159250,6.6214252e-06
784481,568250,7159250,6.671416e-06
784482,572750,7159250,6.7076194e-06
784483,577250,7159250,6.0849466e-06
784484,578750,7159250,6.6838452e-06
784485,580250,7159250,6.7486799e-06
784486,581750,7159250,6.7030642e-06
784487,583250,7159250,6.724209e-06
784488,584750,7159250,6.6968423e-06
784489,586250,7159250,6.6140392e-06
784490,587750,7159250,6.6816897e-06
784491,589250,7159250,6.7718288e-06
784492,590750,7159250,6.766124e-06
784493,592250,7159250,6.7306319e-06
784494,593750,7159250,6.659669e-06
784495,595250,7159250,6.6231132e-06
784496,596750,7159250,6.6095272e-06
784497,598250,7159250,6.7047813e-06
784498,599750,7159250,6.7712394e-06
784499,601250,7159250,6.8019754e-06
784500,602750,7159250,6.8604154e-06
784501,604250,7159250,6.9339362e-06
784502,605750,7159250,7.0733113e-06
784503,607250,7159250,7.1266072e-06
784504,608750,7159250,7.0626347e-06
784505,610250,7159250,7.0142391e-06
784506,611750,7159250,6.8323093e-06
784525,640250,7159250,5.7449256e-06
784526,641750,7159250,7.0430565e-06
784527,643250,7159250,6.2360255e-06
784528,644750,7159250,5.958741e-06
784529,646250,7159250,6.8435602e-06
784530,647750,7159250,7.0575484e-06
784531,649250,7159250,6.9035018e-06
784532,650750,7159250,6.8668169e-06
784533,652250,7159250,6.8359159e-06
784534,653750,7159250,6.8129393e-06
784535,655250,7159250,6.8187087e-06
784536,656750,7159250,6.8404279e-06
784537,658250,7159250,6.9141138e-06
784538,659750,7159250,6.9650528e-06
784539,661250,7159250,6.9558782e-06
784540,662750,7159250,6.8172285e-06
784541,664250,7159250,6.5947197e-06
784542,665750,7159250,6.556957e-06
784543,724250,7159250,7.4540121e-06
784544,725750,7159250,8.1555218e-06
784545,727250,7159250,8.3038858e-06
784546,728750,7159250,8.7447361e-06
784547,730250,7159250,8.9449723e-06
784548,731750,7159250,8.8193847e-06
784549,733250,7159250,8.6903483e-06
784550,734750,7159250,8.4201329e-06
784552,737750,7159250,4.6623841e-06
784553,739250,7159250,4.5884321e-06
784590,794750,7159250,8.0766349e-06
784591,796250,7159250,8.3000059e-06
784592,797750,7159250,8.2461211e-06
784593,799250,7159250,7.8531921e-06
784594,800750,7159250,7.6566193e-06
784595,802250,7159250,7.6273059e-06
784596,803750,7159250,7.6301803e-06
784597,805250,7159250,7.6316164e-06
784598,806750,7159250,7.6165288e-06
784599,808250,7159250,7.4616278e-06
784600,809750,7159250,7.1806212e-06
844725,811250,7159250,6.1481283e-06
784601,551750,7157750,7.3276337e-06
784602,553250,7157750,7.1528239e-06
784603,554750,7157750,7.0868473e-06
784604,556250,7157750,7.1108871e-06
784605,557750,7157750,6.8684049e-06
784606,559250,7157750,6.6397674e-06
784607,560750,7157750,6.6150451e-06
784608,563750,7157750,6.4562282e-06
784609,565250,7157750,6.5061759e-06
784610,568250,7157750,6.6476273e-06
784611,572750,7157750,6.6639368e-06
784612,574250,7157750,6.6522184e-06
784613,577250,7157750,6.6926968e-06
784614,578750,7157750,6.7846818e-06
784615,580250,7157750,6.7571359e-06
784616,581750,7157750,6.7087044e-06
784617,583250,7157750,6.6854832e-06
784618,584750,7157750,6.6506882e-06
784619,586250,7157750,6.602781e-06
784620,587750,7157750,6.6897801e-06
784621,589250,7157750,6.7923984e-06
784622,590750,7157750,6.7827496e-06
784623,592250,7157750,6.7403025e-06
784624,593750,7157750,6.6594894e-06
784625,595250,7157750,6.6042107e-06
784626,596750,7157750,6.5833678e-06
784627,598250,7157750,6.7672809e-06
784628,599750,7157750,6.8663358e-06
784629,601250,7157750,6.8611625e-06
784630,602750,7157750,6.945324e-06
784631,604250,7157750,7.0575052e-06
784632,605750,7157750,7.1946461e-06
784633,607250,7157750,7.2293478e-06
784634,608750,7157750,7.1248755e-06
784635,610250,7157750,6.6589864e-06
784656,641750,7157750,6.9745297e-06
784657,643250,7157750,6.9574876e-06
784658,644750,7157750,6.9547932e-06
784659,646250,7157750,6.9788257e-06
784660,647750,7157750,6.9307389e-06
784661,649250,7157750,6.8458739e-06
784662,650750,7157750,6.8234363e-06
784663,652250,7157750,6.7860256e-06
784664,653750,7157750,6.7189853e-06
784665,655250,7157750,6.7183032e-06
784666,656750,7157750,6.7536225e-06
784667,658250,7157750,6.839537e-06
784668,659750,7157750,6.885095e-06
784669,661250,7157750,6.8312529e-06
784670,662750,7157750,6.7206884e-06
784671,664250,7157750,6.576995e-06
784672,665750,7157750,6.5667282e-06
784673,667250,7157750,5.8944884e-06
784674,725750,7157750,8.0264854e-06
784675,727250,7157750,8.1010621e-06
784676,728750,7157750,8.3685472e-06
784677,730250,7157750,8.4212825e-06
784678,731750,7157750,8.202941e-06
784679,733250,7157750,7.1126115e-06
784680,734750,7157750,5.8477735e-06
784681,736250,7157750,5.004661e-06
784720,794750,7157750,7.9669971e-06
784721,796250,7157750,8.2471988e-06
784722,797750,7157750,8.2059587e-06
784723,799250,7157750,7.798445e-06
784724,800750,7157750,7.5789535e-06
784725,802250,7157750,7.505957e-06
784726,803750,7157750,7.5493526e-06
784727,805250,7157750,7.6038123e-06
784728,806750,7157750,7.6446213e-06
784729,808250,7157750,7.4757818e-06
784730,809750,7157750,7.1277136e-06
784731,811250,7157750,7.1855934e-06
784732,812750,7157750,6.8404852e-06
784733,551750,7156250,7.3511997e-06
784734,553250,7156250,7.1532409e-06
784735,554750,7156250,7.0765445e-06
784736,556250,7156250,7.0984938e-06
784737,557750,7156250,6.8312743e-06
784738,559250,7156250,6.5922482e-06
784739,562250,7156250,6.5932322e-06
784740,565250,7156250,6.5261279e-06
784741,568250,7156250,6.6941338e-06
784742,572750,7156250,6.6633547e-06
784743,577250,7156250,6.7189712e-06
784744,578750,7156250,6.8455215e-06
784745,580250,7156250,6.8101299e-06
784746,581750,7156250,6.7485935e-06
784747,583250,7156250,6.7240508e-06
784748,584750,7156250,6.7139995e-06
784749,586250,7156250,6.7187989e-06
784750,587750,7156250,6.7780579e-06
784751,589250,7156250,6.8386316e-06
784752,590750,7156250,6.8270283e-06
784753,592250,7156250,6.7862843e-06
784754,593750,7156250,6.7124042e-06
784755,595250,7156250,6.6272951e-06
784756,596750,7156250,6.5819813e-06
784757,598250,7156250,6.8343352e-06
784758,599750,7156250,6.9282892e-06
784759,601250,7156250,6.8318564e-06
784760,602750,7156250,6.9479679e-06
784761,604250,7156250,7.111239e-06
784762,605750,7156250,7.1755276e-06
784763,607250,7156250,7.1747877e-06
784764,608750,7156250,7.088076e-06
784786,641750,7156250,6.9845951e-06
784787,643250,7156250,6.9267085e-06
784788,644750,7156250,6.9010734e-06
784789,646250,7156250,6.9345542e-06
784790,647750,7156250,6.8987242e-06
784791,649250,7156250,6.8294926e-06
784792,650750,7156250,6.8820846e-06
784793,652250,7156250,6.8781615e-06
784794,653750,7156250,6.7627257e-06
784795,655250,7156250,6.7509141e-06
784796,656750,7156250,6.7927863e-06
784797,658250,7156250,6.8602285e-06
784798,659750,7156250,6.8995287e-06
784799,661250,7156250,6.8742602e-06
784800,662750,7156250,6.7574665e-06
784801,664250,7156250,6.5895611e-06
784802,665750,7156250,6.5577688e-06
784803,667250,7156250,6.2671425e-06
784804,724250,7156250,7.8789126e-06
784805,725750,7156250,7.9681467e-06
784806,727250,7156250,7.9820848e-06
784807,728750,7156250,8.1202452e-06
784808,730250,7156250,8.1010621e-06
784809,731750,7156250,7.8927069e-06
784813,737750,7156250,4.4048429e-06
784851,794750,7156250,7.7736577e-06
784852,796250,7156250,8.0347481e-06
784853,797750,7156250,8.0226064e-06
784854,799250,7156250,7.6411006e-06
784855,800750,7156250,7.4313084e-06
784856,802250,7156250,7.3436559e-06
784857,803750,7156250,7.3933015e-06
784858,805250,7156250,7.4625618e-06
784859,806750,7156250,7.5517951e-06
784860,808250,7156250,7.4136342e-06
784861,809750,7156250,7.0982996e-06
784862,811250,7156250,7.1341656e-06
784863,812750,7156250,6.70795e-06
844989,814250,7156250,4.3936489e-06
784864,551750,7154750,5.5828036e-06
784865,553250,7154750,5.4461798e-06
784866,554750,7154750,5.919333e-06
784867,556250,7154750,6.8743179e-06
784868,557750,7154750,6.8218983e-06
784869,559250,7154750,6.6843841e-06
784870,560750,7154750,6.7275423e-06
784871,562250,7154750,6.7018932e-06
784872,563750,7154750,6.6178973e-06
784873,565250,7154750,6.6319867e-06
784874,566750,7154750,6.6661423e-06
784875,572750,7154750,6.6178832e-06
784876,575750,7154750,6.586788e-06
784877,577250,7154750,6.6303483e-06
784878,578750,7154750,6.7137194e-06
784879,580250,7154750,6.716205e-06
784880,581750,7154750,6.6981356e-06
784881,583250,7154750,6.6606676e-06
784882,584750,7154750,6.6746848e-06
784883,586250,7154750,6.7411788e-06
784884,587750,7154750,6.7931169e-06
784885,589250,7154750,6.8344643e-06
784886,590750,7154750,6.8313534e-06
784887,592250,7154750,6.8242407e-06
784888,593750,7154750,6.8119693e-06
784889,595250,7154750,6.7663036e-06
784890,596750,7154750,6.7402666e-06
784891,598250,7154750,6.9038897e-06
784892,599750,7154750,6.9593557e-06
784893,601250,7154750,6.8844911e-06
784894,602750,7154750,6.9606344e-06
784895,604250,7154750,7.0640936e-06
784896,605750,7154750,7.0504066e-06
784897,607250,7154750,6.7274491e-06
784921,643250,7154750,6.6582752e-06
784923,646250,7154750,6.9760813e-06
784924,647750,7154750,6.6593529e-06
784925,649250,7154750,6.2193067e-06
784926,650750,7154750,6.7606279e-06
784927,652250,7154750,7.0537262e-06
784928,653750,7154750,6.90856e-06
784929,655250,7154750,6.8830618e-06
784930,656750,7154750,6.9175981e-06
784931,658250,7154750,6.9452303e-06
784932,659750,7154750,6.9659368e-06
784933,661250,7154750,6.9684729e-06
784934,662750,7154750,6.8491499e-06
784935,664250,7154750,6.6643461e-06
784936,721250,7154750,7.1057502e-06
784937,722750,7154750,7.3310825e-06
784938,724250,7154750,7.9152669e-06
784939,725750,7154750,7.981007e-06
784940,727250,7154750,7.955573e-06
784941,728750,7154750,8.0216005e-06
784942,730250,7154750,8.0374784e-06
784943,731750,7154750,7.9927895e-06
784987,797750,7154750,7.9047777e-06
784988,799250,7154750,7.556609e-06
784989,800750,7154750,7.3718197e-06
784990,802250,7154750,7.2912794e-06
784991,803750,7154750,7.3602523e-06
784992,805250,7154750,7.4318114e-06
784993,806750,7154750,7.4893605e-06
784994,808250,7154750,7.3476072e-06
784995,809750,7154750,7.0609035e-06
784996,811250,7154750,7.0924011e-06
784997,812750,7154750,6.6789739e-06
845124,814250,7154750,4.6959003e-06
784998,551750,7153250,3.6343167e-06
784999,553250,7153250,3.5452485e-06
785000,554750,7153250,4.6230193e-06
785001,556250,7153250,6.62718e-06
785002,557750,7153250,6.8186941e-06
785003,559250,7153250,6.8015156e-06
785004,560750,7153250,6.8640152e-06
785005,562250,7153250,6.8231848e-06
785006,563750,7153250,6.6963321e-06
785007,565250,7153250,6.7561732e-06
785008,566750,7153250,6.8125655e-06
785009,568250,7153250,6.7490892e-06
785010,569750,7153250,6.688882e-06
785011,571250,7153250,6.630758e-06
785012,574250,7153250,6.5028348e-06
785013,575750,7153250,6.5017143e-06
785014,577250,7153250,6.5096965e-06
785015,578750,7153250,6.526875e-06
785016,580250,7153250,6.5802569e-06
785017,581750,7153250,6.6202037e-06
785018,583250,7153250,6.5652121e-06
785019,584750,7153250,6.6027378e-06
785020,586250,7153250,6.7327655e-06
785021,587750,7153250,6.7827496e-06
785022,589250,7153250,6.8123431e-06
785023,590750,7153250,6.8209788e-06
785024,592250,7153250,6.860078e-06
785025,593750,7153250,6.93112e-06
785026,595250,7153250,6.9540961e-06
785027,596750,7153250,6.9645357e-06
785028,598250,7153250,6.9723023e-06
785029,599750,7153250,6.9776474e-06
785030,601250,7153250,6.9773819e-06
785031,602750,7153250,6.9763687e-06
785032,604250,7153250,6.9649163e-06
785033,605750,7153250,6.8687496e-06
785034,607250,7153250,6.0524285e-06
785057,641750,7153250,4.3592058e-06
785058,643250,7153250,6.0817638e-06
785059,644750,7153250,7.1523928e-06
785060,646250,7153250,7.1466593e-06
785063,650750,7153250,6.3406846e-06
785064,652250,7153250,7.384177e-06
785065,653750,7153250,7.2533444e-06
785066,655250,7153250,7.2168464e-06
785067,656750,7153250,7.224965e-06
785068,658250,7153250,7.1757286e-06
785069,659750,7153250,7.1562008e-06
785070,661250,7153250,7.1921313e-06
785071,662750,7153250,7.0911005e-06
785072,664250,7153250,6.9203929e-06
785073,665750,7153250,6.8672625e-06
785074,718250,7153250,5.7880047e-06
785075,719750,7153250,7.3339565e-06
785076,721250,7153250,7.2283419e-06
785077,722750,7153250,7.4285786e-06
785078,724250,7153250,7.921446e-06
785079,725750,7153250,7.9800011e-06
785080,727250,7153250,7.8260337e-06
785081,728750,7153250,7.0648766e-06
785082,730250,7153250,6.7202718e-06
785083,731750,7153250,6.7639544e-06
785084,733250,7153250,5.5403061e-06
785085,734750,7153250,4.2372967e-06
785127,797750,7153250,7.8408339e-06
785128,799250,7153250,7.5374978e-06
785129,800750,7153250,7.3995525e-06
785130,802250,7153250,7.3573783e-06
785131,803750,7153250,7.4714708e-06
785132,805250,7153250,7.5355579e-06
785133,806750,7153250,7.4629211e-06
785134,808250,7153250,7.2746111e-06
785135,809750,7153250,7.0084484e-06
785136,811250,7153250,7.0726646e-06
785137,812750,7153250,6.8953259e-06
785138,814250,7153250,5.9340114e-06
785139,551750,7151750,5.4863854e-06
785140,553250,7151750,5.3527724e-06
785141,554750,7151750,5.812296e-06
785142,556250,7151750,6.7384271e-06
785143,557750,7151750,6.838804e-06
785144,559250,7151750,6.8388545e-06
785145,560750,7151750,6.8419222e-06
785146,562250,7151750,6.7808887e-06
785147,563750,7151750,6.6667244e-06
785148,565250,7151750,6.6979919e-06
785149,566750,7151750,6.7355963e-06
785150,568250,7151750,6.7174265e-06
785151,569750,7151750,6.6883645e-06
785152,571250,7151750,6.6499551e-06
785153,572750,7151750,6.570529e-06
785154,574250,7151750,6.4977266e-06
785155,575750,7151750,6.4803398e-06
785156,577250,7151750,6.4944147e-06
785157,578750,7151750,6.5371992e-06
785158,580250,7151750,6.56976e-06
785159,581750,7151750,6.6024718e-06
785160,583250,7151750,6.6418943e-06
785161,584750,7151750,6.6830048e-06
785162,586250,7151750,6.7277151e-06
785163,587750,7151750,6.7748606e-06
785164,589250,7151750,6.8162153e-06
785165,590750,7151750,6.826619e-06
785166,592250,7151750,6.8629515e-06
785167,593750,7151750,6.9265861e-06
785168,595250,7151750,6.9753555e-06
785169,596750,7151750,7.0167825e-06
785170,598250,7151750,7.0364467e-06
785171,599750,7151750,7.0381639e-06
785172,601250,7151750,7.0208634e-06
785173,602750,7151750,7.0154747e-06
785174,604250,7151750,6.8862805e-06
785175,605750,7151750,5.9249228e-06
785176,607250,7151750,4.9259534e-06
785199,641750,7151750,3.6102051e-06
785201,644750,7151750,6.157964e-06
785204,649250,7151750,4.8492784e-06
785205,650750,7151750,6.5042286e-06
785206,652250,7151750,7.5319658e-06
785207,653750,7151750,7.4257764e-06
785208,655250,7151750,7.392583e-06
785209,656750,7151750,7.3801539e-06
785210,658250,7151750,6.7738979e-06
785211,659750,7151750,6.5966597e-06
785212,661250,7151750,7.165821e-06
785213,662750,7151750,6.9211692e-06
785214,664250,7151750,6.3176503e-06
785215,665750,7151750,6.2876115e-06
785216,713750,7151750,5.7188736e-06
785217,716750,7151750,6.6428279e-06
785218,718250,7151750,7.0396441e-06
785219,719750,7151750,7.4495574e-06
785220,721250,7151750,7.429584e-06
785221,722750,7151750,7.5873595e-06
785222,724250,7151750,7.9068614e-06
785223,725750,7151750,7.9733909e-06
785224,727250,7151750,7.6021597e-06
785226,730250,7151750,4.571189e-06
785228,733250,7151750,4.3532782e-06
785271,797750,7151750,6.5708955e-06
785272,799250,7151750,7.2166308e-06
785273,800750,7151750,7.4017075e-06
785274,802250,7151750,7.3651377e-06
785275,803750,7151750,7.4798049e-06
785276,805250,7151750,7.5303851e-06
785277,806750,7151750,7.4246268e-06
785278,808250,7151750,7.2272642e-06
785279,809750,7151750,6.9766706e-06
785280,811250,7151750,7.0710985e-06
785281,812750,7151750,7.0449391e-06
785282,814250,7151750,6.6748717e-06
845410,817250,7151750,6.4523483e-06
785283,551750,7150250,7.0208489e-06
785284,553250,7150250,6.8630452e-06
785285,554750,7150250,6.8124004e-06
785286,556250,7150250,6.8435529e-06
785287,557750,7150250,6.8635482e-06
785288,559250,7150250,6.8687928e-06
785289,560750,7150250,6.8254981e-06
785290,562250,7150250,6.7435572e-06
785291,563750,7150250,6.6310381e-06
785292,565250,7150250,6.6404355e-06
785293,566750,7150250,6.6644398e-06
785294,568250,7150250,6.6838165e-06
785295,569750,7150250,6.6852967e-06
785296,571250,7150250,6.6708772e-06
785297,572750,7150250,6.5813706e-06
785298,574250,7150250,6.4946371e-06
785299,575750,7150250,6.4647206e-06
785300,577250,7150250,6.4384535e-06
785301,578750,7150250,6.424752e-06
785302,580250,7150250,6.4330648e-06
785303,581750,7150250,6.4822511e-06
785304,583250,7150250,6.6971297e-06
785305,584750,7150250,6.7725832e-06
785306,586250,7150250,6.7231813e-06
785307,587750,7150250,6.7747169e-06
785308,589250,7150250,6.8255126e-06
785309,590750,7150250,6.793397e-06
785310,592250,7150250,6.8099575e-06
785311,593750,7150250,6.8641589e-06
785312,595250,7150250,6.9559933e-06
785313,596750,7150250,7.0384012e-06
785314,598250,7150250,7.0986157e-06
785315,599750,7150250,7.1061095e-06
785316,601250,7150250,7.0537617e-06
785317,602750,7150250,7.0601059e-06
785345,644750,7150250,4.2352417e-06
785349,650750,7150250,7.1731711e-06
785350,652250,7150250,7.5020776e-06
785352,655250,7150250,7.3999836e-06
785353,656750,7150250,7.3466731e-06
785354,658250,7150250,5.6108452e-06
785355,659750,7150250,5.1312118e-06
785356,661250,7150250,6.8347376e-06
785357,662750,7150250,6.1704081e-06
785358,664250,7150250,4.4842186e-06
785359,665750,7150250,4.4491435e-06
785360,667250,7150250,4.8970783e-06
785361,668750,7150250,6.2525501e-06
785362,670250,7150250,6.7606852e-06
785363,695750,7150250,5.2803653e-06
785364,713750,7150250,4.029825e-06
785365,715250,7150250,5.4397424e-06
785366,719750,7150250,7.4105451e-06
785367,721250,7150250,7.4659388e-06
785368,722750,7150250,7.6433998e-06
785369,724250,7150250,7.9224519e-06
785370,725750,7150250,7.0518222e-06
785372,728750,7150250,4.64601e-06
785373,730250,7150250,3.9987085e-06
785375,733250,7150250,4.0060436e-06
785376,734750,7150250,4.0069995e-06
785418,797750,7150250,4.8460815e-06
785419,799250,7150250,6.8046124e-06
785420,800750,7150250,7.3894939e-06
785421,802250,7150250,7.3388419e-06
785422,803750,7150250,7.4213217e-06
785423,805250,7150250,7.4541558e-06
785424,806750,7150250,7.3818783e-06
785425,808250,7150250,7.2012558e-06
785426,809750,7150250,6.9636876e-06
785427,811250,7150250,7.0877095e-06
785428,812750,7150250,7.0816886e-06
785429,814250,7150250,6.7658152e-06
845557,815750,7150250,6.6272733e-06
785430,551750,7148750,7.0839446e-06
785431,553250,7148750,6.9580478e-06
785432,554750,7148750,6.9245025e-06
785433,556250,7148750,6.9603111e-06
785434,557750,7148750,6.9104781e-06
785435,559250,7148750,6.8616155e-06
785436,560750,7148750,6.845838e-06
785437,562250,7148750,6.7407404e-06
785438,563750,7148750,6.5654854e-06
785439,565250,7148750,6.6086077e-06
785440,566750,7148750,6.6604089e-06
785441,568250,7148750,6.6440712e-06
785442,569750,7148750,6.6551283e-06
785443,571250,7148750,6.6885009e-06
785444,572750,7148750,6.5810973e-06
785445,574250,7148750,6.4777319e-06
785446,575750,7148750,6.4698288e-06
785447,577250,7148750,5.9181043e-06
785448,578750,7148750,4.8948364e-06
785449,580250,7148750,4.7904937e-06
785452,584750,7148750,6.7948195e-06
785453,586250,7148750,6.7416745e-06
785454,587750,7148750,6.9106868e-06
785455,589250,7148750,6.874634e-06
785456,590750,7148750,5.6922113e-06
785457,592250,7148750,5.1298971e-06
785458,593750,7148750,5.1686943e-06
785459,595250,7148750,6.0741982e-06
785460,596750,7148750,6.8092968e-06
785462,599750,7148750,5.2837349e-06
785495,649250,7148750,7.4342543e-06
785496,650750,7148750,6.714768e-06
785498,653750,7148750,6.2682557e-06
785500,656750,7148750,6.2705835e-06
785502,659750,7148750,4.4084136e-06
785503,661250,7148750,5.8719575e-06
785505,664250,7148750,3.7295854e-06
785508,668750,7148750,5.3412768e-06
785510,671750,7148750,5.9679369e-06
785511,673250,7148750,5.779505e-06
785512,694250,7148750,6.2878485e-06
785513,695750,7148750,6.1968981e-06
785514,697250,7148750,6.1334431e-06
785515,698750,7148750,6.195231e-06
785516,700250,7148750,4.9336622e-06
785517,707750,7148750,4.011878e-06
785518,716750,7148750,6.7433702e-06
785519,718250,7148750,7.171504e-06
785520,719750,7148750,7.3617612e-06
785521,721250,7148750,7.4792301e-06
785522,722750,7148750,7.6801134e-06
785523,724250,7148750,7.9447964e-06
785524,725750,7148750,5.8699957e-06
785525,727250,7148750,4.0573277e-06
785528,731750,7148750,3.964416e-06
785572,797750,7148750,5.8333112e-06
785573,799250,7148750,7.0205328e-06
785574,800750,7148750,7.3476072e-06
785575,802250,7148750,7.2951593e-06
785576,803750,7148750,7.3680117e-06
785577,805250,7148750,7.4042223e-06
785578,806750,7148750,7.3712449e-06
785579,808250,7148750,7.1824247e-06
785580,809750,7148750,6.9234252e-06
785581,811250,7148750,7.0524111e-06
785582,812750,7148750,7.0254614e-06
785583,814250,7148750,6.6836369e-06
785584,815750,7148750,6.5841868e-06
845713,817250,7148750,6.6070916e-06
845714,820250,7148750,5.3921872e-06
785585,551750,7147250,6.4966994e-06
785586,553250,7147250,6.4083783e-06
785587,554750,7147250,6.5954882e-06
785588,556250,7147250,6.9788475e-06
785589,557750,7147250,6.9364364e-06
785590,559250,7147250,6.8673344e-06
785591,560750,7147250,6.8584109e-06
785592,562250,7147250,6.741524e-06
785593,563750,7147250,6.5400445e-06
785594,565250,7147250,6.5993177e-06
785595,566750,7147250,6.6632829e-06
785596,568250,7147250,6.6304274e-06
785597,569750,7147250,6.6476418e-06
785598,571250,7147250,6.706362e-06
785599,572750,7147250,6.5880881e-06
785600,574250,7147250,6.4753608e-06
785601,575750,7147250,6.4780552e-06
785602,577250,7147250,5.6633867e-06
785603,578750,7147250,4.1326161e-06
785604,580250,7147250,3.7490342e-06
785607,584750,7147250,6.5440604e-06
785608,586250,7147250,6.7212486e-06
785609,587750,7147250,7.0217829e-06
785610,589250,7147250,6.9025318e-06
785613,593750,7147250,3.7707964e-06
785614,595250,7147250,5.205271e-06
785615,596750,7147250,6.3473085e-06
785650,649250,7147250,7.7868053e-06
785651,650750,7147250,5.6874483e-06
785662,667250,7147250,3.7967402e-06
785666,673250,7147250,3.9896845e-06
785667,674750,7147250,4.453138e-06
785668,694250,7147250,6.4392725e-06
785669,697250,7147250,6.4180631e-06
785670,700250,7147250,6.0403008e-06
785671,701750,7147250,5.2414821e-06
785672,706250,7147250,5.4587676e-06
785673,709250,7147250,6.6081548e-06
785674,710750,7147250,5.7267553e-06
785675,715250,7147250,5.9598833e-06
785676,716750,7147250,7.0866531e-06
785677,718250,7147250,7.4533655e-06
785678,719750,7147250,7.6895967e-06
785679,721250,7147250,7.731699e-06
785680,722750,7147250,7.8368103e-06
785681,724250,7147250,7.9885504e-06
785682,725750,7147250,5.8225769e-06
785729,796250,7147250,5.9258996e-06
785730,797750,7147250,7.2073626e-06
785731,799250,7147250,7.3085944e-06
785732,800750,7147250,7.2987518e-06
785733,802250,7147250,7.246088e-06
785734,803750,7147250,7.3164979e-06
785735,805250,7147250,7.3647784e-06
785736,806750,7147250,7.3745496e-06
785737,808250,7147250,7.1649301e-06
785738,809750,7147250,6.875453e-06
785739,811250,7147250,6.9881157e-06
785740,812750,7147250,6.9093717e-06
785741,814250,7147250,6.4827182e-06
785742,815750,7147250,6.4199671e-06
845873,817250,7147250,6.5218887e-06
785743,551750,7145750,4.5984334e-06
785744,553250,7145750,4.53551e-06
785745,554750,7145750,5.3500203e-06
785746,556250,7145750,6.79395e-06
785747,557750,7145750,6.9185107e-06
785748,559250,7145750,6.9009943e-06
785749,560750,7145750,6.8526633e-06
785750,562250,7145750,6.7521928e-06
785751,563750,7145750,6.6113234e-06
785752,565250,7145750,6.6435609e-06
785753,566750,7145750,6.6843268e-06
785754,568250,7145750,6.6843627e-06
785755,569750,7145750,6.6981502e-06
785756,571250,7145750,6.72344e-06
785757,572750,7145750,6.6160219e-06
785758,574250,7145750,6.513576e-06
785759,575750,7145750,6.494623e-06
785760,577250,7145750,6.2508402e-06
785761,578750,7145750,5.8072592e-06
785762,580250,7145750,4.6372734e-06
785765,584750,7145750,5.3219642e-06
785766,586250,7145750,6.5642785e-06
785767,587750,7145750,7.0300021e-06
785768,589250,7145750,6.9009584e-06
785821,668750,7145750,3.5878033e-06
785826,676250,7145750,6.0041261e-06
785827,698750,7145750,6.6881489e-06
785828,700250,7145750,6.7584292e-06
785829,701750,7145750,6.813751e-06
785830,703250,7145750,6.7605988e-06
785831,704750,7145750,6.7391456e-06
785832,706250,7145750,6.7953802e-06
785833,707750,7145750,6.7962997e-06
785834,709250,7145750,6.7641195e-06
785835,712250,7145750,6.8644749e-06
785836,715250,7145750,7.3207366e-06
785837,716750,7145750,7.3228202e-06
785838,718250,7145750,7.6856459e-06
785839,719750,7145750,7.9588062e-06
785840,721250,7145750,7.938258e-06
785841,722750,7145750,7.8562089e-06
785842,724250,7145750,7.7660416e-06
785891,797750,7145750,6.864324e-06
785892,799250,7145750,6.9419757e-06
785893,800750,7145750,6.9572434e-06
785894,802250,7145750,6.9575162e-06
785895,803750,7145750,7.0661408e-06
785896,805250,7145750,7.1298186e-06
785897,806750,7145750,7.1283457e-06
785898,808250,7145750,7.0234641e-06
785899,809750,7145750,6.8810209e-06
785900,811250,7145750,6.9123748e-06
785901,812750,7145750,6.8060708e-06
785902,814250,7145750,6.4622491e-06
785903,815750,7145750,6.4530382e-06
846035,820250,7145750,5.3142767e-06
785908,557750,7144250,6.0368811e-06
785909,559250,7144250,6.1465262e-06
785910,560750,7144250,6.6145494e-06
785911,562250,7144250,6.7652404e-06
785912,563750,7144250,6.6836083e-06
785913,565250,7144250,6.6893058e-06
785914,566750,7144250,6.7042065e-06
785915,568250,7144250,6.7169162e-06
785916,569750,7144250,6.7229585e-06
785917,571250,7144250,6.723792e-06
785918,572750,7144250,6.618659e-06
785919,574250,7144250,6.4277124e-06
785920,575750,7144250,5.9841027e-06
785921,577250,7144250,5.8904002e-06
785922,578750,7144250,6.0791845e-06
785923,580250,7144250,4.8096695e-06
785926,584750,7144250,4.8025854e-06
785927,586250,7144250,5.9350241e-06
785928,587750,7144250,6.3550033e-06
785980,665750,7144250,3.8593548e-06
785982,668750,7144250,3.6237625e-06
785983,670250,7144250,3.5425398e-06
785985,673250,7144250,5.080833e-06
785986,674750,7144250,6.0814045e-06
785987,676250,7144250,6.3086841e-06
785989,692750,7144250,5.8735018e-06
785990,694250,7144250,6.5727777e-06
785991,695750,7144250,6.5741501e-06
785992,697250,7144250,6.6099296e-06
785993,698750,7144250,6.7142005e-06
785994,700250,7144250,6.8105323e-06
785995,701750,7144250,6.9020075e-06
785996,703250,7144250,6.8261952e-06
785997,704750,7144250,6.7786614e-06
785998,706250,7144250,6.7935912e-06
785999,707750,7144250,6.791407e-06
786000,709250,7144250,6.7789629e-06
786001,710750,7144250,6.7619858e-06
786002,712250,7144250,6.8486329e-06
786003,713750,7144250,7.170534e-06
786004,715250,7144250,7.302272e-06
786005,716750,7144250,7.3232513e-06
786006,718250,7144250,7.7041823e-06
786007,719750,7144250,7.970445e-06
786008,721250,7144250,7.9208712e-06
786009,722750,7144250,7.0679371e-06
786013,728750,7144250,3.82813e-06
786014,730250,7144250,3.7891175e-06
786015,731750,7144250,3.8522635e-06
786016,733250,7144250,3.7663419e-06
786059,797750,7144250,6.3757097e-06
786060,799250,7144250,6.5893528e-06
786061,800750,7144250,6.6508392e-06
786062,802250,7144250,6.685038e-06
786063,803750,7144250,6.8134063e-06
786064,805250,7144250,6.8781546e-06
786065,806750,7144250,6.8495956e-06
786066,808250,7144250,6.8679738e-06
786067,809750,7144250,6.893968e-06
786068,811250,7144250,6.8298518e-06
786069,812750,7144250,6.7129577e-06
786070,814250,7144250,6.5073041e-06
786071,815750,7144250,6.5588465e-06
846204,817250,7144250,6.6836296e-06
786073,553250,7142750,3.6993738e-06
786077,559250,7142750,4.49256e-06
786078,560750,7142750,6.1120613e-06
786079,562250,7142750,6.7809892e-06
786080,563750,7142750,6.7569781e-06
786081,565250,7142750,6.737062e-06
786082,566750,7142750,6.7221827e-06
786083,568250,7142750,6.7213491e-06
786084,569750,7142750,6.7140495e-06
786085,571250,7142750,6.7018286e-06
786086,572750,7142750,6.5860477e-06
786087,574250,7142750,6.158582e-06
786089,577250,7142750,4.1083676e-06
786090,578750,7142750,4.2023717e-06
786091,580250,7142750,3.8918797e-06
786094,584750,7142750,5.4318971e-06
786097,589250,7142750,4.4648564e-06
786157,679250,7142750,6.3277594e-06
786158,689750,7142750,4.2467946e-06
786159,691250,7142750,5.8115629e-06
786160,692750,7142750,6.5268964e-06
786161,694250,7142750,6.8431868e-06
786162,695750,7142750,6.8441495e-06
786163,697250,7142750,6.8771415e-06
786164,698750,7142750,6.9700318e-06
786165,700250,7142750,7.0577348e-06
786166,701750,7142750,7.1416375e-06
786167,703250,7142750,6.9577318e-06
786168,704750,7142750,6.8321151e-06
786169,706250,7142750,6.8131762e-06
786170,707750,7142750,6.7909327e-06
786171,709250,7142750,6.7680135e-06
786172,710750,7142750,6.733987e-06
786173,712250,7142750,6.7959909e-06
786174,713750,7142750,7.0632314e-06
786175,715250,7142750,7.1872455e-06
786176,716750,7142750,7.2318626e-06
786177,718250,7142750,7.5928197e-06
786178,719750,7142750,7.8319254e-06
786179,721250,7142750,7.7712148e-06
786180,722750,7142750,6.6064881e-06
786181,724250,7142750,4.7675171e-06
786182,725750,7142750,4.5910906e-06
786183,727250,7142750,4.3687037e-06
786185,730250,7142750,3.7512687e-06
786230,797750,7142750,5.1599e-06
786231,799250,7142750,6.4155629e-06
786232,800750,7142750,6.6845496e-06
786233,802250,7142750,6.7030142e-06
786234,803750,7142750,6.7466608e-06
786235,805250,7142750,6.7835467e-06
786236,806750,7142750,6.8064514e-06
786237,808250,7142750,6.8406216e-06
786238,809750,7142750,6.8656245e-06
786239,811250,7142750,6.7732799e-06
786240,812750,7142750,6.6447105e-06
786241,814250,7142750,6.4652809e-06
786242,815750,7142750,6.4713877e-06
786243,817250,7142750,6.5240583e-06
786245,553250,7141250,3.7175796e-06
786250,560750,7141250,5.1045208e-06
786251,562250,7141250,5.6732729e-06
786252,563750,7141250,5.6592194e-06
786253,565250,7141250,5.6660738e-06
786254,566750,7141250,5.8255514e-06
786255,568250,7141250,6.4541732e-06
786256,569750,7141250,6.36203e-06
786257,571250,7141250,5.7419797e-06
786258,572750,7141250,5.6170311e-06
786260,575750,7141250,3.9155675e-06
786266,584750,7141250,5.0821045e-06
786327,676250,7141250,3.4138125e-06
786328,677750,7141250,4.7878352e-06
786329,679250,7141250,6.4928627e-06
786330,680750,7141250,6.313433e-06
786331,682250,7141250,6.1484229e-06
786332,685250,7141250,6.0454595e-06
786333,686750,7141250,6.0695643e-06
786334,689750,7141250,6.1010619e-06
786335,691250,7141250,6.3291604e-06
786336,692750,7141250,6.7833098e-06
786337,694250,7141250,7.2959497e-06
786338,695750,7141250,7.3005476e-06
786339,697250,7141250,7.3316573e-06
786340,698750,7141250,7.4095392e-06
786341,700250,7141250,7.4696745e-06
786342,701750,7141250,7.5132139e-06
786343,703250,7141250,7.1490449e-06
786344,704750,7141250,6.9002758e-06
786345,706250,7141250,6.8565787e-06
786346,707750,7141250,6.79395e-06
786347,709250,7141250,6.7236124e-06
786348,710750,7141250,6.67531e-06
786349,712250,7141250,6.6886951e-06
786350,713750,7141250,6.8254622e-06
786351,715250,7141250,6.9159601e-06
786352,716750,7141250,6.9812613e-06
786353,718250,7141250,7.2366761e-06
786354,719750,7141250,7.3942356e-06
786355,721250,7141250,7.3375486e-06
786356,722750,7141250,7.0219912e-06
786357,724250,7141250,6.5299355e-06
786358,725750,7141250,6.3208763e-06
786407,799250,7141250,5.8427086e-06
786408,800750,7141250,6.2069348e-06
786409,802250,7141250,6.2925255e-06
786410,803750,7141250,6.5225067e-06
786411,805250,7141250,6.6620401e-06
786412,806750,7141250,6.7360706e-06
786413,808250,7141250,6.7785968e-06
786414,809750,7141250,6.7992596e-06
786415,811250,7141250,6.6980565e-06
786416,812750,7141250,6.5692357e-06
786417,814250,7141250,6.408673e-06
786418,815750,7141250,6.3548741e-06
786419,817250,7141250,6.3281041e-06
786425,559250,7139750,3.5126805e-06
786431,568250,7139750,6.0071079e-06
786432,569750,7139750,5.7576708e-06
786504,677750,7139750,4.0315063e-06
786505,679250,7139750,5.0450103e-06
786506,680750,7139750,6.013373e-06
786507,682250,7139750,6.5362365e-06
786508,683750,7139750,6.4436263e-06
786509,685250,7139750,6.4416217e-06
786510,686750,7139750,6.4725159e-06
786511,688250,7139750,6.4954852e-06
786512,689750,7139750,6.5080367e-06
786513,691250,7139750,6.5043077e-06
786514,692750,7139750,6.9377438e-06
786515,694250,7139750,7.5050948e-06
786516,695750,7139750,7.44927e-06
786517,697250,7139750,7.4565269e-06
786518,698750,7139750,7.5622129e-06
786519,700250,7139750,7.6048182e-06
786520,701750,7139750,7.6058241e-06
786521,703250,7139750,7.1752615e-06
786522,704750,7139750,6.9006423e-06
786523,706250,7139750,6.8928471e-06
786524,707750,7139750,6.8086788e-06
786525,709250,7139750,6.6932139e-06
786526,710750,7139750,6.5930599e-06
786527,712250,7139750,6.5774766e-06
786528,713750,7139750,6.7108235e-06
786529,715250,7139750,6.792377e-06
786530,716750,7139750,6.8527711e-06
786531,718250,7139750,7.0447522e-06
786532,719750,7139750,7.1620061e-06
786533,721250,7139750,7.1316508e-06
786534,722750,7139750,7.2997573e-06
786535,724250,7139750,7.5678172e-06
786536,725750,7139750,7.3897813e-06
786537,727250,7139750,6.5602762e-06
786540,731750,7139750,3.6384768e-06
786541,733250,7139750,3.4781438e-06
786586,800750,7139750,4.3265586e-06
786587,802250,7139750,4.5927432e-06
786588,803750,7139750,5.7829106e-06
786589,805250,7139750,6.4236747e-06
786590,806750,7139750,6.5275576e-06
786591,808250,7139750,6.5194026e-06
786592,809750,7139750,6.4898454e-06
786593,811250,7139750,6.4623996e-06
786594,812750,7139750,6.3861276e-06
786595,814250,7139750,6.2571271e-06
786596,815750,7139750,6.279809e-06
786597,817250,7139750,6.3318616e-06
786682,677750,7138250,3.3115027e-06
786683,679250,7138250,3.5152957e-06
786684,680750,7138250,5.5166183e-06
786685,682250,7138250,6.6302623e-06
786686,683750,7138250,6.5157674e-06
786687,685250,7138250,6.477509e-06
786688,686750,7138250,6.4709852e-06
786689,688250,7138250,6.5124268e-06
786690,689750,7138250,6.552948e-06
786691,691250,7138250,6.5918671e-06
786692,692750,7138250,7.0607384e-06
786693,694250,7138250,7.6319038e-06
786694,695750,7138250,7.4866302e-06
786695,697250,7138250,7.4563113e-06
786696,698750,7138250,7.597921e-06
786697,700250,7138250,7.6165288e-06
786698,701750,7138250,7.5671705e-06
786699,703250,7138250,7.1188192e-06
786700,704750,7138250,6.866077e-06
786701,706250,7138250,6.9270172e-06
786702,707750,7138250,6.8302688e-06
786703,709250,7138250,6.6704242e-06
786704,710750,7138250,6.4922665e-06
786705,712250,7138250,6.4680899e-06
786706,713750,7138250,6.7012538e-06
786707,715250,7138250,6.7959477e-06
786708,716750,7138250,6.8362392e-06
786709,718250,7138250,7.0179608e-06
786710,719750,7138250,7.148657e-06
786711,721250,7138250,7.1849468e-06
786712,722750,7138250,7.3676524e-06
786713,724250,7138250,7.6146612e-06
786714,725750,7138250,7.5456883e-06
786715,727250,7138250,6.7094516e-06
786764,800750,7138250,3.8621133e-06
786765,802250,7138250,4.1206176e-06
786766,803750,7138250,5.5112441e-06
786767,805250,7138250,6.2447907e-06
786768,806750,7138250,6.3310499e-06
786769,808250,7138250,6.3144603e-06
786770,809750,7138250,6.2795648e-06
786771,811250,7138250,6.2824024e-06
786772,812750,7138250,6.245466e-06
786773,814250,7138250,6.1615924e-06
786774,815750,7138250,6.2259528e-06
786775,817250,7138250,6.3224497e-06
786859,676250,7136750,3.3215686e-06
786860,677750,7136750,3.3631534e-06
786861,679250,7136750,3.6112108e-06
786862,680750,7136750,5.5768619e-06
786863,682250,7136750,6.6860366e-06
786864,683750,7136750,6.675044e-06
786865,685250,7136750,6.6740813e-06
786866,686750,7136750,6.6888747e-06
786867,688250,7136750,6.8241975e-06
786868,689750,7136750,6.4447545e-06
786869,691250,7136750,5.388214e-06
786870,692750,7136750,6.2586932e-06
786871,694250,7136750,7.522985e-06
786872,695750,7136750,6.3801067e-06
786873,697250,7136750,5.7418215e-06
786874,698750,7136750,5.7943125e-06
786875,700250,7136750,6.4981218e-06
786876,701750,7136750,7.321958e-06
786877,703250,7136750,7.0524184e-06
786878,704750,7136750,6.8945355e-06
786879,706250,7136750,6.915292e-06
786880,707750,7136750,6.9618268e-06
786881,709250,7136750,6.9980379e-06
786882,710750,7136750,6.8357722e-06
786883,712250,7136750,6.7877068e-06
786884,713750,7136750,6.9278435e-06
786885,715250,7136750,6.9713469e-06
786886,716750,7136750,6.9812327e-06
786887,718250,7136750,7.1134159e-06
786888,719750,7136750,7.221804e-06
786889,721250,7136750,7.2869689e-06
786890,722750,7136750,7.3683709e-06
786891,724250,7136750,7.46055e-06
786892,725750,7136750,7.4436662e-06
786893,727250,7136750,6.6024936e-06
786942,800750,7136750,5.3614367e-06
786943,802250,7136750,5.4400516e-06
786944,803750,7136750,5.9379627e-06
786945,805250,7136750,6.1711626e-06
786946,806750,7136750,6.1537253e-06
786947,808250,7136750,6.2448412e-06
786948,809750,7136750,6.3151069e-06
786949,811250,7136750,6.2533982e-06
786950,812750,7136750,6.2441227e-06
786951,814250,7136750,6.2769923e-06
786952,815750,7136750,6.2457893e-06
786953,817250,7136750,6.2345384e-06
786954,820250,7136750,5.8758801e-06
847088,821750,7136750,4.7926919e-06
847089,823250,7136750,4.5831371e-06
787039,677750,7135250,3.4069008e-06
787040,679250,7135250,3.6692556e-06
787041,680750,7135250,5.4118232e-06
787042,682250,7135250,6.5121535e-06
787043,683750,7135250,6.7721662e-06
787044,685250,7135250,6.8439194e-06
787045,686750,7135250,6.8871855e-06
787046,688250,7135250,7.1060158e-06
787047,689750,7135250,6.3020811e-06
787049,692750,7135250,5.4644361e-06
787050,694250,7135250,7.3691613e-06
787051,695750,7135250,5.2159189e-06
787052,697250,7135250,3.8838757e-06
787053,698750,7135250,3.726223e-06
787054,700250,7135250,5.2057671e-06
787055,701750,7135250,7.0410451e-06
787056,703250,7135250,6.9899693e-06
787057,704750,7135250,6.9364869e-06
787058,706250,7135250,6.888687e-06
787059,707750,7135250,7.1348622e-06
787060,709250,7135250,7.4427321e-06
787061,710750,7135250,7.3400633e-06
787062,712250,7135250,7.2681451e-06
787063,713750,7135250,7.2480279e-06
787064,715250,7135250,7.2238872e-06
787065,716750,7135250,7.2034113e-06
787066,718250,7135250,7.2714497e-06
787067,719750,7135250,7.3432248e-06
787068,721250,7135250,7.4178015e-06
787069,722750,7135250,7.3184374e-06
787070,724250,7135250,7.1649301e-06
787071,725750,7135250,7.1457471e-06
787072,727250,7135250,6.294063e-06
787073,728750,7135250,4.0623499e-06
787123,803750,7135250,6.0802049e-06
787124,805250,7135250,6.0935895e-06
787125,806750,7135250,6.0499574e-06
787126,808250,7135250,6.1931187e-06
787127,809750,7135250,6.3127072e-06
787128,811250,7135250,6.2525073e-06
787129,812750,7135250,6.2362624e-06
787130,814250,7135250,6.2675231e-06
787131,815750,7135250,6.1932483e-06
787132,817250,7135250,6.1470796e-06
787133,818750,7135250,6.2963263e-06
787134,820250,7135250,6.3457783e-06
787135,821750,7135250,6.3067728e-06
847271,823250,7135250,6.3405264e-06
787221,679250,7133750,3.5636126e-06
787222,680750,7133750,4.2602728e-06
787223,682250,7133750,5.253667e-06
787224,683750,7133750,6.5463669e-06
787225,685250,7133750,6.8486829e-06
787226,686750,7133750,6.9071084e-06
787227,688250,7133750,7.0612987e-06
787229,691250,7133750,4.1092876e-06
787231,694250,7133750,7.3871947e-06
787232,695750,7133750,6.4624069e-06
787233,697250,7133750,5.3323465e-06
787234,698750,7133750,4.0028322e-06
787235,700250,7133750,5.2818955e-06
787236,701750,7133750,7.1262552e-06
787237,703250,7133750,7.0938595e-06
787238,704750,7133750,6.5929667e-06
787239,706250,7133750,5.4941665e-06
787240,707750,7133750,6.2012805e-06
787241,709250,7133750,7.3383389e-06
787242,710750,7133750,7.3061519e-06
787243,712250,7133750,7.2788503e-06
787244,713750,7133750,7.260242e-06
787245,715250,7133750,7.2526259e-06
787246,716750,7133750,7.2529851e-06
787247,718250,7133750,7.3126898e-06
787248,719750,7133750,7.3756273e-06
787249,721250,7133750,7.4435943e-06
787250,722750,7133750,7.2769103e-06
787251,724250,7133750,7.0423957e-06
787252,725750,7133750,7.03672e-06
787306,806750,7133750,6.0325342e-06
787307,808250,7133750,6.1554497e-06
787308,809750,7133750,6.266539e-06
787309,811250,7133750,6.2991066e-06
787310,812750,7133750,6.203702e-06
787311,814250,7133750,6.0209813e-06
787312,815750,7133750,6.0119432e-06
787313,817250,7133750,6.0574653e-06
787314,818750,7133750,6.2377785e-06
787315,820250,7133750,6.2907079e-06
787316,821750,7133750,6.2409254e-06
787317,823250,7133750,6.2788245e-06
847454,824750,7133750,6.0037237e-06
787403,679250,7132250,3.4738187e-06
787404,680750,7132250,3.4874336e-06
787409,688250,7132250,6.5360641e-06
787410,689750,7132250,5.7758912e-06
787413,694250,7132250,7.4073837e-06
787414,695750,7132250,7.459616e-06
787415,697250,7132250,6.4562282e-06
787416,698750,7132250,4.1859334e-06
787417,700250,7132250,5.2036908e-06
787418,701750,7132250,6.9312491e-06
787419,703250,7132250,6.9537659e-06
787420,704750,7132250,6.0873031e-06
787421,706250,7132250,4.0860809e-06
787422,707750,7132250,5.2787846e-06
787423,709250,7132250,7.1889699e-06
787424,710750,7132250,7.2103085e-06
787425,712250,7132250,7.2227381e-06
787426,713750,7132250,7.2220914e-06
787427,715250,7132250,7.240053e-06
787428,716750,7132250,7.266277e-06
787429,718250,7132250,7.326556e-06
787430,719750,7132250,7.3841052e-06
787431,721250,7132250,7.4383497e-06
787432,722750,7132250,7.2387597e-06
787433,724250,7132250,6.9810962e-06
787434,725750,7132250,7.0004589e-06
787488,806750,7132250,6.0360981e-06
787489,808250,7132250,6.1515771e-06
787490,809750,7132250,6.2506965e-06
787491,811250,7132250,6.298676e-06
787492,812750,7132250,6.1705159e-06
787493,814250,7132250,5.9168256e-06
787494,815750,7132250,5.9447452e-06
787495,817250,7132250,6.0331522e-06
787496,818750,7132250,6.229157e-06
787497,820250,7132250,6.2841482e-06
787498,821750,7132250,6.2340355e-06
787499,823250,7132250,6.2823019e-06
847637,824750,7132250,5.8646792e-06
787594,692750,7130750,5.4073253e-06
787595,694250,7130750,7.3145579e-06
787596,695750,7130750,7.3121869e-06
787597,697250,7130750,6.2747868e-06
787598,698750,7130750,4.0678246e-06
787599,700250,7130750,4.2376196e-06
787600,701750,7130750,4.9381169e-06
787601,703250,7130750,5.0166523e-06
787602,704750,7130750,4.6693385e-06
787603,706250,7130750,3.7979546e-06
787604,707750,7130750,5.3115896e-06
787605,709250,7130750,7.2029802e-06
787606,710750,7130750,7.1788181e-06
787607,712250,7130750,7.163881e-06
787608,713750,7130750,7.1589739e-06
787609,715250,7130750,6.2857148e-06
787610,716750,7130750,5.429763e-06
787611,718250,7130750,6.4365781e-06
787612,719750,7130750,6.5749905e-06
787613,721250,7130750,5.6618419e-06
787614,722750,7130750,5.3347389e-06
787615,724250,7130750,5.1953134e-06
787616,725750,7130750,5.2470859e-06
787670,806750,7130750,6.0539305e-06
787671,808250,7130750,6.1702358e-06
787672,809750,7130750,6.2527229e-06
787673,811250,7130750,6.2570548e-06
787674,812750,7130750,6.1456926e-06
787675,814250,7130750,5.9583026e-06
787676,815750,7130750,5.99345e-06
787677,817250,7130750,6.0832435e-06
787678,818750,7130750,6.282884e-06
787679,820250,7130750,6.3473808e-06
787680,821750,7130750,6.3206176e-06
787681,823250,7130750,6.3994048e-06
847820,824750,7130750,6.2689242e-06
787776,692750,7129250,5.0353397e-06
787777,694250,7129250,6.5261279e-06
787778,695750,7129250,6.5349791e-06
787779,697250,7129250,5.6865574e-06
787780,698750,7129250,3.9039496e-06
787783,703250,7129250,3.611412e-06
787784,704750,7129250,3.777895e-06
787785,706250,7129250,4.0138607e-06
787786,707750,7129250,5.3546473e-06
787787,709250,7129250,6.8314685e-06
787788,710750,7129250,7.0349597e-06
787789,712250,7129250,7.0270635e-06
787790,713750,7129250,6.8379563e-06
787791,715250,7129250,5.4243314e-06
787792,716750,7129250,4.0620193e-06
787793,718250,7129250,5.7265756e-06
787796,722750,7129250,3.3857923e-06
787797,724250,7129250,3.2994612e-06
787798,725750,7129250,3.3119913e-06
787852,806750,7129250,6.1514834e-06
787853,808250,7129250,6.1862502e-06
787854,809750,7129250,6.2043628e-06
787855,811250,7129250,6.2095069e-06
787856,812750,7129250,6.1000774e-06
787859,817250,7129250,6.046329e-06
787860,818750,7129250,6.2151471e-06
787861,820250,7129250,6.2718195e-06
787862,821750,7129250,6.2597064e-06
787957,692750,7127750,4.0609416e-06
787958,694250,7127750,4.5361999e-06
787962,700250,7127750,3.5511544e-06
787963,701750,7127750,3.5598694e-06
787965,704750,7127750,4.3239147e-06
787969,710750,7127750,6.4592814e-06
787970,712250,7127750,6.5139784e-06
787971,713750,7127750,5.1790976e-06
787972,715250,7127750,5.3753538e-06
787973,716750,7127750,5.868164e-06
787974,718250,7127750,6.4443088e-06
787977,722750,7127750,3.4014763e-06
788033,806750,7127750,6.2986687e-06
788034,808250,7127750,6.1964524e-06
788037,812750,7127750,6.0434695e-06
788040,817250,7127750,5.9524973e-06
788041,818750,7127750,6.0608131e-06
788042,820250,7127750,6.0892212e-06
788043,821750,7127750,6.0732641e-06
788044,823250,7127750,6.1530932e-06
788142,697250,7126250,3.574253e-06
788146,703250,7126250,3.5413184e-06
788147,704750,7126250,4.5847396e-06
788150,709250,7126250,4.4597837e-06
788151,710750,7126250,6.1763212e-06
788152,712250,7126250,6.1949363e-06
788153,713750,7126250,4.4454359e-06
788154,715250,7126250,5.582157e-06
788155,716750,7126250,6.9955804e-06
788156,718250,7126250,6.5445633e-06
788157,719750,7126250,5.4872835e-06
788222,817250,7126250,5.9761924e-06
788223,818750,7126250,6.0772086e-06
788224,820250,7126250,6.0855286e-06
788225,823250,7126250,5.2492628e-06
848365,824750,7126250,4.5242232e-06
788324,698750,7124750,3.3690592e-06
788325,700250,7124750,3.3796134e-06
788329,706250,7124750,6.2815043e-06
788331,709250,7124750,5.8316946e-06
788332,710750,7124750,6.3535808e-06
788334,713750,7124750,5.8008723e-06
788335,715250,7124750,6.2120216e-06
788336,716750,7124750,6.4677665e-06
788337,718250,7124750,5.0172557e-06
788338,719750,7124750,3.9923571e-06
788402,815750,7124750,4.8841239e-06
788403,817250,7124750,6.0369675e-06
788404,818750,7124750,6.1542642e-06
788405,820250,7124750,6.1514766e-06
788406,821750,7124750,6.0444827e-06
788407,823250,7124750,3.9433648e-06
848548,826250,7124750,5.0425747e-06
848549,827750,7124750,5.7546536e-06
788512,707750,7123250,5.5303412e-06
788513,709250,7123250,5.5807345e-06
788514,710750,7123250,5.5756118e-06
788515,712250,7123250,5.6159174e-06
788516,713750,7123250,5.6989074e-06
788517,715250,7123250,5.7446809e-06
788518,716750,7123250,5.4756947e-06
788519,718250,7123250,3.8932303e-06
788584,815750,7123250,3.9988163e-06
788585,817250,7123250,4.9709938e-06
788586,818750,7123250,5.9791091e-06
788587,820250,7123250,6.2246449e-06
788588,821750,7123250,6.122752e-06
788589,823250,7123250,4.7931235e-06
848732,826250,7123250,5.7540069e-06
848733,827750,7123250,6.4033129e-06
848734,829250,7123250,6.7405322e-06
848735,830750,7123250,6.6872435e-06
848736,832250,7123250,6.7912774e-06
848737,833750,7123250,7.1632057e-06
788695,709250,7121750,3.8485132e-06
788696,710750,7121750,3.8802909e-06
788697,712250,7121750,3.9015431e-06
788698,713750,7121750,3.9165375e-06
788699,715250,7121750,3.9906472e-06
788768,818750,7121750,5.7636844e-06
788769,820250,7121750,6.280362e-06
788770,821750,7121750,6.2788749e-06
788771,826250,7121750,6.2173453e-06
788772,827750,7121750,6.5184472e-06
788773,829250,7121750,6.8494087e-06
788774,830750,7121750,6.7531341e-06
788775,832250,7121750,6.8627578e-06
848924,833750,7121750,7.288334e-06
788880,707750,7120250,3.3587205e-06
788881,709250,7120250,3.3464346e-06
788882,710750,7120250,3.3455294e-06
788883,712250,7120250,3.3031613e-06
788884,713750,7120250,3.2295618e-06
788954,818750,7120250,4.3868808e-06
788955,820250,7120250,5.4267025e-06
788956,821750,7120250,6.3542134e-06
788957,823250,7120250,6.2989561e-06
788958,824750,7120250,6.2536569e-06
788959,826250,7120250,6.2248105e-06
788960,827750,7120250,6.5166728e-06
788961,829250,7120250,6.8689224e-06
788962,830750,7120250,6.8026798e-06
788963,832250,7120250,6.9582061e-06
788964,833750,7120250,7.4253453e-06
788965,835250,7120250,7.5373541e-06
788966,836750,7120250,7.3891347e-06
789071,707750,7118750,3.4370189e-06
789074,712250,7118750,3.3344722e-06
789075,713750,7118750,3.2056082e-06
789076,715250,7118750,3.2374649e-06
789146,820250,7118750,4.7562444e-06
789147,821750,7118750,6.4044484e-06
789148,823250,7118750,6.3768807e-06
789149,824750,7118750,6.3110479e-06
789150,826250,7118750,6.2056488e-06
789151,827750,7118750,6.5089562e-06
789152,829250,7118750,6.8782047e-06
789153,830750,7118750,6.85137e-06
789154,832250,7118750,7.0603573e-06
789155,833750,7118750,7.5667394e-06
789156,835250,7118750,7.6795386e-06
789157,836750,7118750,7.6331971e-06
789158,838250,7118750,7.1655768e-06
789338,820250,7117250,4.743822e-06
789339,821750,7117250,6.3146617e-06
789340,823250,7117250,6.4361111e-06
789341,824750,7117250,6.4500637e-06
789342,826250,7117250,6.3525463e-06
789343,827750,7117250,6.619442e-06
789344,829250,7117250,6.9258176e-06
789345,830750,7117250,6.9190496e-06
789346,832250,7117250,7.0417564e-06
789347,833750,7117250,7.3221736e-06
789348,835250,7117250,7.3792198e-06
789349,836750,7117250,7.3634137e-06
789350,838250,7117250,7.2421367e-06
789529,818750,7115750,3.7781249e-06
789530,820250,7115750,5.0337876e-06
789531,821750,7115750,6.2714744e-06
789532,823250,7115750,6.4796e-06
789533,824750,7115750,6.5489103e-06
789534,826250,7115750,6.4761871e-06
789535,827750,7115750,6.710055e-06
789536,829250,7115750,6.9612665e-06
789537,830750,7115750,6.9730709e-06
789538,832250,7115750,7.0089582e-06
789539,833750,7115750,7.069295e-06
789540,835250,7115750,7.0627425e-06
789541,836750,7115750,7.0499327e-06
789542,838250,7115750,7.0805895e-06
789543,839750,7115750,7.0853816e-06
789544,841250,7115750,7.0031315e-06
789545,842750,7115750,6.8334371e-06
789546,844250,7115750,6.3122043e-06
789725,818750,7114250,5.3811877e-06
789726,820250,7114250,5.9295207e-06
789727,821750,7114250,6.3208977e-06
789728,823250,7114250,6.4623709e-06
789729,824750,7114250,6.5276722e-06
789730,826250,7114250,6.5201643e-06
789731,827750,7114250,6.7307037e-06
789732,829250,7114250,6.9344824e-06
789733,830750,7114250,6.9431399e-06
789734,832250,7114250,6.9819584e-06
789735,833750,7114250,7.0484957e-06
789736,835250,7114250,7.0325814e-06
789737,836750,7114250,7.0108408e-06
789738,838250,7114250,7.0287665e-06
789739,842750,7114250,6.9344246e-06
789740,844250,7114250,6.6515145e-06
789920,820250,7112750,6.0299767e-06
789921,821750,7112750,6.3881821e-06
789922,823250,7112750,6.4852111e-06
789923,824750,7112750,6.5312574e-06
789924,826250,7112750,6.5382769e-06
789925,827750,7112750,6.7491537e-06
789926,829250,7112750,6.9345037e-06
789927,830750,7112750,6.9360844e-06
789928,832250,7112750,6.9802918e-06
789929,833750,7112750,7.058547e-06
789930,835250,7112750,7.0420006e-06
789931,836750,7112750,7.0142896e-06
789932,838250,7112750,7.0062929e-06
789933,841250,7112750,6.924517e-06
789934,842750,7112750,6.9019502e-06
789935,844250,7112750,6.8810427e-06
790116,821750,7111250,6.4799951e-06
790117,823250,7111250,6.5652839e-06
790118,824750,7111250,6.5658155e-06
790119,826250,7111250,6.5066502e-06
790120,827750,7111250,6.7692349e-06
790121,829250,7111250,6.9901275e-06
790122,830750,7111250,6.9824687e-06
790123,832250,7111250,7.0461392e-06
790124,833750,7111250,7.1620848e-06
790125,835250,7111250,7.192275e-06
790126,836750,7111250,7.191341e-06
790127,838250,7111250,7.1267582e-06
790128,839750,7111250,7.0587985e-06
790129,841250,7111250,6.9873468e-06
790130,842750,7111250,6.9336988e-06
790131,844250,7111250,6.8804752e-06
790312,821750,7109750,5.6642489e-06
790313,823250,7109750,6.3710827e-06
790314,824750,7109750,6.5988079e-06
790315,826250,7109750,6.5319114e-06
790316,827750,7109750,6.7801343e-06
790317,829250,7109750,6.9899693e-06
790318,830750,7109750,7.0152737e-06
790319,832250,7109750,6.8214026e-06
790320,833750,7109750,6.5258978e-06
790321,835250,7109750,6.5861414e-06
790322,836750,7109750,6.6421671e-06
790323,838250,7109750,6.6024286e-06
790324,839750,7109750,6.7691344e-06
790325,841250,7109750,7.0338174e-06
790326,842750,7109750,6.9608932e-06
790327,844250,7109750,6.8706036e-06
790328,845750,7109750,6.7978517e-06
790509,821750,7108250,4.2875818e-06
790510,823250,7108250,6.0157872e-06
790511,824750,7108250,6.6342136e-06
790512,826250,7108250,6.612207e-06
790513,827750,7108250,6.7760388e-06
790514,829250,7108250,6.931788e-06
790515,830750,7108250,7.0348447e-06
790516,832250,7108250,6.1612332e-06
790517,833750,7108250,4.737054e-06
790518,835250,7108250,4.7101694e-06
790519,836750,7108250,4.740632e-06
790520,838250,7108250,4.7299127e-06
790521,839750,7108250,5.6371555e-06
790522,841250,7108250,7.0778378e-06
790523,842750,7108250,6.975722e-06
790524,844250,7108250,6.8334875e-06
790525,845750,7108250,6.8173795e-06
790526,847250,7108250,6.161255e-06
790710,824750,7106750,5.4822685e-06
790711,826250,7106750,5.5193991e-06
790712,827750,7106750,6.3482139e-06
790713,829250,7106750,6.9237412e-06
790714,830750,7106750,7.0125293e-06
790715,832250,7106750,6.2364638e-06
790716,833750,7106750,4.9329942e-06
790717,835250,7106750,4.2453289e-06
790718,836750,7106750,3.7952459e-06
790719,838250,7106750,3.7360946e-06
790720,839750,7106750,5.0491344e-06
790721,841250,7106750,7.1406389e-06
790722,842750,7106750,6.5907466e-06
790723,844250,7106750,6.1912074e-06
790724,845750,7106750,6.2436411e-06
790909,824750,7105250,3.8281228e-06
790910,826250,7105250,3.8841631e-06
790911,827750,7105250,5.7390125e-06
790912,829250,7105250,6.9408693e-06
790913,830750,7105250,6.9577818e-06
790914,832250,7105250,6.9301568e-06
790915,833750,7105250,6.8247723e-06
790916,835250,7105250,5.0120757e-06
790917,836750,7105250,3.8056348e-06
790918,838250,7105250,3.7167104e-06
790919,839750,7105250,5.0737272e-06
790920,841250,7105250,7.1621785e-06
790921,842750,7105250,5.5633618e-06
790922,844250,7105250,4.5066922e-06
791112,830750,7103750,6.6941625e-06
791113,832250,7103750,7.1469326e-06
791114,833750,7103750,7.3994088e-06
791115,835250,7103750,6.0221955e-06
791116,836750,7103750,5.0542135e-06
791314,832250,7102250,7.1722011e-06
791315,833750,7102250,7.4739855e-06
791316,835250,7102250,7.2158405e-06
791317,836750,7102250,6.9683579e-06
791318,838250,7102250,6.812817e-06
791517,833750,7100750,7.4340387e-06
791518,835250,7100750,7.3808724e-06
791519,836750,7100750,7.3249039e-06
791520,838250,7100750,7.2632592e-06
791722,833750,7099250,7.3613301e-06
791723,835250,7099250,7.3247602e-06
791724,836750,7099250,7.2984644e-06
791725,838250,7099250,7.293866e-06
791734,851750,7099250,4.972158e-06
791735,853250,7099250,6.9882808e-06
791929,836750,7097750,6.011433e-06
791930,838250,7097750,7.1036879e-06
791931,839750,7097750,5.6718432e-06
791938,850250,7097750,5.6220174e-06
791939,851750,7097750,6.3027064e-06
791940,853250,7097750,7.8882531e-06
791941,854750,7097750,6.3909197e-06
792136,838250,7096250,6.8402769e-06
792137,839750,7096250,5.5970868e-06
792143,848750,7096250,7.7320583e-06
792144,850250,7096250,7.7099294e-06
792145,851750,7096250,7.8388939e-06
792146,853250,7096250,8.1816743e-06
792147,854750,7096250,6.3405118e-06
792351,848750,7094750,8.2969163e-06
792352,850250,7094750,8.323068e-06
792353,851750,7094750,8.3685472e-06
792354,853250,7094750,8.4364428e-06
792355,854750,7094750,7.3572346e-06
792356,856250,7094750,6.4795063e-06
792357,857750,7094750,7.9736783e-06
792358,859250,7094750,7.4874924e-06
792557,847250,7093250,6.4492947e-06
792558,848750,7093250,8.6621121e-06
792559,850250,7093250,8.6993286e-06
792560,851750,7093250,8.7065137e-06
792561,853250,7093250,8.6873306e-06
792562,854750,7093250,8.7357557e-06
792563,856250,7093250,8.7552971e-06
792564,857750,7093250,8.9131445e-06
792565,859250,7093250,7.6382985e-06
792566,860750,7093250,5.0563835e-06
792765,847250,7091750,6.5326872e-06
792766,848750,7091750,8.6705904e-06
792767,850250,7091750,8.6682912e-06
792768,851750,7091750,8.6924319e-06
792769,853250,7091750,8.7336002e-06
792770,854750,7091750,8.7987646e-06
792771,856250,7091750,8.8777242e-06
792772,857750,7091750,8.9775194e-06
792773,859250,7091750,8.2390798e-06
792774,860750,7091750,6.7801843e-06
792775,862250,7091750,5.6337717e-06
792776,863750,7091750,5.074151e-06
792778,869750,7091750,7.3486849e-06
792976,847250,7090250,6.3416328e-06
792977,848750,7090250,8.2303859e-06
792978,850250,7090250,8.2598435e-06
792979,851750,7090250,8.3602854e-06
792980,853250,7090250,8.5114498e-06
792981,854750,7090250,8.5689271e-06
792982,856250,7090250,8.6581613e-06
792983,857750,7090250,8.863427e-06
792984,859250,7090250,8.9879368e-06
792985,860750,7090250,8.9342675e-06
792986,862250,7090250,6.6297307e-06
792987,863750,7090250,5.4398502e-06
792988,865250,7090250,7.8947187e-06
792989,866750,7090250,9.0904623e-06
792990,868250,7090250,9.4917968e-06
792991,872750,7090250,6.4058636e-06
793189,847250,7088750,5.1302272e-06
793190,848750,7088750,5.9267618e-06
793191,850250,7088750,5.9696972e-06
793192,851750,7088750,6.0669058e-06
793193,853250,7088750,6.1991395e-06
793194,854750,7088750,6.2561639e-06
793195,856250,7088750,6.3546659e-06
793197,859250,7088750,7.5455446e-06
793198,860750,7088750,8.9380756e-06
793199,862250,7088750,7.791763e-06
793200,863750,7088750,7.184372e-06
793201,865250,7088750,8.5271131e-06
793202,866750,7088750,9.2033333e-06
793203,868250,7088750,9.4233274e-06
793204,871250,7088750,8.964802e-06
793205,872750,7088750,7.3865481e-06
793206,874250,7088750,6.0610646e-06
793413,860750,7087250,8.9571149e-06
793414,862250,7087250,8.7841081e-06
793415,863750,7087250,8.7001908e-06
793416,865250,7087250,8.8323168e-06
793417,866750,7087250,9.0742242e-06
793418,868250,7087250,9.3140488e-06
793419,869750,7087250,9.307726e-06
793420,871250,7087250,9.2757546e-06
793421,872750,7087250,9.1471484e-06
793422,874250,7087250,7.4434506e-06
793423,875750,7087250,4.9489367e-06
793631,862250,7085750,7.3968222e-06
793632,863750,7085750,6.4203264e-06
793633,865250,7085750,6.5225927e-06
793634,866750,7085750,7.6687611e-06
793635,868250,7085750,9.2628934e-06
793636,869750,7085750,9.2954406e-06
793637,871250,7085750,9.3100971e-06
793638,872750,7085750,9.2956561e-06
793639,874250,7085750,8.3587047e-06
793640,875750,7085750,6.8897143e-06
793848,862250,7084250,6.0570987e-06
793849,863750,7084250,4.6325677e-06
793850,865250,7084250,4.6423174e-06
793851,866750,7084250,6.389037e-06
793852,868250,7084250,8.884047e-06
793853,869750,7084250,9.0257281e-06
793854,871250,7084250,9.1616621e-06
793855,872750,7084250,9.2263954e-06
793856,874250,7084250,9.2709406e-06
793857,875750,7084250,9.2202172e-06
793858,877250,7084250,6.4433029e-06
794068,865250,7082750,4.5964789e-06
794069,866750,7082750,5.3445601e-06
794070,868250,7082750,6.3902012e-06
794071,869750,7082750,6.4934088e-06
794072,871250,7082750,7.1815698e-06
794073,872750,7082750,8.7136987e-06
794074,874250,7082750,9.1658285e-06
794075,875750,7082750,9.0652438e-06
794076,877250,7082750,6.3233265e-06
794285,863750,7081250,4.8014431e-06
794286,865250,7081250,5.2168384e-06
794287,866750,7081250,5.2768019e-06
794288,868250,7081250,5.2354394e-06
794289,869750,7081250,5.179435e-06
794290,871250,7081250,6.1089004e-06
794291,872750,7081250,8.4493749e-06
794292,874250,7081250,9.0793255e-06
794293,875750,7081250,8.8946799e-06
794294,877250,7081250,6.1732098e-06
794505,865250,7079750,7.1806571e-06
794506,866750,7079750,7.5160874e-06
794507,868250,7079750,7.4688123e-06
794508,869750,7079750,7.4323862e-06
794509,871250,7079750,7.8365956e-06
794510,872750,7079750,8.8370589e-06
794511,874250,7079750,9.0825588e-06
794512,875750,7079750,8.7887784e-06
794513,877250,7079750,6.0830712e-06
794516,886250,7079750,5.814753e-06
794726,865250,7078250,7.2570087e-06
794727,866750,7078250,8.1553781e-06
794728,868250,7078250,8.6800019e-06
794729,869750,7078250,8.7178651e-06
794732,874250,7078250,9.0385165e-06
794733,875750,7078250,8.6487489e-06
794734,877250,7078250,5.976724e-06
794739,884750,7078250,8.1602639e-06
794951,868250,7076750,8.5561387e-06
794952,869750,7076750,8.5816446e-06
794953,871250,7076750,8.6912823e-06
794955,874250,7076750,8.8961169e-06
794956,875750,7076750,8.4258809e-06
794957,877250,7076750,5.8246392e-06
794961,883250,7076750,7.9598121e-06
794962,884750,7076750,9.0387321e-06
794963,886250,7076750,8.9853502e-06
794964,887750,7076750,7.7240111e-06
794965,889250,7076750,7.4765717e-06
795181,871250,7075250,7.8778348e-06
795183,874250,7075250,8.8282222e-06
795184,875750,7075250,8.3910354e-06
795185,877250,7075250,6.3827147e-06
795186,878750,7075250,6.4897231e-06
795188,881750,7075250,9.175169e-06
795189,883250,7075250,9.5445321e-06
795190,884750,7075250,9.6362801e-06
795191,886250,7075250,9.5785153e-06
795192,887750,7075250,9.3933668e-06
795193,889250,7075250,9.2021119e-06
795194,890750,7075250,9.1124466e-06
795413,872750,7073750,8.6978926e-06
795414,874250,7073750,8.8443876e-06
795415,875750,7073750,8.6497548e-06
795416,877250,7073750,8.0141999e-06
795417,878750,7073750,8.0386999e-06
795420,883250,7073750,9.563787e-06
795421,884750,7073750,9.6505782e-06
795422,886250,7073750,9.5809582e-06
795423,887750,7073750,9.3935105e-06
795424,889250,7073750,7.862388e-06
795425,890750,7073750,6.9970101e-06
795427,893750,7073750,8.1948938e-06
795428,895250,7073750,6.6847001e-06
795648,872750,7072250,7.1893292e-06
795649,874250,7072250,8.023253e-06
795650,875750,7072250,8.5460088e-06
795651,877250,7072250,8.5780521e-06
795652,878750,7072250,8.5825068e-06
795655,883250,7072250,9.3339504e-06
795656,884750,7072250,9.4162142e-06
795657,886250,7072250,9.0812655e-06
795658,887750,7072250,8.5233769e-06
795659,889250,7072250,6.9215785e-06
795660,890750,7072250,6.1106389e-06
795662,893750,7072250,8.7889939e-06
795663,895250,7072250,8.6132568e-06
795884,874250,7070750,6.746036e-06
795885,875750,7070750,8.1540138e-06
795886,877250,7070750,8.2618553e-06
795887,878750,7070750,8.2914557e-06
795888,880250,7070750,8.27644e-06
795891,884750,7070750,8.8251327e-06
795892,886250,7070750,7.7201321e-06
795893,887750,7070750,6.0012021e-06
795894,889250,7070750,7.0979331e-06
795895,890750,7070750,7.9756182e-06
795896,892250,7070750,8.5006013e-06
795897,893750,7070750,7.7108634e-06
795898,895250,7070750,6.1912938e-06
796119,875750,7069250,6.8070908e-06
796120,877250,7069250,7.8447138e-06
796121,878750,7069250,7.6351371e-06
796122,880250,7069250,6.8565359e-06
796125,884750,7069250,8.2906654e-06
796126,886250,7069250,7.4936715e-06
796127,887750,7069250,5.827786e-06
796128,889250,7069250,7.7203476e-06
796129,890750,7069250,8.9608502e-06
796130,892250,7069250,8.6902046e-06
796131,893750,7069250,6.9765124e-06
796132,895250,7069250,4.5350357e-06
796350,877250,7067750,7.4470431e-06
796351,878750,7067750,6.7482702e-06
796357,887750,7067750,8.1242688e-06
796358,889250,7067750,8.6307155e-06
796359,890750,7067750,8.9213354e-06
796360,892250,7067750,8.7016278e-06
796361,893750,7067750,6.9121306e-06
796362,919250,7067750,4.158107e-06
796586,886250,7066250,7.5436765e-06
796587,887750,7066250,8.4280364e-06
796588,889250,7066250,7.743266e-06
796589,890750,7066250,7.6212709e-06
796590,892250,7066250,8.2296683e-06
796591,893750,7066250,6.6251755e-06
796592,916250,7066250,4.1844532e-06
796593,917750,7066250,4.2350762e-06
796594,919250,7066250,4.2607544e-06
796595,920750,7066250,4.2972451e-06
796596,925250,7066250,4.4176459e-06
796821,887750,7064750,7.6259407e-06
796822,889250,7064750,5.7353122e-06
796823,890750,7064750,5.5100518e-06
796824,892250,7064750,7.4392833e-06
796825,893750,7064750,6.1467563e-06
796828,907250,7064750,3.9911861e-06
796829,908750,7064750,4.020183e-06
796830,910250,7064750,4.0293148e-06
796832,916250,7064750,4.1924068e-06
796833,917750,7064750,4.2891843e-06
796834,919250,7064750,4.3044729e-06
796835,920750,7064750,4.3508931e-06
796836,922250,7064750,4.435241e-06
796837,925250,7064750,4.4176459e-06
797068,907250,7063250,4.0268292e-06
797069,908750,7063250,4.0868499e-06
797070,910250,7063250,4.1142162e-06
797071,911750,7063250,4.0370242e-06
797072,917750,7063250,4.3328882e-06
797073,919250,7063250,4.3438308e-06
797074,920750,7063250,4.4028384e-06
797075,922250,7063250,4.5171032e-06
797076,923750,7063250,4.5546644e-06
797077,926750,7063250,3.13841e-06
797309,908750,7061750,4.0609775e-06
797310,910250,7061750,4.108806e-06
797311,911750,7061750,4.025148e-06
797312,917750,7061750,4.330424e-06
797313,919250,7061750,4.3650398e-06
797314,920750,7061750,4.4429144e-06
797315,922250,7061750,4.5643924e-06
797316,923750,7061750,4.5674819e-06
797317,926750,7061750,3.5486901e-06
797544,890750,7060250,6.1491342e-06
797545,892250,7060250,7.356588e-06
797546,893750,7060250,5.7287098e-06
797549,901250,7060250,4.5578186e-06
797550,902750,7060250,5.0573535e-06
797559,919250,7060250,4.379639e-06
797560,920750,7060250,4.4769408e-06
797561,922250,7060250,4.6118184e-06
797562,923750,7060250,4.503639e-06
797786,886250,7058750,3.7702216e-06
797788,889250,7058750,6.2713093e-06
797789,890750,7058750,7.2712342e-06
797790,892250,7058750,7.4303025e-06
797791,893750,7058750,5.6025469e-06
797792,895250,7058750,4.3639116e-06
797793,896750,7058750,6.2497411e-06
797794,898250,7058750,5.9568583e-06
797795,899750,7058750,3.9810698e-06
797796,901250,7058750,5.6966946e-06
797797,902750,7058750,6.8601212e-06
797806,920750,7058750,4.4933431e-06
797807,922250,7058750,4.6595101e-06
797808,923750,7058750,4.1010321e-06
798033,887750,7057250,6.023884e-06
798035,890750,7057250,7.2452976e-06
798036,892250,7057250,7.4003424e-06
798037,893750,7057250,6.5247914e-06
798038,895250,7057250,5.9617082e-06
798039,896750,7057250,6.8985014e-06
798040,898250,7057250,6.0769071e-06
798041,899750,7057250,3.954925e-06
798042,901250,7057250,5.0171766e-06
798043,902750,7057250,5.9728013e-06
798044,904250,7057250,5.4662537e-06
798045,905750,7057250,5.1821512e-06
798050,913250,7057250,4.9491523e-06
798051,914750,7057250,4.3247264e-06
798052,922250,7057250,4.6901528e-06
798053,923750,7057250,3.9667725e-06
798054,926750,7057250,4.4415633e-06
798279,887750,7055750,6.8332429e-06
798280,889250,7055750,7.0535175e-06
798281,890750,7055750,7.2078656e-06
798282,892250,7055750,7.3534989e-06
798283,893750,7055750,7.3873384e-06
798284,895250,7055750,7.4019231e-06
798285,896750,7055750,7.3792917e-06
798286,898250,7055750,6.0827265e-06
798287,899750,7055750,3.924742e-06
798288,901250,7055750,3.8614739e-06
798289,902750,7055750,4.5265219e-06
798290,904250,7055750,6.4520468e-06
798291,905750,7055750,7.1423774e-06
798292,907250,7055750,7.1388499e-06
798293,908750,7055750,7.0732322e-06
798294,910250,7055750,7.0860497e-06
798295,911750,7055750,7.2931475e-06
798296,913250,7055750,6.1730593e-06
798297,914750,7055750,4.3300433e-06
798298,916250,7055750,4.2897518e-06
798299,917750,7055750,4.3238642e-06
798300,919250,7055750,4.3762548e-06
798301,922250,7055750,4.6888022e-06
798302,923750,7055750,4.434738e-06
798303,925250,7055750,4.3248128e-06
798304,926750,7055750,4.6617088e-06
798305,928250,7055750,4.7962199e-06
798530,887750,7054250,5.212607e-06
798531,889250,7054250,6.5795957e-06
798532,890750,7054250,7.1208592e-06
798533,892250,7054250,7.2168464e-06
798534,893750,7054250,7.2414182e-06
798535,895250,7054250,7.2907046e-06
798536,896750,7054250,7.3948822e-06
798537,898250,7054250,6.82973e-06
798538,899750,7054250,5.8369251e-06
798539,901250,7054250,5.7967122e-06
798540,902750,7054250,6.0914053e-06
798541,904250,7054250,7.1166637e-06
798542,905750,7054250,7.5281578e-06
798543,907250,7054250,7.586641e-06
798544,908750,7054250,7.5992857e-06
798545,910250,7054250,7.6770239e-06
798546,911750,7054250,7.8980238e-06
798547,913250,7054250,7.1139693e-06
798548,914750,7054250,5.743625e-06
798549,916250,7054250,4.8850438e-06
798550,917750,7054250,4.3687469e-06
798551,919250,7054250,4.4019616e-06
798552,920750,7054250,4.522542e-06
798553,925250,7054250,4.7083013e-06
798554,926750,7054250,4.7756571e-06
798555,928250,7054250,4.2762085e-06
798780,887750,7052750,4.2668685e-06
798781,889250,7052750,6.3398006e-06
798782,890750,7052750,7.0654082e-06
798783,892250,7052750,7.1154855e-06
798784,893750,7052750,6.8315117e-06
798785,895250,7052750,6.8599343e-06
798786,896750,7052750,7.3446618e-06
798787,898250,7052750,7.5011435e-06
798788,899750,7052750,7.5216917e-06
798789,901250,7052750,7.5892272e-06
798790,902750,7052750,7.634203e-06
798791,904250,7052750,7.6453398e-06
798792,905750,7052750,7.6666065e-06
798793,907250,7052750,7.747577e-06
798794,908750,7052750,7.7899667e-06
798795,910250,7052750,7.87101e-06
798796,911750,7052750,8.0277068e-06
798797,913250,7052750,8.0320178e-06
798798,914750,7052750,7.8433486e-06
798799,916250,7052750,5.7340044e-06
798800,917750,7052750,4.4369581e-06
798801,919250,7052750,4.4423177e-06
798802,920750,7052750,4.5428314e-06
798803,922250,7052750,4.6798355e-06
798804,923750,7052750,4.6818259e-06
798805,925250,7052750,4.7093718e-06
798806,926750,7052750,4.7802123e-06
799032,889250,7051250,6.4044843e-06
799033,890750,7051250,7.0752512e-06
799034,892250,7051250,7.0542433e-06
799035,893750,7051250,5.6937779e-06
799036,895250,7051250,5.4767938e-06
799037,896750,7051250,7.0716446e-06
799038,898250,7051250,7.5464068e-06
799039,899750,7051250,7.5774446e-06
799040,901250,7051250,7.7022423e-06
799041,902750,7051250,7.7556961e-06
799042,904250,7051250,7.6999431e-06
799043,905750,7051250,6.7954807e-06
799048,913250,7051250,8.1727658e-06
799049,914750,7051250,8.1565995e-06
799050,916250,7051250,6.9214207e-06
799051,917750,7051250,6.0901698e-06
799052,919250,7051250,5.9800072e-06
799053,929750,7051250,4.7072308e-06
799054,931250,7051250,4.126437e-06
799055,934250,7051250,4.9123528e-06
799281,889250,7049750,5.5704891e-06
799282,890750,7049750,6.0993229e-06
799283,892250,7049750,6.1088499e-06
799284,893750,7049750,4.6252107e-06
799285,895250,7049750,4.4336243e-06
799286,896750,7049750,6.3013267e-06
799287,898250,7049750,7.1536142e-06
799288,899750,7049750,7.5270082e-06
799289,901250,7049750,7.4041504e-06
799290,902750,7049750,7.3526367e-06
799291,904250,7049750,7.3218862e-06
799296,911750,7049750,7.4851937e-06
799297,913250,7049750,8.1506369e-06
799298,914750,7049750,8.2007136e-06
799299,916250,7049750,8.2829783e-06
799300,920750,7049750,8.0790778e-06
799301,923750,7049750,5.7991119e-06
799302,925250,7049750,4.6908494e-06
799303,926750,7049750,4.8063716e-06
799304,928250,7049750,4.8072338e-06
799305,931250,7049750,4.7394251e-06
799306,932750,7049750,4.80071e-06
799307,934250,7049750,5.0476615e-06
799534,890750,7048250,4.0991858e-06
799535,892250,7048250,4.2258512e-06
799537,895250,7048250,3.7747625e-06
799539,898250,7048250,5.9343056e-06
799540,899750,7048250,7.1798313e-06
799541,901250,7048250,5.9490917e-06
799542,902750,7048250,5.2997566e-06
799543,904250,7048250,5.3125596e-06
799552,919250,7048250,6.3689563e-06
799553,923750,7048250,5.2320702e-06
799554,925250,7048250,4.5297338e-06
799555,928250,7048250,5.28293e-06
799556,929750,7048250,5.9942404e-06
799557,931250,7048250,6.2199392e-06
799562,938750,7048250,5.1967791e-06
799789,890750,7046750,3.3489853e-06
799795,899750,7046750,6.1022974e-06
799796,901250,7046750,4.7419471e-06
799807,931250,7046750,8.2337629e-06
799812,938750,7046750,5.3246013e-06
800064,926750,7045250,5.8158234e-06
800065,928250,7045250,6.9742996e-06
800066,929750,7045250,7.9700858e-06
800067,935750,7045250,5.0610606e-06
800068,937250,7045250,5.6140279e-06
800324,931250,7043750,5.7275529e-06
800325,932750,7043750,4.8299589e-06
800326,934250,7043750,4.5203792e-06
800327,935750,7043750,4.9428586e-06
800566,902750,7042250,7.1474428e-06
800567,904250,7042250,6.9287344e-06
800584,929750,7042250,5.6673093e-06
800585,931250,7042250,4.9014102e-06
800586,932750,7042250,4.4844055e-06
800828,902750,7040750,7.7811292e-06
800829,904250,7040750,7.5941848e-06
800840,920750,7040750,5.7087077e-06
800841,922250,7040750,6.9874332e-06
800842,923750,7040750,7.0186575e-06
800846,929750,7040750,3.9096544e-06
800847,931250,7040750,4.2840256e-06
800848,932750,7040750,4.3288578e-06
801092,902750,7039250,7.7375907e-06
801093,904250,7039250,7.5892272e-06
801094,905750,7039250,7.8341527e-06
801095,907250,7039250,7.3262686e-06
801096,908750,7039250,5.3082849e-06
801097,910250,7039250,5.8496562e-06
801098,911750,7039250,7.6896686e-06
801105,922250,7039250,5.0291465e-06
801106,923750,7039250,5.0659605e-06
801110,929750,7039250,3.865397e-06
801111,931250,7039250,4.247082e-06
801112,932750,7039250,5.1412057e-06
801357,905750,7037750,6.4211313e-06
801359,908750,7037750,6.1964738e-06
801360,910250,7037750,6.3650618e-06
801361,911750,7037750,7.0146057e-06
801368,922250,7037750,4.0200684e-06
801369,923750,7037750,4.4237313e-06
801370,925250,7037750,4.4439989e-06
801374,931250,7037750,4.2303559e-06
801375,932750,7037750,5.6791496e-06
801623,908750,7036250,7.4350446e-06
801624,910250,7036250,6.533729e-06
801625,911750,7036250,4.7010158e-06
801633,923750,7036250,5.9660547e-06
801634,925250,7036250,6.2344807e-06
801635,926750,7036250,6.0773164e-06
801636,928250,7036250,6.0242292e-06
801637,929750,7036250,5.4577113e-06
801638,931250,7036250,4.233812e-06
801639,932750,7036250,4.5368606e-06
801640,934250,7036250,5.3806343e-06
801898,923750,7034750,6.7974925e-06
801899,925250,7034750,7.1692839e-06
801900,926750,7034750,7.0375318e-06
801901,928250,7034750,7.0281485e-06
801902,929750,7034750,6.1367982e-06
801903,931250,7034750,4.1542344e-06
801904,932750,7034750,3.7257273e-06
801905,934250,7034750,3.7696111e-06
802164,923750,7033250,6.9501521e-06
802165,925250,7033250,7.2363168e-06
802166,926750,7033250,7.0734909e-06
802167,928250,7033250,6.9658217e-06
802168,929750,7033250,5.9839444e-06
802169,931250,7033250,4.0580394e-06
802432,925250,7031750,5.9045828e-06
802978,941750,7028750,4.8335801e-06
802979,943250,7028750,4.9770219e-06
803247,940250,7027250,6.1273217e-06
803248,941750,7027250,4.8842676e-06
803249,943250,7027250,4.9206292e-06
803250,944750,7027250,7.9779893e-06
803517,940250,7025750,5.4794091e-06
803518,941750,7025750,4.7785957e-06
803787,940250,7024250,4.4824874e-06
803788,941750,7024250,4.5575093e-06
803789,943250,7024250,4.5814418e-06
803790,944750,7024250,5.5054174e-06
804062,941750,7022750,4.4862595e-06
804063,943250,7022750,4.5395982e-06
804064,944750,7022750,4.8977176e-06
804337,941750,7021250,4.4777166e-06
804338,943250,7021250,4.5762972e-06
804339,944750,7021250,4.9517462e-06
804340,946250,7021250,5.7324314e-06
804603,925250,7019750,6.9724674e-06
804604,926750,7019750,6.9614748e-06
804613,940250,7019750,6.5732015e-06
804614,941750,7019750,5.6468402e-06
804615,943250,7019750,4.5930233e-06
804878,923750,7018250,6.1002715e-06
804879,925250,7018250,6.3075777e-06
804880,926750,7018250,6.3487601e-06
804881,928250,7018250,6.1993624e-06
804882,929750,7018250,6.347711e-06
804888,938750,7018250,7.3156357e-06
804889,940250,7018250,7.820573e-06
804890,941750,7018250,6.8958429e-06
804891,943250,7018250,4.5184538e-06
805156,925250,7016750,4.3843665e-06
805157,926750,7016750,4.4281137e-06
805158,928250,7016750,4.4115027e-06
805434,925250,7015250,4.2373108e-06
805435,926750,7015250,4.4185008e-06
805436,928250,7015250,4.3224277e-06
805437,929750,7015250,4.3896184e-06
805438,931250,7015250,4.4145995e-06
805447,944750,7015250,8.0918662e-06
805448,946250,7015250,8.2472707e-06
805715,928250,7013750,6.136755e-06
805716,929750,7013750,6.1960932e-06
805725,943250,7013750,7.4503478e-06
805726,944750,7013750,7.3986903e-06
805727,946250,7013750,7.3859733e-06
805728,947750,7013750,7.4920908e-06
806005,943250,7012250,6.6525417e-06
806006,944750,7012250,6.6908287e-06
806007,946250,7012250,6.7103206e-06
806286,944750,7010750,6.041515e-06
806287,946250,7010750,6.7499873e-06
806288,947750,7010750,6.7568558e-06
806289,949250,7010750,7.6143019e-06
806290,950750,7010750,8.7226072e-06
806291,952250,7010750,8.6608197e-06
806307,985250,7010750,7.1846594e-06
806569,943250,7009250,3.7880613e-06
806570,944750,7009250,5.6336494e-06
806571,946250,7009250,6.6937887e-06
806572,947750,7009250,6.6428638e-06
806573,949250,7009250,7.4431632e-06
806574,950750,7009250,8.4054764e-06
806575,952250,7009250,8.1292983e-06
806852,944750,7007750,5.501387e-06
806853,946250,7007750,6.4727815e-06
806854,947750,7007750,6.4565729e-06
806855,949250,7007750,6.9706066e-06
806856,950750,7007750,7.3816627e-06
806857,952250,7007750,6.093489e-06
806859,955250,7007750,9.0097783e-06
806860,956750,7007750,9.494096e-06
807129,943250,7006250,4.5695224e-06
807130,944750,7006250,5.165648e-06
807131,946250,7006250,5.548849e-06
807132,947750,7006250,5.5925389e-06
807133,949250,7006250,6.3385796e-06
807134,950750,7006250,6.7677333e-06
807135,952250,7006250,5.1728325e-06
807136,953750,7006250,5.4724687e-06
807137,955250,7006250,7.7084924e-06
807138,956750,7006250,8.0216723e-06
807139,958250,7006250,8.1349026e-06
807409,946250,7004750,3.9109909e-06
807410,947750,7004750,3.9341539e-06
807411,949250,7004750,5.5748933e-06
807412,950750,7004750,6.9435637e-06
807413,952250,7004750,6.4560986e-06
807414,953750,7004750,6.790322e-06
807415,955250,7004750,7.917135e-06
807416,956750,7004750,8.0449499e-06
807417,958250,7004750,8.2166634e-06
807418,961250,7004750,9.3031276e-06
807426,980750,7004750,8.1213948e-06
807691,947750,7003250,4.3679279e-06
807692,949250,7003250,5.7507882e-06
807693,950750,7003250,6.9894231e-06
807694,952250,7003250,7.0485962e-06
807695,953750,7003250,7.046965e-06
807696,955250,7003250,7.0734768e-06
807697,956750,7003250,7.6071174e-06
807698,961250,7003250,9.0992271e-06
807707,979250,7003250,7.7698496e-06
807972,947750,7001750,6.1436954e-06
807973,949250,7001750,6.5219247e-06
807974,950750,7001750,6.8712502e-06
807975,952250,7001750,6.8931345e-06
807976,953750,7001750,6.0881439e-06
807977,955250,7001750,4.8478705e-06
807978,958250,7001750,7.8051262e-06
807979,959750,7001750,8.1409371e-06
807980,961250,7001750,8.255317e-06
807981,962750,7001750,8.2347688e-06
807983,965750,7001750,1.0504618e-05
807984,967250,7001750,9.0660342e-06
807988,979250,7001750,7.69283e-06
807989,982250,7001750,1.1591514e-05
808253,946250,7000250,5.132189e-06
808254,947750,7000250,5.2521868e-06
808255,949250,7000250,5.4265515e-06
808256,950750,7000250,5.8075825e-06
808257,952250,7000250,6.5778431e-06
808258,953750,7000250,6.1248356e-06
808259,955250,7000250,4.9834375e-06
808260,956750,7000250,6.4963183e-06
808261,958250,7000250,7.5924604e-06
808262,959750,7000250,7.7149589e-06
808263,961250,7000250,7.7373033e-06
808264,962750,7000250,7.7354352e-06
808265,964250,7000250,8.7680864e-06
808266,965750,7000250,9.4247644e-06
808267,967250,7000250,9.4334573e-06
808268,968750,7000250,1.0623022e-05
808272,977750,7000250,7.0728661e-06
808273,979250,7000250,7.3102469e-06
808274,980750,7000250,7.5319658e-06
808275,982250,7000250,7.8555631e-06
808539,946250,6998750,3.3443582e-06
808540,947750,6998750,3.5109131e-06
808541,949250,6998750,3.6290792e-06
808542,950750,6998750,4.3785972e-06
808543,952250,6998750,6.242894e-06
808544,953750,6998750,6.900003e-06
808545,955250,6998750,6.9746729e-06
808546,956750,6998750,7.265774e-06
808547,958250,6998750,7.531894e-06
808548,959750,6998750,7.63564e-06
808549,961250,6998750,7.6482138e-06
808550,962750,6998750,7.6902434e-06
808551,964250,6998750,8.7798689e-06
808552,965750,6998750,9.3987555e-06
808553,967250,6998750,9.3230292e-06
808557,976250,6998750,7.0494652e-06
808558,977750,6998750,7.0866677e-06
808559,979250,6998750,7.3578094e-06
808560,980750,6998750,7.4928093e-06
808561,982250,6998750,7.4673035e-06
808562,983750,6998750,1.1457448e-05
808823,941750,6997250,4.7358903e-06
808824,943250,6997250,5.4088914e-06
808825,944750,6997250,5.2373794e-06
808826,946250,6997250,5.187173e-06
808827,947750,6997250,5.1948823e-06
808828,949250,6997250,5.251246e-06
808829,950750,6997250,5.6750187e-06
808830,952250,6997250,6.7492474e-06
808831,953750,6997250,7.1386271e-06
808832,955250,6997250,7.2670673e-06
808833,956750,6997250,7.2665644e-06
808834,958250,6997250,7.2537036e-06
808835,959750,6997250,7.2350235e-06
808836,961250,6997250,7.1959389e-06
808837,962750,6997250,7.2659177e-06
808838,964250,6997250,8.4058356e-06
808839,965750,6997250,9.0260874e-06
808840,967250,6997250,8.9736395e-06
808847,977750,6997250,7.1152194e-06
808848,979250,6997250,7.6762335e-06
808849,985250,6997250,1.5769321e-05
808850,986750,6997250,1.5647325e-05
809110,940250,6995750,3.7091233e-06
809113,944750,6995750,6.8047634e-06
809114,946250,6995750,6.9767352e-06
809115,947750,6995750,7.1305731e-06
809116,949250,6995750,7.3500501e-06
809117,950750,6995750,7.4298714e-06
809118,952250,6995750,7.3833867e-06
809119,953750,6995750,7.1666113e-06
809120,955250,6995750,6.9350208e-06
809121,956750,6995750,6.9472135e-06
809122,958250,6995750,6.8472318e-06
809123,961250,6995750,6.4739311e-06
809124,962750,6995750,6.5169024e-06
809125,964250,6995750,7.6481419e-06
809126,965750,6995750,8.2683928e-06
809127,967250,6995750,8.3183986e-06
809128,968750,6995750,9.7695556e-06
809135,979250,6995750,9.881277e-06
809136,982250,6995750,7.4506352e-06
809398,943250,6994250,4.9532405e-06
809399,944750,6994250,5.0134695e-06
809400,946250,6994250,6.0426073e-06
809401,947750,6994250,7.1640179e-06
809402,949250,6994250,7.3066549e-06
809403,950750,6994250,7.3950978e-06
809404,952250,6994250,7.4111194e-06
809405,953750,6994250,7.1961549e-06
809406,955250,6994250,6.964277e-06
809407,956750,6994250,6.9855364e-06
809408,958250,6994250,6.7801343e-06
809409,959750,6994250,6.3464609e-06
809410,961250,6994250,6.2500285e-06
809411,962750,6994250,6.4023216e-06
809412,964250,6994250,7.4908694e-06
809413,965750,6994250,8.0380532e-06
809414,967250,6994250,8.0728269e-06
809415,968750,6994250,9.4498382e-06
809422,979250,6994250,1.1796923e-05
809423,980750,6994250,1.1156411e-05
809424,982250,6994250,7.3018409e-06
809425,989750,6994250,6.9146595e-06
809687,943250,6992750,3.7150005e-06
809690,947750,6992750,6.8706177e-06
809691,949250,6992750,7.014361e-06
809692,950750,6992750,7.1459554e-06
809693,952250,6992750,7.2685762e-06
809694,953750,6992750,7.1751824e-06
809695,955250,6992750,7.0393639e-06
809696,956750,6992750,7.0954329e-06
809697,958250,6992750,6.7878864e-06
809698,959750,6992750,6.1673904e-06
809699,961250,6992750,6.2279573e-06
809700,962750,6992750,6.5739487e-06
809701,964250,6992750,7.6542483e-06
809702,965750,6992750,8.1326034e-06
809703,967250,6992750,8.1209637e-06
809704,968750,6992750,9.4781462e-06
809705,970250,6992750,1.0648814e-05
809712,980750,6992750,1.0850129e-05
809713,985250,6992750,6.6420807e-06
809714,991250,6992750,8.9400155e-06
809980,949250,6991250,5.5039304e-06
809981,950750,6991250,5.649204e-06
809982,952250,6991250,5.7567295e-06
809983,953750,6991250,6.2849172e-06
809986,958250,6991250,6.6502857e-06
809987,959750,6991250,6.3120319e-06
809988,961250,6991250,6.3360144e-06
809989,962750,6991250,6.6404714e-06
809990,964250,6991250,7.6641636e-06
809991,965750,6991250,8.0672944e-06
809992,967250,6991250,8.0331674e-06
809993,968750,6991250,9.1590755e-06
809994,970250,6991250,1.0069875e-05
809996,973250,6991250,1.0984841e-05
809997,974750,6991250,1.2394327e-05
810001,982250,6991250,7.9768397e-06
810271,952250,6989750,4.5878933e-06
810276,959750,6989750,6.495241e-06
810277,961250,6989750,6.4300975e-06
810278,962750,6989750,6.6814673e-06
810279,964250,6989750,7.6306824e-06
810280,965750,6989750,7.9510464e-06
810281,967250,6989750,7.8929943e-06
810282,968750,6989750,8.656868e-06
810283,970250,6989750,9.2240243e-06
810284,971750,6989750,9.2357359e-06
810285,973250,6989750,1.0146966e-05
810286,974750,6989750,1.1536623e-05
810295,988250,6989750,6.4022138e-06
810296,989750,6989750,6.7460719e-06
810297,991250,6989750,1.0282325e-05
810571,961250,6988250,5.4510083e-06
810572,962750,6988250,5.4008233e-06
810574,965750,6988250,7.9607462e-06
810575,967250,6988250,7.9389765e-06
810576,968750,6988250,7.4373438e-06
810577,970250,6988250,7.5815396e-06
810578,971750,6988250,8.6927193e-06
810579,973250,6988250,9.9113813e-06
810588,986750,6988250,6.8014365e-06
810589,988250,6988250,6.152784e-06
810590,989750,6988250,6.4572841e-06
810868,967250,6986750,7.9267629e-06
810869,968750,6986750,5.9785707e-06
810870,970250,6986750,5.8319242e-06
810871,971750,6986750,8.3476398e-06
810872,973250,6986750,9.9046274e-06
810881,986750,6986750,6.1561823e-06
810882,988250,6986750,6.0172097e-06
810883,991250,6986750,7.3859014e-06
811162,968750,6985250,7.0149717e-06
811163,970250,6985250,7.160756e-06
811174,986750,6985250,5.8764331e-06
811175,989750,6985250,6.1528845e-06
811176,991250,6985250,6.9404527e-06
811461,977750,6983750,9.5237683e-06
811467,986750,6983750,5.7288894e-06
811468,988250,6983750,5.7136863e-06
811748,968750,6982250,7.3828837e-06
811749,970250,6982250,7.6566912e-06
811750,971750,6982250,6.2871154e-06
811751,973250,6982250,7.6959195e-06
811752,974750,6982250,9.1689899e-06
811753,976250,6982250,9.085792e-06
811754,977750,6982250,9.4808047e-06
811755,979250,6982250,1.0315949e-05
811761,988250,6982250,5.6992667e-06
812041,970250,6980750,7.1110021e-06
812042,971750,6980750,4.9259247e-06
812043,973250,6980750,7.0169262e-06
812044,974750,6980750,9.1500942e-06
812045,976250,6980750,9.1511001e-06
812046,977750,6980750,9.5112673e-06
812047,979250,6980750,1.0150558e-05
812332,970250,6979250,7.4611967e-06
812333,971750,6979250,6.6048283e-06
812334,973250,6979250,7.8392532e-06
812335,974750,6979250,8.9355608e-06
812336,976250,6979250,8.9011464e-06
812337,977750,6979250,9.1875263e-06
812625,968750,6977750,6.7242017e-06
812626,970250,6977750,7.2207981e-06
812627,971750,6977750,7.7183358e-06
812628,973250,6977750,8.3473524e-06
812629,974750,6977750,8.7741928e-06
812630,976250,6977750,8.7150638e-06
812631,977750,6977750,8.9257173e-06
812632,979250,6977750,9.2884711e-06
812633,980750,6977750,9.1697802e-06
812920,970250,6976250,5.9804888e-06
812921,971750,6976250,7.6839215e-06
812922,973250,6976250,8.3387313e-06
812923,974750,6976250,8.7630569e-06
812924,976250,6976250,8.7478975e-06
812925,977750,6976250,8.9558935e-06
812926,979250,6976250,9.2601631e-06
812927,980750,6976250,9.1965794e-06
812928,982250,6976250,9.3948038e-06
812931,986750,6976250,7.8918456e-06
812932,988250,6976250,8.7701701e-06
812935,998750,6976250,1.4166424e-05
812936,1000250,6976250,1.6716114e-05
813216,970250,6974750,5.4282973e-06
813217,971750,6974750,7.5853477e-06
813218,973250,6974750,8.1482658e-06
813219,974750,6974750,8.3335581e-06
813220,976250,6974750,7.9384017e-06
813221,977750,6974750,8.4562716e-06
813222,979250,6974750,9.1608717e-06
813510,970250,6973250,5.4099264e-06
813511,971750,6973250,7.3874103e-06
813512,973250,6973250,7.7295435e-06
813513,974750,6973250,7.2590924e-06
813514,976250,6973250,5.6972694e-06
813515,977750,6973250,7.01832e-06
813516,979250,6973250,8.8959732e-06
813517,980750,6973250,8.74955e-06
813518,982250,6973250,8.9844161e-06
813527,1000250,6973250,1.276132e-05
813807,970250,6971750,4.88661e-06
813808,971750,6971750,6.1350597e-06
813809,973250,6971750,6.4051883e-06
813811,976250,6971750,5.3174526e-06
813812,977750,6971750,6.8420154e-06
813819,988250,6971750,1.0819522e-05
814108,971750,6970250,4.3018076e-06
814111,976250,6970250,6.7907172e-06
814117,986750,6970250,6.9606344e-06
814118,988250,6970250,1.0275859e-05
814119,989750,6970250,1.1698134e-05
814120,991250,6970250,1.1709414e-05
814123,995750,6970250,1.1762293e-05
814124,997250,6970250,1.1464058e-05
814418,986750,6968750,6.7142223e-06
814419,988250,6968750,1.0287354e-05
814420,989750,6968750,1.1734919e-05
814422,994250,6968750,8.8474053e-06
814423,995750,6968750,8.3867963e-06
814424,997250,6968750,9.2166247e-06
814717,985250,6967250,8.5207184e-06
814718,986750,6967250,8.6562932e-06
814719,988250,6967250,1.1058915e-05
814720,989750,6967250,1.1921074e-05
814721,991250,6967250,1.1893772e-05
814722,992750,6967250,1.2588529e-05
814723,995750,6967250,9.0878757e-06
814724,997250,6967250,9.4005518e-06
815015,986750,6965750,9.5718342e-06
815016,988250,6965750,1.1408377e-05
815017,989750,6965750,1.195477e-05
815018,991250,6965750,1.1962314e-05
815019,992750,6965750,1.4140918e-05
815020,995750,6965750,9.4106099e-06
815021,997250,6965750,9.5810301e-06
815311,986750,6964250,9.6956255e-06
815312,988250,6964250,1.1412472e-05
815313,989750,6964250,1.1816968e-05
815314,991250,6964250,1.1883283e-05
815601,982250,6962750,7.8626035e-06
815602,983750,6962750,9.5872092e-06
815603,985250,6962750,9.6419562e-06
815604,986750,6962750,1.042882e-05
815605,988250,6962750,1.2232457e-05
815606,989750,6962750,1.2558209e-05
815607,994250,6962750,1.4150114e-05
815895,983750,6961250,1.0373642e-05
815896,985250,6961250,1.0459571e-05
815897,986750,6961250,1.1446024e-05
815898,988250,6961250,1.3496957e-05
815899,989750,6961250,1.3848862e-05
815900,991250,6961250,1.4113832e-05
815901,992750,6961250,1.6326348e-05
816190,985250,6959750,1.0401231e-05
816191,986750,6959750,1.1437331e-05
816192,988250,6959750,1.3504501e-05
816193,989750,6959750,1.3915463e-05
816194,991250,6959750,1.4421623e-05
816485,986750,6958250,1.1229982e-05
816486,988250,6958250,1.3196926e-05
816487,989750,6958250,1.3612415e-05
816488,991250,6958250,1.4312919e-05
816492,998750,6958250,1.0654203e-05
816493,1000250,6958250,1.0700831e-05
816785,997250,6956750,1.1960374e-05
817078,995750,6955250,2.0979563e-05
817079,997250,6955250,1.4091559e-05
817080,998750,6955250,9.7679031e-06
817081,1000250,6955250,9.7464217e-06
817374,995750,6953750,1.6550868e-05
817375,998750,6953750,9.5915202e-06
817666,992750,6952250,2.1687756e-05
817667,994250,6952250,1.7184699e-05
817668,995750,6952250,1.1390271e-05
817960,992750,6950750,2.1265945e-05
817961,994250,6950750,1.6415654e-05
817962,995750,6950750,1.1029242e-05
817963,997250,6950750,9.9081481e-06
817964,998750,6950750,9.3492536e-06
817965,1000250,6950750,9.4318048e-06
817966,1001750,6950750,1.1458238e-05
818257,991250,6949250,2.2310378e-05
818258,992750,6949250,1.9622668e-05
818259,994250,6949250,1.5178886e-05
818260,995750,6949250,1.0743293e-05
818261,997250,6949250,9.6776639e-06
818262,998750,6949250,9.2126729e-06
818554,992750,6947750,1.4776689e-05
818555,994250,6947750,1.2500301e-05
818556,997250,6947750,9.6359927e-06
818557,1001750,6947750,1.3471883e-05
818849,992750,6946250,1.1672269e-05
818850,994250,6946250,1.0948487e-05
818851,995750,6946250,1.0696161e-05
818852,998750,6946250,9.1473648e-06
818853,1000250,6946250,9.2776227e-06
819145,992750,6944750,1.1306067e-05
819146,994250,6944750,1.0901643e-05
819147,995750,6944750,1.0554336e-05
819148,997250,6944750,9.3295675e-06
819149,998750,6944750,8.9341956e-06
819150,1000250,6944750,9.0232134e-06
819151,1001750,6944750,1.0172112e-05
819443,994250,6943250,1.2055427e-05
819444,995750,6943250,1.0491327e-05
819445,997250,6943250,9.210733e-06
819446,998750,6943250,8.8037223e-06
819447,1000250,6943250,8.810619e-06
819448,1001750,6943250,8.0016271e-06
819449,1003250,6943250,7.4759969e-06
819740,994250,6941750,1.4097379e-05
819741,995750,6941750,1.051518e-05
819742,997250,6941750,9.2139662e-06
819743,998750,6941750,8.7946692e-06
819744,1000250,6941750,8.6891987e-06
819745,1001750,6941750,7.8771163e-06
819746,1003250,6941750,7.4078866e-06
819747,1004750,6941750,7.4292252e-06
819748,1007750,6941750,1.1483456e-05
819749,1009250,6941750,1.161005e-05
820040,994250,6940250,1.7118888e-05
820041,995750,6940250,1.3273658e-05
820042,997250,6940250,9.8637465e-06
820043,998750,6940250,8.9764417e-06
820044,1000250,6940250,8.7910057e-06
820045,1001750,6940250,8.0031359e-06
820046,1003250,6940250,7.5676016e-06
820047,1004750,6940250,7.5742114e-06
820048,1006250,6940250,7.8478033e-06
820340,995750,6938750,1.7409793e-05
820341,997250,6938750,1.0750262e-05
820342,998750,6938750,9.317856e-06
820343,1000250,6938750,9.1137399e-06
820344,1001750,6938750,8.4191988e-06
820345,1003250,6938750,8.0219597e-06
820346,1004750,6938750,7.943072e-06
820347,1006250,6938750,7.7645327e-06
820348,1007750,6938750,7.6363585e-06
820349,1009250,6938750,7.6481419e-06
820639,994250,6937250,2.1667855e-05
820640,995750,6937250,1.8068053e-05
820641,997250,6937250,1.0694293e-05
820642,998750,6937250,9.4298648e-06
820643,1000250,6937250,9.2479495e-06
820644,1001750,6937250,8.5587972e-06
820645,1003250,6937250,8.1920925e-06
820646,1004750,6937250,8.1029302e-06
820647,1006250,6937250,7.702386e-06
820648,1007750,6937250,7.3642759e-06
820649,1009250,6937250,7.3826682e-06
820938,992750,6935750,2.173388e-05
820939,994250,6935750,2.1710315e-05
820940,995750,6935750,1.7780092e-05
820941,997250,6935750,1.0359632e-05
820942,998750,6935750,9.4469651e-06
820943,1000250,6935750,9.2758264e-06
820944,1001750,6935750,8.5172696e-06
820945,1003250,6935750,8.1559529e-06
820946,1004750,6935750,8.0848968e-06
820947,1007750,6935750,7.3971096e-06
820948,1009250,6935750,7.3970377e-06
821236,991250,6934250,1.9886345e-05
821237,992750,6934250,1.993707e-05
821238,994250,6934250,1.7108039e-05
821239,995750,6934250,1.3758766e-05
821240,997250,6934250,9.6543135e-06
821241,998750,6934250,9.3822309e-06
821242,1000250,6934250,9.2990322e-06
821243,1001750,6934250,8.7440894e-06
821244,1003250,6934250,8.4916928e-06
821245,1004750,6934250,8.4355806e-06
821246,1006250,6934250,7.7653949e-06
821247,1007750,6934250,7.2899861e-06
821248,1009250,6934250,7.2326525e-06
821537,994250,6932750,1.3106327e-05
821538,995750,6932750,1.0234188e-05
821539,997250,6932750,9.1955017e-06
821540,998750,6932750,9.307726e-06
821541,1000250,6932750,9.34329e-06
821542,1001750,6932750,9.0770982e-06
821543,1003250,6932750,8.9747891e-06
821544,1004750,6932750,8.9566838e-06
821545,1006250,6932750,7.8419116e-06
821546,1007750,6932750,7.0815595e-06
821547,1009250,6932750,6.9181588e-06
821836,994250,6931250,1.7007238e-05
821837,995750,6931250,1.3384086e-05
821838,997250,6931250,9.3654189e-06
821839,998750,6931250,9.3899907e-06
821840,1000250,6931250,1.0177501e-05
821841,1001750,6931250,1.2224913e-05
821842,1003250,6931250,1.1134929e-05
821843,1004750,6931250,8.9711248e-06
821844,1006250,6931250,7.7633831e-06
821845,1007750,6931250,7.0079168e-06
821846,1009250,6931250,6.9260977e-06
822135,995750,6929750,1.4945744e-05
822136,997250,6929750,9.6094818e-06
822137,998750,6929750,9.9220142e-06
822138,1000250,6929750,1.1568163e-05
822139,1001750,6929750,1.5755095e-05
822140,1003250,6929750,1.3362891e-05
822141,1004750,6929750,8.8850529e-06
822142,1006250,6929750,7.6456272e-06
822143,1007750,6929750,6.9956882e-06
822432,995750,6928250,1.1787727e-05
822433,997250,6928250,1.0217519e-05
822434,998750,6928250,1.3478708e-05
822435,1000250,6928250,1.5862723e-05
822436,1001750,6928250,1.7490765e-05
822437,1003250,6928250,1.6284173e-05
822438,1004750,6928250,1.3786643e-05
822439,1006250,6928250,9.6124277e-06
822440,1007750,6928250,7.552298e-06
822441,1009250,6928250,7.5826892e-06
822730,997250,6926750,1.2304447e-05
822731,998750,6926750,1.6671283e-05
822732,1000250,6926750,1.8644119e-05
822733,1001750,6926750,1.7896267e-05
822734,1003250,6926750,1.8155131e-05
822735,1004750,6926750,1.7486598e-05
822736,1006250,6926750,1.1239896e-05
822737,1007750,6926750,8.1537264e-06
822738,1009250,6926750,8.1320286e-06
823033,1004750,6925250,1.295315e-05
823034,1006250,6925250,9.7406019e-06
823035,1007750,6925250,8.194319e-06
823036,1009250,6925250,8.0830287e-06
823328,1000250,6923750,1.5023553e-05
823329,1001750,6923750,1.1708336e-05
823330,1003250,6923750,1.0439956e-05
823331,1004750,6923750,9.6070389e-06
823332,1006250,6923750,8.7730441e-06
823333,1007750,6923750,8.6143345e-06
823334,1009250,6923750,8.7306544e-06
823625,1000250,6922250,1.2578039e-05
823626,1001750,6922250,1.4821018e-05
823627,1003250,6922250,1.1455508e-05
823628,1004750,6922250,8.991673e-06
823629,1006250,6922250,8.9122823e-06
823921,1000250,6920750,1.0812337e-05
823922,1001750,6920750,1.4566681e-05
823923,1003250,6920750,1.1061932e-05
823924,1004750,6920750,8.6992568e-06
824180,944750,6919250,4.5743072e-06
824217,1000250,6919250,9.179983e-06
824218,1001750,6919250,1.0286205e-05
824219,1003250,6919250,9.3286335e-06
824220,1004750,6919250,8.801926e-06
824221,1006250,6919250,9.2627497e-06
824475,944750,6917750,4.4328126e-06
824476,946250,6917750,4.4743829e-06
824477,947750,6917750,4.5066854e-06
824513,1001750,6917750,1.0703705e-05
824514,1003250,6917750,9.1688462e-06
824515,1004750,6917750,9.1331385e-06
824516,1006250,6917750,1.0811763e-05
824768,944750,6916250,4.4407802e-06
824769,946250,6916250,4.4627295e-06
824770,947750,6916250,4.4972089e-06
825059,946250,6914750,4.4204621e-06
825060,947750,6914750,4.444229e-06
825063,952250,6914750,4.383648e-06
825064,953750,6914750,4.435859e-06
826222,940250,6908750,4.4658332e-06
826518,943250,6907250,4.3883465e-06
827704,950750,6901250,4.8061347e-06
827705,952250,6901250,4.9029263e-06
827989,937250,6899750,4.4654885e-06
827990,938750,6899750,4.4987105e-06
827991,940250,6899750,4.4798362e-06
828001,955250,6899750,5.1844067e-06
828002,956750,6899750,5.275142e-06
828279,937250,6898250,4.4311241e-06
828280,938750,6898250,4.4552648e-06
828285,946250,6898250,4.5926427e-06
828286,947750,6898250,4.6296077e-06
828287,949250,6898250,4.6599125e-06
828288,950750,6898250,4.975197e-06
828289,952250,6898250,5.0848853e-06
828290,953750,6898250,5.0009539e-06
828291,955250,6898250,5.2907831e-06
828292,956750,6898250,5.3017397e-06
828293,958250,6898250,4.1499311e-06
828564,934250,6896750,4.3353598e-06
828565,935750,6896750,4.335719e-06
828566,937250,6896750,4.3409495e-06
828567,938750,6896750,4.3606137e-06
828571,947750,6896750,4.0941495e-06
828572,949250,6896750,4.5965512e-06
828573,950750,6896750,4.9391656e-06
828574,952250,6896750,5.0744457e-06
828575,953750,6896750,5.0413892e-06
828576,955250,6896750,5.2144892e-06
828577,970250,6896750,4.5006645e-06
828578,971750,6896750,4.5789843e-06
828579,973250,6896750,4.7163626e-06
828843,932750,6895250,4.2067472e-06
828844,934250,6895250,4.2694264e-06
828845,935750,6895250,4.2746997e-06
828846,937250,6895250,4.2818483e-06
828847,938750,6895250,4.2902834e-06
828850,950750,6895250,5.0659464e-06
828851,952250,6895250,5.0659464e-06
828852,953750,6895250,5.0753079e-06
828853,971750,6895250,4.422589e-06
828854,973250,6895250,4.5791785e-06
828855,974750,6895250,4.7342592e-06
829120,937250,6893750,4.2393799e-06
829124,943250,6893750,4.1973858e-06
829125,973250,6893750,4.5003053e-06
829126,974750,6893750,4.6581808e-06
829127,976250,6893750,4.7981812e-06
829392,943250,6892250,4.1016283e-06
829393,944750,6892250,4.1586459e-06
829394,947750,6892250,3.6646863e-06
829396,976250,6892250,4.7827989e-06
829397,977750,6892250,4.7409626e-06
829398,979250,6892250,4.823471e-06
829649,934250,6890750,4.1253525e-06
829650,935750,6890750,4.0861169e-06
829651,937250,6890750,4.0805271e-06
829652,938750,6890750,4.0987979e-06
829653,940250,6890750,4.0347827e-06
829654,941750,6890750,3.9842312e-06
829655,943250,6890750,3.9800998e-06
829656,946250,6890750,3.90696e-06
829657,947750,6890750,3.7678149e-06
829658,949250,6890750,3.8128412e-06
829660,980750,6890750,4.904974e-06
829907,929750,6889250,4.3063696e-06
829908,931250,6889250,4.2044121e-06
829909,932750,6889250,4.175803e-06
829910,934250,6889250,4.1409503e-06
829911,935750,6889250,4.0694986e-06
829912,937250,6889250,4.0523059e-06
829913,938750,6889250,4.0700088e-06
829914,940250,6889250,4.0098516e-06
829915,941750,6889250,3.9612187e-06
829916,944750,6889250,3.8724952e-06
829917,946250,6889250,3.7717018e-06
829918,947750,6889250,3.7663133e-06
829919,949250,6889250,3.7943694e-06
830164,923750,6887750,3.9193824e-06
830166,926750,6887750,4.314747e-06
830167,928250,6887750,4.2443376e-06
830168,929750,6887750,4.2150959e-06
830169,931250,6887750,4.166161e-06
830170,932750,6887750,4.1765215e-06
830171,934250,6887750,4.1604635e-06
830172,935750,6887750,4.062199e-06
830173,937250,6887750,4.0346604e-06
830174,938750,6887750,4.0486702e-06
830175,940250,6887750,3.9987585e-06
830176,941750,6887750,3.9595302e-06
830177,943250,6887750,3.9373367e-06
830178,944750,6887750,3.8435555e-06
830179,982250,6887750,4.7514163e-06
830418,925250,6886250,3.7295208e-06
830419,926750,6886250,4.1083822e-06
830420,928250,6886250,3.5379776e-06
830421,929750,6886250,3.647436e-06
830422,931250,6886250,4.1580065e-06
830423,932750,6886250,4.2143415e-06
830424,935750,6886250,4.1230246e-06
830425,937250,6886250,4.0897453e-06
830426,940250,6886250,3.9911502e-06
830427,941750,6886250,3.9297283e-06
830428,977750,6886250,4.8010766e-06
830429,980750,6886250,4.7903786e-06
830668,932750,6884750,4.2744409e-06
830669,937250,6884750,4.1440253e-06
830670,938750,6884750,4.1133826e-06
830671,940250,6884750,3.9110987e-06
830672,977750,6884750,4.9836244e-06
830673,979250,6884750,4.9451291e-06
830674,980750,6884750,4.9774744e-06
830675,982250,6884750,4.9030127e-06
830676,983750,6884750,4.8035768e-06
830677,985250,6884750,4.6860719e-06
830678,986750,6884750,4.6509031e-06
830911,940250,6883250,3.9011193e-06
830912,941750,6883250,3.9149209e-06
830913,979250,6883250,5.0612261e-06
830914,980750,6883250,5.1524926e-06
830915,982250,6883250,5.1501793e-06
830916,983750,6883250,5.0692729e-06
830917,985250,6883250,4.920651e-06
830918,986750,6883250,4.8339107e-06
831151,979250,6881750,5.031618e-06
831152,980750,6881750,5.1636075e-06
831153,982250,6881750,5.1143925e-06
831154,983750,6881750,4.9773453e-06
831155,985250,6881750,4.7770222e-06
831156,986750,6881750,4.7523863e-06
831157,988250,6881750,4.9361265e-06
831389,977750,6880250,4.8062998e-06
831390,979250,6880250,5.0068093e-06
831391,980750,6880250,5.1541165e-06
831392,982250,6880250,5.0586968e-06
831393,983750,6880250,4.8823854e-06
831394,985250,6880250,4.6486971e-06
831628,920750,6878750,3.9145975e-06
831629,976250,6878750,4.4675503e-06
831630,977750,6878750,4.7538088e-06
831638,989750,6878750,4.3292671e-06
831639,991250,6878750,4.3100413e-06
831640,992750,6878750,4.4614867e-06
831871,986750,6877250,4.675187e-06
831872,988250,6877250,4.6488913e-06
831873,989750,6877250,4.5226207e-06
831874,991250,6877250,4.5129073e-06
832108,988250,6875750,4.6438545e-06
832109,989750,6875750,4.4760568e-06
832110,991250,6875750,4.4988542e-06
832111,992750,6875750,4.9106784e-06
832342,982250,6874250,5.0476829e-06
832345,989750,6874250,4.4165463e-06
832346,991250,6874250,4.4637927e-06
832347,992750,6874250,4.9369028e-06
832348,994250,6874250,6.9021512e-06
832578,910250,6872750,4.8347438e-06
832579,983750,6872750,5.0963231e-06
832580,985250,6872750,4.8431716e-06
832581,986750,6872750,4.7729704e-06
832582,988250,6872750,4.5993097e-06
832583,989750,6872750,4.3323494e-06
832584,991250,6872750,4.3640985e-06
832585,992750,6872750,4.5959905e-06
832586,994250,6872750,5.3763883e-06
832587,995750,6872750,5.8191717e-06
832588,997250,6872750,6.0033144e-06
832594,1006250,6872750,5.8700607e-06
832817,910250,6871250,5.094103e-06
832818,986750,6871250,4.6971072e-06
832819,989750,6871250,4.2965339e-06
832820,991250,6871250,4.3244536e-06
832821,992750,6871250,4.3472578e-06
832822,994250,6871250,4.3051627e-06
832823,995750,6871250,4.3283908e-06
832824,997250,6871250,4.4184862e-06
832830,1006250,6871250,5.6676472e-06
832831,1007750,6871250,5.895954e-06
833055,914750,6869750,3.9861206e-06
833056,916250,6869750,3.9861206e-06
833057,988250,6869750,4.6410814e-06
833058,989750,6869750,4.3199489e-06
833059,991250,6869750,4.3698392e-06
833060,992750,6869750,4.3754576e-06
833061,994250,6869750,4.2782276e-06
833062,995750,6869750,4.2593679e-06
833069,1006250,6869750,5.6117651e-06
833070,1007750,6869750,5.740751e-06
833071,1009250,6869750,5.9754739e-06
833295,911750,6868250,3.955277e-06
833296,913250,6868250,3.9505494e-06
833297,914750,6868250,3.9843176e-06
833298,916250,6868250,4.0219793e-06
833299,919250,6868250,4.1504481e-06
833300,920750,6868250,4.2860302e-06
833301,988250,6868250,4.7561653e-06
833302,989750,6868250,4.4370299e-06
833303,991250,6868250,4.5025467e-06
833304,992750,6868250,4.4859576e-06
833305,994250,6868250,4.336423e-06
833306,995750,6868250,4.2875963e-06
833307,997250,6868250,4.3473297e-06
833309,1000250,6868250,5.6578906e-06
833310,1001750,6868250,5.7485104e-06
833314,1007750,6868250,5.604099e-06
833315,1009250,6868250,5.8953792e-06
833539,910250,6866750,4.9970959e-06
833540,911750,6866750,3.9503916e-06
833541,913250,6866750,3.9898496e-06
833542,914750,6866750,4.0301916e-06
833543,916250,6866750,4.0534842e-06
833544,917750,6866750,4.0318437e-06
833545,919250,6866750,4.1101493e-06
833546,989750,6866750,4.6210507e-06
833547,991250,6866750,4.7022518e-06
833548,992750,6866750,4.671178e-06
833549,994250,6866750,4.4864319e-06
833550,995750,6866750,4.4417575e-06
833551,997250,6866750,4.4782414e-06
833552,998750,6866750,4.8075858e-06
833553,1000250,6866750,5.0575186e-06
833559,1009250,6866750,5.1664165e-06
833785,910250,6865250,5.0905464e-06
833786,911750,6865250,4.1214798e-06
833787,913250,6865250,4.1756375e-06
833788,914750,6865250,4.1681874e-06
833789,916250,6865250,4.1578555e-06
833790,917750,6865250,4.1407634e-06
833791,919250,6865250,4.1995554e-06
833792,989750,6865250,4.7270892e-06
833793,991250,6865250,4.7752624e-06
833794,992750,6865250,4.7358185e-06
833795,994250,6865250,4.5845741e-06
833796,995750,6865250,4.5468546e-06
833797,997250,6865250,4.5572292e-06
833798,998750,6865250,4.6626715e-06
833799,1000250,6865250,4.7682356e-06
833805,1009250,6865250,4.5396268e-06
834032,910250,6863750,5.1531824e-06
834033,911750,6863750,4.3104365e-06
834034,913250,6863750,4.388864e-06
834035,914750,6863750,4.3240079e-06
834036,916250,6863750,4.2857928e-06
834037,917750,6863750,4.2986749e-06
834038,919250,6863750,4.3404466e-06
834039,920750,6863750,4.3929163e-06
834040,989750,6863750,4.8034835e-06
834041,991250,6863750,4.7932526e-06
834042,994250,6863750,4.6578575e-06
834043,997250,6863750,4.6188234e-06
834044,998750,6863750,4.7456469e-06
834045,1000250,6863750,4.8320067e-06
834051,1009250,6863750,4.3843088e-06
834278,908750,6862250,5.5229984e-06
834279,910250,6862250,4.6025502e-06
834280,911750,6862250,4.2746924e-06
834281,913250,6862250,4.302598e-06
834282,914750,6862250,4.2844349e-06
834283,916250,6862250,4.2842698e-06
834284,917750,6862250,4.3179516e-06
834285,919250,6862250,4.3681434e-06
834286,920750,6862250,4.4234653e-06
834287,997250,6862250,4.7185754e-06
834288,998750,6862250,4.6377404e-06
834289,1000250,6862250,4.6197933e-06
834290,1001750,6862250,4.6342775e-06
834294,1007750,6862250,4.4057983e-06
834295,1009250,6862250,4.3389018e-06
834523,908750,6860750,4.1514254e-06
834524,910250,6860750,4.2542592e-06
834525,913250,6860750,4.2567021e-06
834526,914750,6860750,4.2657693e-06
834527,916250,6860750,4.2860015e-06
834528,917750,6860750,4.3246259e-06
834529,997250,6860750,4.8113579e-06
834530,1000250,6860750,4.2279707e-06
834531,1001750,6860750,4.1694084e-06
834532,1003250,6860750,4.3201285e-06
834535,1007750,6860750,4.3628629e-06
834536,1009250,6860750,4.4630242e-06
834763,907250,6859250,7.1846594e-06
834764,908750,6859250,7.1846594e-06
834765,913250,6859250,4.4642097e-06
834766,914750,6859250,4.4619319e-06
834767,916250,6859250,4.449445e-06
834768,917750,6859250,4.4264611e-06
834769,919250,6859250,4.5033948e-06
834770,1000250,6859250,4.1419271e-06
834771,1001750,6859250,4.0616173e-06
834772,1003250,6859250,4.234681e-06
834775,1007750,6859250,4.4623775e-06
834776,1009250,6859250,4.6137943e-06
835002,907250,6857750,7.1846594e-06
835003,914750,6857750,4.6013574e-06
835004,916250,6857750,4.5673523e-06
835005,997250,6857750,4.737873e-06
835006,998750,6857750,4.3277801e-06
835007,1000250,6857750,4.1560525e-06
835008,1003250,6857750,4.2879556e-06
835009,1004750,6857750,4.4360095e-06
835010,1006250,6857750,4.5283109e-06
835011,1007750,6857750,4.6709838e-06
835236,905750,6856250,8.7953877e-06
835237,907250,6856250,4.4033768e-06
835238,1003250,6856250,4.4861513e-06
835239,1004750,6856250,4.6033765e-06
835240,1006250,6856250,4.6595319e-06
835242,1009250,6856250,4.9821588e-06
835469,1004750,6854750,4.7824683e-06
835470,1006250,6854750,4.7589961e-06
835471,1007750,6854750,5.0004651e-06
835472,1009250,6854750,5.1856573e-06
835699,1007750,6853250,4.935358e-06
835700,1009250,6853250,5.0628714e-06
835927,1006250,6851750,4.7769004e-06
835928,1007750,6851750,4.8151155e-06
835929,1009250,6851750,4.8558381e-06
836378,913250,6848750,4.3301652e-06
836817,910250,6845750,4.230586e-06
837025,910250,6844250,4.2033776e-06
837414,907250,6841250,3.8975413e-06
837415,908750,6841250,4.0203918e-06
837416,910250,6841250,4.1855669e-06
837417,911750,6841250,4.0954715e-06
837598,886250,6839750,3.4762902e-06
837599,887750,6839750,3.5042528e-06
837605,901250,6839750,3.3724073e-06
837606,902750,6839750,3.9602705e-06
837609,907250,6839750,3.8946027e-06
837610,908750,6839750,4.0136238e-06
837611,910250,6839750,4.1167309e-06
837612,911750,6839750,7.1846594e-06
837792,884750,6838250,4.080398e-06
837793,886250,6838250,3.6331744e-06
837794,887750,6838250,3.6505542e-06
837800,904250,6838250,3.8325561e-06
837801,907250,6838250,3.9252809e-06
837981,884750,6836750,4.4998669e-06
837982,886250,6836750,3.7827374e-06
837983,887750,6836750,3.7960076e-06
837984,889250,6836750,3.6601743e-06
838164,881750,6835250,4.7012531e-06
838165,883250,6835250,4.6342129e-06
838166,884750,6835250,4.0385112e-06
838167,886250,6835250,3.7827015e-06
838168,887750,6835250,3.7662774e-06
838169,889250,6835250,3.6374925e-06
838335,881750,6833750,4.2648567e-06
838336,883250,6833750,4.1327021e-06
838337,884750,6833750,3.9008532e-06
838338,886250,6833750,3.8103697e-06
838339,887750,6833750,3.7646823e-06
838500,881750,6832250,6.3898347e-06
838501,883250,6832250,5.8305736e-06
838502,884750,6832250,4.3929954e-06
838503,886250,6832250,3.9291967e-06
838504,887750,6832250,3.8788467e-06
838660,880250,6830750,6.4945152e-06
838661,881750,6830750,6.5227869e-06
838662,883250,6830750,6.0126904e-06
838663,884750,6830750,4.4671265e-06
838664,886250,6830750,3.9976521e-06
838665,887750,6830750,3.9525971e-06
838813,880250,6829250,4.4806839e-06
838814,881750,6829250,4.6035848e-06
838815,883250,6829250,4.5342526e-06
838816,884750,6829250,4.1155236e-06
838817,886250,6829250,3.9892243e-06
838818,887750,6829250,3.9585675e-06
838819,889250,6829250,3.8206435e-06
838959,877250,6827750,5.8392884e-06
838960,878750,6827750,5.0481785e-06
838961,880250,6827750,3.8938556e-06
838962,881750,6827750,3.9544366e-06
838963,883250,6827750,3.9979182e-06
838964,884750,6827750,4.0144714e-06
838965,886250,6827750,4.0110226e-06
838966,887750,6827750,3.9834767e-06
839103,875750,6826250,3.9727142e-06
839104,877250,6826250,4.0320306e-06
839105,878750,6826250,4.047406e-06
839106,880250,6826250,3.991775e-06
839107,881750,6826250,4.0121722e-06
839108,883250,6826250,4.0355299e-06
839109,884750,6826250,4.0596415e-06
839110,886250,6826250,4.0576801e-06
839111,887750,6826250,4.0246882e-06
839112,889250,6826250,3.8816343e-06
839252,880250,6824750,4.0145433e-06
839253,881750,6824750,4.025514e-06
839254,883250,6824750,4.0426426e-06
839255,884750,6824750,4.0663158e-06
839256,886250,6824750,4.0732707e-06
839257,887750,6824750,4.039855e-06
839390,871250,6823250,3.8745648e-06
839391,872750,6823250,3.9294482e-06
839397,883250,6823250,4.0395817e-06
839398,884750,6823250,4.0579384e-06
839399,886250,6823250,4.0757423e-06
839400,887750,6823250,4.0403506e-06
839532,869750,6821750,4.027519e-06
839533,871250,6821750,4.0602231e-06
839534,872750,6821750,4.104179e-06
839535,874250,6821750,3.9810484e-06
839538,886250,6821750,3.9815873e-06
839539,887750,6821750,3.9597817e-06
839670,869750,6820250,4.1348003e-06
839671,871250,6820250,4.1876647e-06
839672,872750,6820250,4.2105048e-06
839673,874250,6820250,4.0461846e-06
839674,875750,6820250,3.926129e-06
839805,869750,6818750,4.1720095e-06
839806,871250,6818750,4.1862781e-06
839807,872750,6818750,4.1541125e-06
839808,874250,6818750,4.0069417e-06
839809,875750,6818750,3.9085121e-06
839940,869750,6817250,4.2405081e-06
839941,871250,6817250,4.2332513e-06
839942,872750,6817250,4.1737267e-06
839943,874250,6817250,4.0432533e-06
839944,875750,6817250,3.9629217e-06
839945,877250,6817250,3.9249076e-06
840074,869750,6815750,4.3399077e-06
840075,871250,6815750,4.3398645e-06
840076,872750,6815750,4.2932866e-06
840077,874250,6815750,4.1926942e-06
840078,875750,6815750,4.1400162e-06
840208,869750,6814250,4.4732692e-06
840209,871250,6814250,4.366455e-06
840210,872750,6814250,4.3319255e-06
840211,874250,6814250,4.2634774e-06
840212,875750,6814250,4.2293213e-06
840213,877250,6814250,4.2190331e-06
840341,869750,6812750,4.5571433e-06
840342,871250,6812750,4.3423579e-06
840343,872750,6812750,4.3127784e-06
840344,874250,6812750,4.270008e-06
840345,875750,6812750,4.2349757e-06
840471,865250,6811250,4.4011426e-06
840472,866750,6811250,5.6790491e-06
840473,868250,6811250,5.6627114e-06
840474,869750,6811250,4.5358333e-06
840475,871250,6811250,4.4380931e-06
840476,872750,6811250,4.4188887e-06
840477,874250,6811250,4.4036283e-06
840478,875750,6811250,4.3711752e-06
840479,877250,6811250,4.3259984e-06
840601,860750,6809750,3.8816129e-06
840602,862250,6809750,3.9945126e-06
840603,863750,6809750,4.0812456e-06
840604,865250,6809750,4.1605067e-06
840605,866750,6809750,4.2094916e-06
840606,868250,6809750,4.3883897e-06
840607,869750,6809750,4.5754209e-06
840608,871250,6809750,4.5716274e-06
840609,872750,6809750,4.5726188e-06
840610,874250,6809750,4.5934112e-06
840611,875750,6809750,4.5731431e-06
840612,877250,6809750,4.523828e-06
840733,859250,6808250,3.8810667e-06
840734,860750,6808250,3.9820256e-06
840735,862250,6808250,4.0472337e-06
840736,863750,6808250,4.0276555e-06
840737,865250,6808250,4.0286754e-06
840738,866750,6808250,4.1034677e-06
840739,868250,6808250,4.2910019e-06
840740,869750,6808250,4.5445699e-06
840741,871250,6808250,4.5592697e-06
840742,872750,6808250,4.5726833e-06
840743,874250,6808250,4.5876491e-06
840744,875750,6808250,4.5870961e-06
840860,859250,6806750,3.9907691e-06
840861,860750,6806750,4.1098551e-06
840862,862250,6806750,4.1279386e-06
840863,863750,6806750,4.0038526e-06
840864,865250,6806750,3.9351312e-06
840865,866750,6806750,4.0260961e-06
840866,868250,6806750,4.2382162e-06
840867,869750,6806750,4.5074971e-06
840868,871250,6806750,4.5352085e-06
840869,872750,6806750,4.552006e-06
840870,874250,6806750,4.5455831e-06
840871,875750,6806750,4.5602901e-06
840872,877250,6806750,4.5518768e-06
840983,859250,6805250,4.1737267e-06
840984,860750,6805250,4.312139e-06
840985,862250,6805250,4.2980355e-06
840986,863750,6805250,4.1047251e-06
840987,865250,6805250,3.9992401e-06
840988,866750,6805250,4.0935815e-06
840989,868250,6805250,4.2922161e-06
840990,869750,6805250,4.5243596e-06
840991,872750,6805250,4.5804572e-06
840992,874250,6805250,4.6907203e-06
840993,875750,6805250,4.7177705e-06
840994,877250,6805250,4.6885934e-06
841104,860750,6803750,5.0345493e-06
841105,862250,6803750,4.4203257e-06
841106,863750,6803750,4.2039237e-06
841108,871250,6803750,4.5145957e-06
841109,872750,6803750,4.6085779e-06
841110,874250,6803750,4.8247502e-06
841111,875750,6803750,4.8654656e-06
841112,877250,6803750,4.8148427e-06
841221,860750,6802250,6.37941e-06
841222,862250,6802250,4.4360386e-06
841223,863750,6802250,4.3095956e-06
841224,865250,6802250,4.2456736e-06
841225,869750,6802250,4.4904191e-06
841226,871250,6802250,4.4845351e-06
841227,872750,6802250,4.6050504e-06
841228,874250,6802250,4.8530505e-06
841229,875750,6802250,4.8908132e-06
841339,860750,6800750,6.8969493e-06
841340,862250,6800750,4.4761719e-06
841341,863750,6800750,4.4034418e-06
841342,865250,6800750,4.3508858e-06
841345,869750,6800750,4.4746271e-06
841346,871250,6800750,4.4818912e-06
841347,872750,6800750,4.6344285e-06
841348,874250,6800750,4.9159089e-06
841349,875750,6800750,4.9464943e-06
841350,877250,6800750,4.6325172e-06
841458,860750,6799250,6.8652007e-06
841459,862250,6799250,4.528742e-06
841460,863750,6799250,4.4841759e-06
841461,865250,6799250,4.4043973e-06
841464,869750,6799250,4.4918056e-06
841465,871250,6799250,4.5283687e-06
841466,872750,6799250,4.7294457e-06
841467,874250,6799250,5.0585318e-06
841468,875750,6799250,5.0868753e-06
841469,877250,6799250,4.7355384e-06
841575,859250,6797750,6.6042394e-06
841576,860750,6797750,5.5411756e-06
841577,862250,6797750,4.5135107e-06
841578,863750,6797750,4.4970293e-06
841579,865250,6797750,4.4364265e-06
841582,869750,6797750,4.4227327e-06
841583,871250,6797750,4.5262777e-06
841584,872750,6797750,4.7855938e-06
841585,874250,6797750,5.1539801e-06
841586,875750,6797750,5.1694269e-06
841587,877250,6797750,4.7800399e-06
841588,878750,6797750,3.609465e-06
841687,859250,6796250,3.8926701e-06
841688,860750,6796250,3.8460917e-06
841689,862250,6796250,4.4701442e-06
841690,863750,6796250,4.4770627e-06
841691,865250,6796250,4.4625212e-06
841692,866750,6796250,4.4248231e-06
841694,869750,6796250,4.2844276e-06
841695,871250,6796250,4.4807989e-06
841696,872750,6796250,4.7979011e-06
841697,874250,6796250,5.1889406e-06
841698,875750,6796250,5.1686225e-06
841699,877250,6796250,4.7305593e-06
841700,878750,6796250,3.5731896e-06
