ILAY,INODE,ICOL,IROW,X,Y,stage_m,cond_m2_per_day,rbot_m
19,781684,35,142,602750,7232750,955.8,5000.0,955.8
19,781685,36,142,604250,7232750,906.84,5000.0,906.84
19,781686,38,142,607250,7232750,944.11,5000.0,944.11
19,781687,40,142,610250,7232750,970.19,5000.0,970.19
19,781688,35,143,602750,7231250,909.92,5000.0,909.92
19,781689,36,143,604250,7231250,900.09,5000.0,900.09
19,781690,37,143,605750,7231250,867.41,5000.0,867.41
19,781691,39,143,608750,7231250,887.88,5000.0,887.88
19,781692,40,143,610250,7231250,907.77,5000.0,907.77
19,781693,35,144,602750,7229750,860.92,5000.0,860.92
19,781694,36,144,604250,7229750,894.45,5000.0,894.45
19,781695,39,144,608750,7229750,853.36,5000.0,853.36
19,781697,33,145,599750,7228250,783.53,5000.0,783.53
19,781698,35,145,602750,7228250,842.7,5000.0,842.7
19,781699,38,145,607250,7228250,773.96,5000.0,773.96
19,781700,39,145,608750,7228250,848.52,5000.0,848.52
19,781701,31,146,596750,7226750,767.44,5000.0,767.44
19,781704,36,148,604250,7223750,752.05,5000.0,752.05
19,781705,37,148,605750,7223750,753.06,5000.0,753.06
19,781706,38,148,607250,7223750,757.77,5000.0,757.77
19,781707,39,148,608750,7223750,750.66,5000.0,750.66
19,781708,40,148,610250,7223750,751.8,5000.0,751.8
19,781709,42,148,613250,7223750,758.41,5000.0,758.41
19,781713,47,148,620750,7223750,812.79,5000.0,812.79
19,781714,4,149,556250,7222250,761.7,5000.0,761.7
19,781715,5,149,557750,7222250,756.71,5000.0,756.71
19,781716,34,149,601250,7222250,741.34,5000.0,741.34
19,781717,35,149,602750,7222250,751.82,5000.0,751.82
19,781718,37,149,605750,7222250,752.28,5000.0,752.28
19,781719,38,149,607250,7222250,738.53,5000.0,738.53
19,781720,42,149,613250,7222250,736.26,5000.0,736.26
19,781721,44,149,616250,7222250,746.76,5000.0,746.76
19,781722,45,149,617750,7222250,744.24,5000.0,744.24
19,781723,46,149,619250,7222250,794.24,5000.0,794.24
19,781724,35,153,602750,7216250,711.67,5000.0,711.67
19,781725,36,153,604250,7216250,704.21,5000.0,704.21
19,781726,37,153,605750,7216250,694.02,5000.0,694.02
19,781727,39,153,608750,7216250,680.75,5000.0,680.75
19,781728,42,153,613250,7216250,659.83,5000.0,659.83
19,781729,56,153,634250,7216250,757.99,5000.0,757.99
19,781731,31,155,596750,7213250,704.49,5000.0,704.49
19,781732,32,155,598250,7213250,703.65,5000.0,703.65
19,781733,34,155,601250,7213250,690.6,5000.0,690.6
19,781734,38,155,607250,7213250,635.14,5000.0,635.14
19,781735,39,155,608750,7213250,641.09,5000.0,641.09
19,781736,42,155,613250,7213250,659.93,5000.0,659.93
19,781737,43,155,614750,7213250,651.42,5000.0,651.42
19,781738,134,155,751250,7213250,321.65,5000.0,321.65
19,781739,137,155,755750,7213250,296.85,5000.0,296.85
19,781740,141,155,761750,7213250,331.17,5000.0,331.17
19,781741,142,155,763250,7213250,345.99,5000.0,345.99
19,781742,2,156,553250,7211750,757.28,5000.0,757.28
19,781743,31,156,596750,7211750,703.95,5000.0,703.95
19,781744,34,156,601250,7211750,680.37,5000.0,680.37
19,781745,36,156,604250,7211750,656.24,5000.0,656.24
19,781746,41,156,611750,7211750,636.11,5000.0,636.11
19,781747,43,156,614750,7211750,645.56,5000.0,645.56
19,781748,45,156,617750,7211750,620.37,5000.0,620.37
19,781749,58,156,637250,7211750,751.28,5000.0,751.28
19,781750,133,156,749750,7211750,315.99,5000.0,315.99
19,781751,135,156,752750,7211750,292.29,5000.0,292.29
19,781752,137,156,755750,7211750,278.09,5000.0,278.09
19,781753,142,156,763250,7211750,331.27,5000.0,331.27
19,781754,143,156,764750,7211750,342.38,5000.0,342.38
19,781755,3,157,554750,7210250,662.45,5000.0,662.45
19,781756,32,157,598250,7210250,674.97,5000.0,674.97
19,781757,34,157,601250,7210250,680.24,5000.0,680.24
19,781758,38,157,607250,7210250,627.14,5000.0,627.14
19,781759,40,157,610250,7210250,610.09,5000.0,610.09
19,781760,42,157,613250,7210250,637.51,5000.0,637.51
19,781761,43,157,614750,7210250,636.8,5000.0,636.8
19,781762,49,157,623750,7210250,601.19,5000.0,601.19
19,781763,137,157,755750,7210250,267.46,5000.0,267.46
19,781764,140,157,760250,7210250,281.79,5000.0,281.79
19,781765,141,157,761750,7210250,308.33,5000.0,308.33
19,781766,142,157,763250,7210250,329.8,5000.0,329.8
19,781767,143,157,764750,7210250,321.2,5000.0,321.2
19,781769,27,158,590750,7208750,695.68,5000.0,695.68
19,781770,28,158,592250,7208750,703.56,5000.0,703.56
19,781771,29,158,593750,7208750,695.23,5000.0,695.23
19,781772,30,158,595250,7208750,698.03,5000.0,698.03
19,781773,31,158,596750,7208750,679.71,5000.0,679.71
19,781774,36,158,604250,7208750,628.59,5000.0,628.59
19,781775,39,158,608750,7208750,595.47,5000.0,595.47
19,781776,41,158,611750,7208750,611.91,5000.0,611.91
19,781777,43,158,614750,7208750,618.69,5000.0,618.69
19,781778,44,158,616250,7208750,606.92,5000.0,606.92
19,781779,45,158,617750,7208750,594.0,5000.0,594.0
19,781780,128,158,742250,7208750,373.2,5000.0,373.2
19,781781,132,158,748250,7208750,294.98,5000.0,294.98
19,781782,134,158,751250,7208750,277.95,5000.0,277.95
19,781783,135,158,752750,7208750,279.55,5000.0,279.55
19,781784,136,158,754250,7208750,267.23,5000.0,267.23
19,781785,139,158,758750,7208750,261.28,5000.0,261.28
19,781786,142,158,763250,7208750,299.14,5000.0,299.14
19,781787,143,158,764750,7208750,319.94,5000.0,319.94
19,781788,146,158,769250,7208750,277.38,5000.0,277.38
19,781789,26,159,589250,7207250,691.93,5000.0,691.93
19,781790,28,159,592250,7207250,700.67,5000.0,700.67
19,781791,29,159,593750,7207250,693.79,5000.0,693.79
19,781792,30,159,595250,7207250,681.62,5000.0,681.62
19,781793,35,159,602750,7207250,643.49,5000.0,643.49
19,781794,38,159,607250,7207250,597.16,5000.0,597.16
19,781795,41,159,611750,7207250,604.61,5000.0,604.61
19,781796,42,159,613250,7207250,613.34,5000.0,613.34
19,781797,43,159,614750,7207250,605.52,5000.0,605.52
19,781798,44,159,616250,7207250,588.85,5000.0,588.85
19,781799,49,159,623750,7207250,589.4,5000.0,589.4
19,781800,127,159,740750,7207250,379.08,5000.0,379.08
19,781801,131,159,746750,7207250,310.22,5000.0,310.22
19,781802,132,159,748250,7207250,302.52,5000.0,302.52
19,781803,133,159,749750,7207250,279.89,5000.0,279.89
19,781804,134,159,751250,7207250,296.0,5000.0,296.0
19,781805,135,159,752750,7207250,269.2,5000.0,269.2
19,781806,136,159,754250,7207250,271.37,5000.0,271.37
19,781807,137,159,755750,7207250,277.83,5000.0,277.83
19,781808,138,159,757250,7207250,287.12,5000.0,287.12
19,781809,140,159,760250,7207250,253.54,5000.0,253.54
19,781810,141,159,761750,7207250,262.91,5000.0,262.91
19,781811,143,159,764750,7207250,305.08,5000.0,305.08
19,781812,149,159,773750,7207250,239.34,5000.0,239.34
19,781813,150,159,775250,7207250,260.85,5000.0,260.85
19,781814,151,159,776750,7207250,264.66,5000.0,264.66
19,781815,29,160,593750,7205750,677.55,5000.0,677.55
19,781816,32,160,598250,7205750,641.43,5000.0,641.43
19,781817,34,160,601250,7205750,619.47,5000.0,619.47
19,781818,35,160,602750,7205750,626.32,5000.0,626.32
19,781819,36,160,604250,7205750,619.23,5000.0,619.23
19,781820,37,160,605750,7205750,613.96,5000.0,613.96
19,781821,38,160,607250,7205750,597.06,5000.0,597.06
19,781822,40,160,610250,7205750,578.4,5000.0,578.4
19,781823,41,160,611750,7205750,595.44,5000.0,595.44
19,781824,43,160,614750,7205750,603.82,5000.0,603.82
19,781825,44,160,616250,7205750,585.86,5000.0,585.86
19,781826,45,160,617750,7205750,563.27,5000.0,563.27
19,781827,47,160,620750,7205750,560.82,5000.0,560.82
19,781828,48,160,622250,7205750,570.38,5000.0,570.38
19,781829,49,160,623750,7205750,592.47,5000.0,592.47
19,781830,127,160,740750,7205750,378.95,5000.0,378.95
19,781831,129,160,743750,7205750,324.55,5000.0,324.55
19,781832,130,160,745250,7205750,312.0,5000.0,312.0
19,781833,131,160,746750,7205750,317.82,5000.0,317.82
19,781834,132,160,748250,7205750,285.67,5000.0,285.67
19,781835,133,160,749750,7205750,296.74,5000.0,296.74
19,781836,134,160,751250,7205750,280.79,5000.0,280.79
19,781837,135,160,752750,7205750,270.24,5000.0,270.24
19,781838,136,160,754250,7205750,308.85,5000.0,308.85
19,781839,137,160,755750,7205750,298.75,5000.0,298.75
19,781840,138,160,757250,7205750,282.31,5000.0,282.31
19,781841,139,160,758750,7205750,261.69,5000.0,261.69
19,781842,140,160,760250,7205750,266.64,5000.0,266.64
19,781843,143,160,764750,7205750,267.31,5000.0,267.31
19,781844,147,160,770750,7205750,266.97,5000.0,266.97
19,781845,151,160,776750,7205750,258.05,5000.0,258.05
19,781846,152,160,778250,7205750,291.85,5000.0,291.85
19,781847,27,161,590750,7204250,681.35,5000.0,681.35
19,781848,28,161,592250,7204250,729.27,5000.0,729.27
19,781849,32,161,598250,7204250,634.82,5000.0,634.82
19,781850,33,161,599750,7204250,610.97,5000.0,610.97
19,781851,35,161,602750,7204250,623.03,5000.0,623.03
19,781852,37,161,605750,7204250,604.9,5000.0,604.9
19,781853,38,161,607250,7204250,597.3,5000.0,597.3
19,781854,39,161,608750,7204250,582.94,5000.0,582.94
19,781855,41,161,611750,7204250,584.71,5000.0,584.71
19,781856,42,161,613250,7204250,575.49,5000.0,575.49
19,781857,43,161,614750,7204250,602.83,5000.0,602.83
19,781858,44,161,616250,7204250,582.67,5000.0,582.67
19,781859,45,161,617750,7204250,554.81,5000.0,554.81
19,781860,46,161,619250,7204250,531.34,5000.0,531.34
19,781861,47,161,620750,7204250,551.64,5000.0,551.64
19,781862,48,161,622250,7204250,564.71,5000.0,564.71
19,781863,49,161,623750,7204250,571.76,5000.0,571.76
19,781864,127,161,740750,7204250,356.22,5000.0,356.22
19,781865,128,161,742250,7204250,336.99,5000.0,336.99
19,781866,129,161,743750,7204250,334.36,5000.0,334.36
19,781867,130,161,745250,7204250,330.22,5000.0,330.22
19,781868,131,161,746750,7204250,311.75,5000.0,311.75
19,781869,132,161,748250,7204250,294.36,5000.0,294.36
19,781870,133,161,749750,7204250,282.58,5000.0,282.58
19,781871,134,161,751250,7204250,280.19,5000.0,280.19
19,781872,135,161,752750,7204250,283.34,5000.0,283.34
19,781873,136,161,754250,7204250,290.89,5000.0,290.89
19,781874,137,161,755750,7204250,262.89,5000.0,262.89
19,781875,138,161,757250,7204250,263.77,5000.0,263.77
19,781876,139,161,758750,7204250,269.09,5000.0,269.09
19,781877,140,161,760250,7204250,246.67,5000.0,246.67
19,781878,141,161,761750,7204250,254.15,5000.0,254.15
19,781879,142,161,763250,7204250,250.49,5000.0,250.49
19,781880,147,161,770750,7204250,260.71,5000.0,260.71
19,781881,150,161,775250,7204250,237.71,5000.0,237.71
19,781882,151,161,776750,7204250,261.93,5000.0,261.93
19,781883,153,161,779750,7204250,284.78,5000.0,284.78
19,781884,27,162,590750,7202750,706.77,5000.0,706.77
19,781885,28,162,592250,7202750,786.53,5000.0,786.53
19,781886,29,162,593750,7202750,669.49,5000.0,669.49
19,781887,35,162,602750,7202750,596.32,5000.0,596.32
19,781888,36,162,604250,7202750,580.48,5000.0,580.48
19,781889,37,162,605750,7202750,581.42,5000.0,581.42
19,781890,38,162,607250,7202750,579.06,5000.0,579.06
19,781891,39,162,608750,7202750,571.01,5000.0,571.01
19,781892,42,162,613250,7202750,594.92,5000.0,594.92
19,781893,43,162,614750,7202750,588.96,5000.0,588.96
19,781894,44,162,616250,7202750,567.9,5000.0,567.9
19,781895,45,162,617750,7202750,549.64,5000.0,549.64
19,781896,46,162,619250,7202750,529.67,5000.0,529.67
19,781897,47,162,620750,7202750,536.01,5000.0,536.01
19,781898,48,162,622250,7202750,542.05,5000.0,542.05
19,781899,49,162,623750,7202750,553.64,5000.0,553.64
19,781900,124,162,736250,7202750,387.99,5000.0,387.99
19,781901,126,162,739250,7202750,340.03,5000.0,340.03
19,781902,127,162,740750,7202750,325.11,5000.0,325.11
19,781903,128,162,742250,7202750,311.09,5000.0,311.09
19,781904,129,162,743750,7202750,301.19,5000.0,301.19
19,781905,130,162,745250,7202750,294.89,5000.0,294.89
19,781906,131,162,746750,7202750,306.49,5000.0,306.49
19,781907,132,162,748250,7202750,301.33,5000.0,301.33
19,781908,133,162,749750,7202750,289.26,5000.0,289.26
19,781909,134,162,751250,7202750,298.05,5000.0,298.05
19,781910,135,162,752750,7202750,291.71,5000.0,291.71
19,781911,136,162,754250,7202750,280.75,5000.0,280.75
19,781912,137,162,755750,7202750,260.36,5000.0,260.36
19,781913,138,162,757250,7202750,248.63,5000.0,248.63
19,781914,139,162,758750,7202750,237.67,5000.0,237.67
19,781915,140,162,760250,7202750,235.99,5000.0,235.99
19,781916,141,162,761750,7202750,235.99,5000.0,235.99
19,781917,142,162,763250,7202750,240.99,5000.0,240.99
19,781918,143,162,764750,7202750,236.98,5000.0,236.98
19,781919,144,162,766250,7202750,235.67,5000.0,235.67
19,781920,145,162,767750,7202750,236.32,5000.0,236.32
19,781921,148,162,772250,7202750,255.32,5000.0,255.32
19,781922,150,162,775250,7202750,241.95,5000.0,241.95
19,781923,151,162,776750,7202750,252.3,5000.0,252.3
19,781924,152,162,778250,7202750,264.48,5000.0,264.48
19,781925,153,162,779750,7202750,275.7,5000.0,275.7
19,781926,26,163,589250,7201250,667.82,5000.0,667.82
19,781927,27,163,590750,7201250,677.66,5000.0,677.66
19,781928,28,163,592250,7201250,673.07,5000.0,673.07
19,781929,29,163,593750,7201250,650.46,5000.0,650.46
19,781930,30,163,595250,7201250,650.87,5000.0,650.87
19,781931,32,163,598250,7201250,627.47,5000.0,627.47
19,781932,33,163,599750,7201250,607.94,5000.0,607.94
19,781933,36,163,604250,7201250,565.27,5000.0,565.27
19,781934,40,163,610250,7201250,555.05,5000.0,555.05
19,781935,42,163,613250,7201250,583.77,5000.0,583.77
19,781936,43,163,614750,7201250,575.44,5000.0,575.44
19,781937,44,163,616250,7201250,551.42,5000.0,551.42
19,781938,45,163,617750,7201250,549.05,5000.0,549.05
19,781939,46,163,619250,7201250,526.53,5000.0,526.53
19,781940,47,163,620750,7201250,522.43,5000.0,522.43
19,781941,48,163,622250,7201250,541.47,5000.0,541.47
19,781942,49,163,623750,7201250,550.95,5000.0,550.95
19,781943,50,163,625250,7201250,537.73,5000.0,537.73
19,781944,124,163,736250,7201250,387.69,5000.0,387.69
19,781945,125,163,737750,7201250,344.42,5000.0,344.42
19,781946,126,163,739250,7201250,353.38,5000.0,353.38
19,781947,127,163,740750,7201250,336.3,5000.0,336.3
19,781948,128,163,742250,7201250,326.08,5000.0,326.08
19,781949,129,163,743750,7201250,314.43,5000.0,314.43
19,781950,130,163,745250,7201250,289.23,5000.0,289.23
19,781951,131,163,746750,7201250,282.43,5000.0,282.43
19,781952,132,163,748250,7201250,294.14,5000.0,294.14
19,781953,133,163,749750,7201250,281.15,5000.0,281.15
19,781954,134,163,751250,7201250,287.69,5000.0,287.69
19,781955,135,163,752750,7201250,299.33,5000.0,299.33
19,781956,136,163,754250,7201250,287.46,5000.0,287.46
19,781957,137,163,755750,7201250,268.56,5000.0,268.56
19,781958,138,163,757250,7201250,258.9,5000.0,258.9
19,781959,139,163,758750,7201250,253.4,5000.0,253.4
19,781960,140,163,760250,7201250,246.76,5000.0,246.76
19,781961,141,163,761750,7201250,235.99,5000.0,235.99
19,781962,142,163,763250,7201250,242.84,5000.0,242.84
19,781963,143,163,764750,7201250,235.77,5000.0,235.77
19,781964,144,163,766250,7201250,232.11,5000.0,232.11
19,781965,145,163,767750,7201250,236.86,5000.0,236.86
19,781966,147,163,770750,7201250,243.92,5000.0,243.92
19,781967,148,163,772250,7201250,257.74,5000.0,257.74
19,781968,154,163,781250,7201250,280.34,5000.0,280.34
19,781969,7,164,560750,7199750,681.68,5000.0,681.68
19,781970,27,164,590750,7199750,656.25,5000.0,656.25
19,781971,28,164,592250,7199750,662.27,5000.0,662.27
19,781972,29,164,593750,7199750,668.8,5000.0,668.8
19,781973,30,164,595250,7199750,644.78,5000.0,644.78
19,781974,31,164,596750,7199750,643.2,5000.0,643.2
19,781975,32,164,598250,7199750,635.35,5000.0,635.35
19,781976,33,164,599750,7199750,605.73,5000.0,605.73
19,781977,34,164,601250,7199750,614.17,5000.0,614.17
19,781978,35,164,602750,7199750,603.61,5000.0,603.61
19,781979,36,164,604250,7199750,599.54,5000.0,599.54
19,781980,37,164,605750,7199750,584.49,5000.0,584.49
19,781981,38,164,607250,7199750,584.7,5000.0,584.7
19,781982,41,164,611750,7199750,560.66,5000.0,560.66
19,781983,42,164,613250,7199750,584.55,5000.0,584.55
19,781984,43,164,614750,7199750,578.94,5000.0,578.94
19,781985,44,164,616250,7199750,550.22,5000.0,550.22
19,781986,45,164,617750,7199750,524.72,5000.0,524.72
19,781987,46,164,619250,7199750,519.44,5000.0,519.44
19,781988,47,164,620750,7199750,543.76,5000.0,543.76
19,781989,48,164,622250,7199750,559.24,5000.0,559.24
19,781990,49,164,623750,7199750,550.04,5000.0,550.04
19,781991,50,164,625250,7199750,533.35,5000.0,533.35
19,781992,126,164,739250,7199750,347.15,5000.0,347.15
19,781993,127,164,740750,7199750,328.51,5000.0,328.51
19,781994,128,164,742250,7199750,314.7,5000.0,314.7
19,781995,129,164,743750,7199750,297.64,5000.0,297.64
19,781996,130,164,745250,7199750,291.58,5000.0,291.58
19,781997,131,164,746750,7199750,282.95,5000.0,282.95
19,781998,132,164,748250,7199750,278.76,5000.0,278.76
19,781999,133,164,749750,7199750,274.24,5000.0,274.24
19,782000,134,164,751250,7199750,270.36,5000.0,270.36
19,782001,135,164,752750,7199750,266.91,5000.0,266.91
19,782002,136,164,754250,7199750,270.17,5000.0,270.17
19,782003,137,164,755750,7199750,294.13,5000.0,294.13
19,782004,138,164,757250,7199750,294.16,5000.0,294.16
19,782005,139,164,758750,7199750,271.11,5000.0,271.11
19,782006,140,164,760250,7199750,247.68,5000.0,247.68
19,782007,141,164,761750,7199750,237.59,5000.0,237.59
19,782008,142,164,763250,7199750,233.62,5000.0,233.62
19,782009,143,164,764750,7199750,230.79,5000.0,230.79
19,782010,144,164,766250,7199750,227.98,5000.0,227.98
19,782011,145,164,767750,7199750,225.05,5000.0,225.05
19,782012,146,164,769250,7199750,223.2,5000.0,223.2
19,782013,149,164,773750,7199750,242.26,5000.0,242.26
19,782014,152,164,778250,7199750,246.06,5000.0,246.06
19,782015,4,165,556250,7198250,679.21,5000.0,679.21
19,782016,5,165,557750,7198250,676.91,5000.0,676.91
19,782017,6,165,559250,7198250,673.27,5000.0,673.27
19,782018,27,165,590750,7198250,642.05,5000.0,642.05
19,782019,28,165,592250,7198250,657.06,5000.0,657.06
19,782020,29,165,593750,7198250,665.44,5000.0,665.44
19,782021,30,165,595250,7198250,651.23,5000.0,651.23
19,782022,31,165,596750,7198250,620.87,5000.0,620.87
19,782023,32,165,598250,7198250,607.01,5000.0,607.01
19,782024,33,165,599750,7198250,617.66,5000.0,617.66
19,782025,34,165,601250,7198250,622.03,5000.0,622.03
19,782026,35,165,602750,7198250,584.0,5000.0,584.0
19,782027,36,165,604250,7198250,589.41,5000.0,589.41
19,782028,37,165,605750,7198250,575.73,5000.0,575.73
19,782029,38,165,607250,7198250,559.87,5000.0,559.87
19,782030,39,165,608750,7198250,555.67,5000.0,555.67
19,782031,41,165,611750,7198250,559.16,5000.0,559.16
19,782032,42,165,613250,7198250,550.4,5000.0,550.4
19,782033,43,165,614750,7198250,572.81,5000.0,572.81
19,782034,44,165,616250,7198250,560.13,5000.0,560.13
19,782035,45,165,617750,7198250,538.61,5000.0,538.61
19,782036,46,165,619250,7198250,509.53,5000.0,509.53
19,782037,47,165,620750,7198250,530.88,5000.0,530.88
19,782038,48,165,622250,7198250,544.12,5000.0,544.12
19,782039,49,165,623750,7198250,528.35,5000.0,528.35
19,782040,50,165,625250,7198250,519.12,5000.0,519.12
19,782041,51,165,626750,7198250,530.06,5000.0,530.06
19,782042,121,165,731750,7198250,402.71,5000.0,402.71
19,782043,125,165,737750,7198250,326.45,5000.0,326.45
19,782044,126,165,739250,7198250,330.71,5000.0,330.71
19,782045,127,165,740750,7198250,322.35,5000.0,322.35
19,782046,128,165,742250,7198250,316.32,5000.0,316.32
19,782047,129,165,743750,7198250,298.48,5000.0,298.48
19,782048,130,165,745250,7198250,301.88,5000.0,301.88
19,782049,131,165,746750,7198250,285.68,5000.0,285.68
19,782050,132,165,748250,7198250,278.65,5000.0,278.65
19,782051,133,165,749750,7198250,277.15,5000.0,277.15
19,782052,134,165,751250,7198250,269.58,5000.0,269.58
19,782053,135,165,752750,7198250,262.48,5000.0,262.48
19,782054,136,165,754250,7198250,259.62,5000.0,259.62
19,782055,137,165,755750,7198250,259.49,5000.0,259.49
19,782056,138,165,757250,7198250,258.53,5000.0,258.53
19,782057,139,165,758750,7198250,251.22,5000.0,251.22
19,782058,140,165,760250,7198250,241.58,5000.0,241.58
19,782059,141,165,761750,7198250,240.03,5000.0,240.03
19,782060,142,165,763250,7198250,246.43,5000.0,246.43
19,782061,143,165,764750,7198250,236.33,5000.0,236.33
19,782062,144,165,766250,7198250,228.04,5000.0,228.04
19,782063,145,165,767750,7198250,226.1,5000.0,226.1
19,782064,146,165,769250,7198250,222.45,5000.0,222.45
19,782065,147,165,770750,7198250,221.29,5000.0,221.29
19,782066,149,165,773750,7198250,239.55,5000.0,239.55
19,782067,151,165,776750,7198250,228.51,5000.0,228.51
19,782068,152,165,778250,7198250,247.32,5000.0,247.32
19,782069,153,165,779750,7198250,256.25,5000.0,256.25
19,782071,2,166,553250,7196750,643.1,5000.0,643.1
19,782072,3,166,554750,7196750,646.37,5000.0,646.37
19,782073,4,166,556250,7196750,637.7,5000.0,637.7
19,782074,8,166,562250,7196750,650.93,5000.0,650.93
19,782075,26,166,589250,7196750,656.26,5000.0,656.26
19,782076,27,166,590750,7196750,661.3,5000.0,661.3
19,782077,28,166,592250,7196750,668.28,5000.0,668.28
19,782078,29,166,593750,7196750,662.69,5000.0,662.69
19,782079,30,166,595250,7196750,620.36,5000.0,620.36
19,782080,31,166,596750,7196750,614.81,5000.0,614.81
19,782081,34,166,601250,7196750,605.67,5000.0,605.67
19,782082,35,166,602750,7196750,598.63,5000.0,598.63
19,782083,36,166,604250,7196750,565.47,5000.0,565.47
19,782084,37,166,605750,7196750,574.18,5000.0,574.18
19,782085,38,166,607250,7196750,556.62,5000.0,556.62
19,782086,41,166,611750,7196750,545.16,5000.0,545.16
19,782087,42,166,613250,7196750,549.37,5000.0,549.37
19,782088,43,166,614750,7196750,546.28,5000.0,546.28
19,782089,44,166,616250,7196750,557.35,5000.0,557.35
19,782090,45,166,617750,7196750,525.05,5000.0,525.05
19,782091,46,166,619250,7196750,505.96,5000.0,505.96
19,782092,47,166,620750,7196750,520.51,5000.0,520.51
19,782093,48,166,622250,7196750,539.47,5000.0,539.47
19,782094,49,166,623750,7196750,516.27,5000.0,516.27
19,782095,50,166,625250,7196750,514.43,5000.0,514.43
19,782096,51,166,626750,7196750,533.82,5000.0,533.82
19,782097,52,166,628250,7196750,546.37,5000.0,546.37
19,782098,125,166,737750,7196750,317.02,5000.0,317.02
19,782099,126,166,739250,7196750,315.83,5000.0,315.83
19,782100,127,166,740750,7196750,296.38,5000.0,296.38
19,782101,128,166,742250,7196750,309.99,5000.0,309.99
19,782102,129,166,743750,7196750,318.6,5000.0,318.6
19,782103,130,166,745250,7196750,305.43,5000.0,305.43
19,782104,131,166,746750,7196750,294.02,5000.0,294.02
19,782105,132,166,748250,7196750,288.35,5000.0,288.35
19,782106,133,166,749750,7196750,303.23,5000.0,303.23
19,782107,134,166,751250,7196750,284.14,5000.0,284.14
19,782108,135,166,752750,7196750,269.05,5000.0,269.05
19,782109,136,166,754250,7196750,259.61,5000.0,259.61
19,782110,137,166,755750,7196750,259.15,5000.0,259.15
19,782111,138,166,757250,7196750,254.17,5000.0,254.17
19,782112,139,166,758750,7196750,253.46,5000.0,253.46
19,782113,140,166,760250,7196750,246.29,5000.0,246.29
19,782117,144,166,766250,7196750,229.38,5000.0,229.38
19,782118,145,166,767750,7196750,224.12,5000.0,224.12
19,782119,146,166,769250,7196750,223.38,5000.0,223.38
19,782120,147,166,770750,7196750,216.69,5000.0,216.69
19,782121,148,166,772250,7196750,218.17,5000.0,218.17
19,782122,151,166,776750,7196750,223.66,5000.0,223.66
19,782123,153,166,779750,7196750,247.56,5000.0,247.56
19,782125,2,167,553250,7195250,633.92,5000.0,633.92
19,782126,3,167,554750,7195250,607.72,5000.0,607.72
19,782127,5,167,557750,7195250,631.1,5000.0,631.1
19,782128,6,167,559250,7195250,662.48,5000.0,662.48
19,782129,7,167,560750,7195250,663.93,5000.0,663.93
19,782130,24,167,586250,7195250,650.94,5000.0,650.94
19,782131,25,167,587750,7195250,655.72,5000.0,655.72
19,782132,26,167,589250,7195250,662.16,5000.0,662.16
19,782133,27,167,590750,7195250,648.91,5000.0,648.91
19,782134,28,167,592250,7195250,640.93,5000.0,640.93
19,782135,29,167,593750,7195250,636.49,5000.0,636.49
19,782136,30,167,595250,7195250,646.72,5000.0,646.72
19,782137,31,167,596750,7195250,620.11,5000.0,620.11
19,782138,32,167,598250,7195250,604.2,5000.0,604.2
19,782139,33,167,599750,7195250,582.76,5000.0,582.76
19,782140,34,167,601250,7195250,565.92,5000.0,565.92
19,782141,35,167,602750,7195250,575.28,5000.0,575.28
19,782142,36,167,604250,7195250,559.97,5000.0,559.97
19,782143,37,167,605750,7195250,561.76,5000.0,561.76
19,782144,38,167,607250,7195250,552.82,5000.0,552.82
19,782145,40,167,610250,7195250,538.28,5000.0,538.28
19,782146,41,167,611750,7195250,519.58,5000.0,519.58
19,782147,42,167,613250,7195250,531.55,5000.0,531.55
19,782148,43,167,614750,7195250,558.73,5000.0,558.73
19,782149,44,167,616250,7195250,531.69,5000.0,531.69
19,782150,45,167,617750,7195250,510.89,5000.0,510.89
19,782151,46,167,619250,7195250,501.09,5000.0,501.09
19,782152,47,167,620750,7195250,521.76,5000.0,521.76
19,782153,48,167,622250,7195250,524.32,5000.0,524.32
19,782154,49,167,623750,7195250,511.82,5000.0,511.82
19,782155,50,167,625250,7195250,511.83,5000.0,511.83
19,782156,51,167,626750,7195250,529.51,5000.0,529.51
19,782157,52,167,628250,7195250,529.18,5000.0,529.18
19,782158,56,167,634250,7195250,594.98,5000.0,594.98
19,782159,121,167,731750,7195250,386.34,5000.0,386.34
19,782160,122,167,733250,7195250,368.02,5000.0,368.02
19,782161,125,167,737750,7195250,289.59,5000.0,289.59
19,782162,126,167,739250,7195250,296.38,5000.0,296.38
19,782163,127,167,740750,7195250,333.58,5000.0,333.58
19,782164,128,167,742250,7195250,326.94,5000.0,326.94
19,782165,129,167,743750,7195250,334.7,5000.0,334.7
19,782166,130,167,745250,7195250,295.9,5000.0,295.9
19,782167,131,167,746750,7195250,292.72,5000.0,292.72
19,782168,132,167,748250,7195250,325.2,5000.0,325.2
19,782169,133,167,749750,7195250,321.31,5000.0,321.31
19,782170,134,167,751250,7195250,298.3,5000.0,298.3
19,782171,135,167,752750,7195250,286.83,5000.0,286.83
19,782172,136,167,754250,7195250,287.54,5000.0,287.54
19,782173,137,167,755750,7195250,280.33,5000.0,280.33
19,782174,138,167,757250,7195250,269.87,5000.0,269.87
19,782175,139,167,758750,7195250,264.57,5000.0,264.57
19,782179,143,167,764750,7195250,235.18,5000.0,235.18
19,782180,144,167,766250,7195250,232.13,5000.0,232.13
19,782181,145,167,767750,7195250,230.06,5000.0,230.06
19,782183,147,167,770750,7195250,240.62,5000.0,240.62
19,782185,149,167,773750,7195250,225.34,5000.0,225.34
19,782186,150,167,775250,7195250,220.93,5000.0,220.93
19,782187,152,167,778250,7195250,226.4,5000.0,226.4
19,782188,153,167,779750,7195250,230.66,5000.0,230.66
19,782189,155,167,782750,7195250,250.52,5000.0,250.52
19,782191,2,168,553250,7193750,619.95,5000.0,619.95
19,782192,4,168,556250,7193750,611.29,5000.0,611.29
19,782193,5,168,557750,7193750,625.03,5000.0,625.03
19,782194,6,168,559250,7193750,673.41,5000.0,673.41
19,782195,7,168,560750,7193750,705.34,5000.0,705.34
19,782196,8,168,562250,7193750,633.1,5000.0,633.1
19,782197,26,168,589250,7193750,659.16,5000.0,659.16
19,782198,27,168,590750,7193750,641.68,5000.0,641.68
19,782199,29,168,593750,7193750,628.52,5000.0,628.52
19,782200,30,168,595250,7193750,622.13,5000.0,622.13
19,782201,31,168,596750,7193750,613.11,5000.0,613.11
19,782202,32,168,598250,7193750,605.62,5000.0,605.62
19,782203,33,168,599750,7193750,581.11,5000.0,581.11
19,782204,34,168,601250,7193750,558.12,5000.0,558.12
19,782205,35,168,602750,7193750,563.79,5000.0,563.79
19,782206,36,168,604250,7193750,564.17,5000.0,564.17
19,782207,37,168,605750,7193750,537.43,5000.0,537.43
19,782208,38,168,607250,7193750,550.65,5000.0,550.65
19,782209,40,168,610250,7193750,521.31,5000.0,521.31
19,782210,41,168,611750,7193750,514.07,5000.0,514.07
19,782211,42,168,613250,7193750,528.68,5000.0,528.68
19,782212,43,168,614750,7193750,532.05,5000.0,532.05
19,782213,44,168,616250,7193750,505.82,5000.0,505.82
19,782214,45,168,617750,7193750,497.26,5000.0,497.26
19,782215,46,168,619250,7193750,500.36,5000.0,500.36
19,782216,47,168,620750,7193750,510.51,5000.0,510.51
19,782217,48,168,622250,7193750,531.58,5000.0,531.58
19,782218,49,168,623750,7193750,519.91,5000.0,519.91
19,782219,50,168,625250,7193750,507.27,5000.0,507.27
19,782220,51,168,626750,7193750,527.44,5000.0,527.44
19,782221,52,168,628250,7193750,515.57,5000.0,515.57
19,782222,57,168,635750,7193750,575.9,5000.0,575.9
19,782223,58,168,637250,7193750,588.59,5000.0,588.59
19,782224,126,168,739250,7193750,277.33,5000.0,277.33
19,782225,127,168,740750,7193750,265.54,5000.0,265.54
19,782226,128,168,742250,7193750,277.42,5000.0,277.42
19,782227,129,168,743750,7193750,277.79,5000.0,277.79
19,782228,130,168,745250,7193750,265.36,5000.0,265.36
19,782229,131,168,746750,7193750,272.58,5000.0,272.58
19,782230,132,168,748250,7193750,300.2,5000.0,300.2
19,782231,133,168,749750,7193750,335.02,5000.0,335.02
19,782232,134,168,751250,7193750,324.54,5000.0,324.54
19,782233,135,168,752750,7193750,309.15,5000.0,309.15
19,782236,138,168,757250,7193750,275.74,5000.0,275.74
19,782240,142,168,763250,7193750,245.99,5000.0,245.99
19,782246,148,168,772250,7193750,241.04,5000.0,241.04
19,782248,150,168,775250,7193750,218.17,5000.0,218.17
19,782249,151,168,776750,7193750,218.16,5000.0,218.16
19,782251,2,169,553250,7192250,584.83,5000.0,584.83
19,782252,4,169,556250,7192250,616.32,5000.0,616.32
19,782253,5,169,557750,7192250,605.71,5000.0,605.71
19,782254,6,169,559250,7192250,633.35,5000.0,633.35
19,782255,7,169,560750,7192250,639.42,5000.0,639.42
19,782256,27,169,590750,7192250,644.29,5000.0,644.29
19,782257,30,169,595250,7192250,628.74,5000.0,628.74
19,782258,31,169,596750,7192250,607.02,5000.0,607.02
19,782259,32,169,598250,7192250,585.69,5000.0,585.69
19,782260,33,169,599750,7192250,557.36,5000.0,557.36
19,782261,34,169,601250,7192250,546.27,5000.0,546.27
19,782262,35,169,602750,7192250,534.28,5000.0,534.28
19,782263,36,169,604250,7192250,538.13,5000.0,538.13
19,782264,37,169,605750,7192250,534.83,5000.0,534.83
19,782265,38,169,607250,7192250,531.42,5000.0,531.42
19,782266,39,169,608750,7192250,524.77,5000.0,524.77
19,782267,40,169,610250,7192250,503.08,5000.0,503.08
19,782268,41,169,611750,7192250,510.07,5000.0,510.07
19,782269,42,169,613250,7192250,512.82,5000.0,512.82
19,782270,43,169,614750,7192250,521.56,5000.0,521.56
19,782271,44,169,616250,7192250,496.29,5000.0,496.29
19,782272,45,169,617750,7192250,502.13,5000.0,502.13
19,782273,46,169,619250,7192250,504.24,5000.0,504.24
19,782274,47,169,620750,7192250,518.9,5000.0,518.9
19,782275,48,169,622250,7192250,526.1,5000.0,526.1
19,782276,49,169,623750,7192250,507.15,5000.0,507.15
19,782277,50,169,625250,7192250,502.44,5000.0,502.44
19,782278,51,169,626750,7192250,516.15,5000.0,516.15
19,782279,52,169,628250,7192250,511.21,5000.0,511.21
19,782280,57,169,635750,7192250,572.57,5000.0,572.57
19,782281,58,169,637250,7192250,573.92,5000.0,573.92
19,782282,124,169,736250,7192250,292.59,5000.0,292.59
19,782283,125,169,737750,7192250,271.53,5000.0,271.53
19,782284,126,169,739250,7192250,260.89,5000.0,260.89
19,782285,127,169,740750,7192250,258.56,5000.0,258.56
19,782286,128,169,742250,7192250,268.08,5000.0,268.08
19,782287,129,169,743750,7192250,272.12,5000.0,272.12
19,782288,130,169,745250,7192250,259.04,5000.0,259.04
19,782289,131,169,746750,7192250,269.94,5000.0,269.94
19,782290,132,169,748250,7192250,293.75,5000.0,293.75
19,782291,133,169,749750,7192250,344.54,5000.0,344.54
19,782292,134,169,751250,7192250,331.19,5000.0,331.19
19,782293,135,169,752750,7192250,320.55,5000.0,320.55
19,782295,137,169,755750,7192250,290.93,5000.0,290.93
19,782299,141,169,761750,7192250,258.45,5000.0,258.45
19,782306,148,169,772250,7192250,239.63,5000.0,239.63
19,782307,149,169,773750,7192250,220.74,5000.0,220.74
19,782308,150,169,775250,7192250,213.0,5000.0,213.0
19,782309,151,169,776750,7192250,213.0,5000.0,213.0
19,782310,152,169,778250,7192250,219.6,5000.0,219.6
19,782312,2,170,553250,7190750,596.57,5000.0,596.57
19,782313,3,170,554750,7190750,581.73,5000.0,581.73
19,782314,6,170,559250,7190750,600.92,5000.0,600.92
19,782315,7,170,560750,7190750,617.43,5000.0,617.43
19,782316,27,170,590750,7190750,646.81,5000.0,646.81
19,782317,30,170,595250,7190750,618.47,5000.0,618.47
19,782318,31,170,596750,7190750,607.57,5000.0,607.57
19,782319,32,170,598250,7190750,589.22,5000.0,589.22
19,782320,33,170,599750,7190750,561.45,5000.0,561.45
19,782321,34,170,601250,7190750,561.59,5000.0,561.59
19,782322,35,170,602750,7190750,548.79,5000.0,548.79
19,782323,36,170,604250,7190750,534.09,5000.0,534.09
19,782324,37,170,605750,7190750,508.04,5000.0,508.04
19,782325,38,170,607250,7190750,511.63,5000.0,511.63
19,782326,39,170,608750,7190750,535.21,5000.0,535.21
19,782327,40,170,610250,7190750,496.61,5000.0,496.61
19,782328,41,170,611750,7190750,507.27,5000.0,507.27
19,782329,42,170,613250,7190750,495.04,5000.0,495.04
19,782330,43,170,614750,7190750,494.99,5000.0,494.99
19,782331,44,170,616250,7190750,496.75,5000.0,496.75
19,782332,45,170,617750,7190750,507.54,5000.0,507.54
19,782333,46,170,619250,7190750,519.54,5000.0,519.54
19,782334,47,170,620750,7190750,534.7,5000.0,534.7
19,782335,48,170,622250,7190750,517.31,5000.0,517.31
19,782336,49,170,623750,7190750,499.39,5000.0,499.39
19,782337,50,170,625250,7190750,498.27,5000.0,498.27
19,782338,51,170,626750,7190750,505.67,5000.0,505.67
19,782339,52,170,628250,7190750,501.99,5000.0,501.99
19,782340,53,170,629750,7190750,528.43,5000.0,528.43
19,782341,54,170,631250,7190750,539.2,5000.0,539.2
19,782342,55,170,632750,7190750,534.67,5000.0,534.67
19,782343,56,170,634250,7190750,540.3,5000.0,540.3
19,782344,57,170,635750,7190750,562.32,5000.0,562.32
19,782345,58,170,637250,7190750,575.04,5000.0,575.04
19,782346,124,170,736250,7190750,301.48,5000.0,301.48
19,782347,125,170,737750,7190750,275.71,5000.0,275.71
19,782348,126,170,739250,7190750,263.92,5000.0,263.92
19,782349,127,170,740750,7190750,244.91,5000.0,244.91
19,782350,128,170,742250,7190750,250.43,5000.0,250.43
19,782351,129,170,743750,7190750,259.55,5000.0,259.55
19,782352,130,170,745250,7190750,250.99,5000.0,250.99
19,782353,131,170,746750,7190750,262.63,5000.0,262.63
19,782356,134,170,751250,7190750,333.65,5000.0,333.65
19,782357,135,170,752750,7190750,319.57,5000.0,319.57
19,782358,136,170,754250,7190750,304.76,5000.0,304.76
19,782361,139,170,758750,7190750,277.18,5000.0,277.18
19,782372,150,170,775250,7190750,225.3,5000.0,225.3
19,782373,151,170,776750,7190750,221.21,5000.0,221.21
19,782374,152,170,778250,7190750,226.81,5000.0,226.81
19,782375,153,170,779750,7190750,216.07,5000.0,216.07
19,782376,154,170,781250,7190750,213.0,5000.0,213.0
19,782377,155,170,782750,7190750,231.28,5000.0,231.28
19,782378,156,170,784250,7190750,247.74,5000.0,247.74
19,782380,2,171,553250,7189250,593.03,5000.0,593.03
19,782381,3,171,554750,7189250,603.27,5000.0,603.27
19,782382,4,171,556250,7189250,582.08,5000.0,582.08
19,782383,9,171,563750,7189250,625.95,5000.0,625.95
19,782384,27,171,590750,7189250,634.72,5000.0,634.72
19,782385,28,171,592250,7189250,620.76,5000.0,620.76
19,782386,30,171,595250,7189250,610.82,5000.0,610.82
19,782387,31,171,596750,7189250,600.34,5000.0,600.34
19,782388,32,171,598250,7189250,597.89,5000.0,597.89
19,782389,33,171,599750,7189250,592.77,5000.0,592.77
19,782390,34,171,601250,7189250,576.5,5000.0,576.5
19,782391,35,171,602750,7189250,551.47,5000.0,551.47
19,782392,36,171,604250,7189250,535.46,5000.0,535.46
19,782393,37,171,605750,7189250,512.73,5000.0,512.73
19,782394,38,171,607250,7189250,505.11,5000.0,505.11
19,782395,39,171,608750,7189250,510.52,5000.0,510.52
19,782396,40,171,610250,7189250,519.78,5000.0,519.78
19,782397,41,171,611750,7189250,487.85,5000.0,487.85
19,782398,42,171,613250,7189250,487.08,5000.0,487.08
19,782399,43,171,614750,7189250,489.18,5000.0,489.18
19,782400,44,171,616250,7189250,499.03,5000.0,499.03
19,782401,45,171,617750,7189250,514.38,5000.0,514.38
19,782402,46,171,619250,7189250,529.85,5000.0,529.85
19,782403,47,171,620750,7189250,523.92,5000.0,523.92
19,782404,48,171,622250,7189250,511.86,5000.0,511.86
19,782405,49,171,623750,7189250,496.62,5000.0,496.62
19,782406,50,171,625250,7189250,494.83,5000.0,494.83
19,782407,51,171,626750,7189250,497.27,5000.0,497.27
19,782408,52,171,628250,7189250,501.89,5000.0,501.89
19,782409,53,171,629750,7189250,511.51,5000.0,511.51
19,782410,54,171,631250,7189250,523.72,5000.0,523.72
19,782411,55,171,632750,7189250,535.51,5000.0,535.51
19,782412,56,171,634250,7189250,535.99,5000.0,535.99
19,782413,57,171,635750,7189250,555.31,5000.0,555.31
19,782414,58,171,637250,7189250,567.85,5000.0,567.85
19,782415,59,171,638750,7189250,577.87,5000.0,577.87
19,782416,123,171,734750,7189250,300.23,5000.0,300.23
19,782417,124,171,736250,7189250,269.77,5000.0,269.77
19,782418,125,171,737750,7189250,277.49,5000.0,277.49
19,782419,126,171,739250,7189250,243.11,5000.0,243.11
19,782420,127,171,740750,7189250,241.12,5000.0,241.12
19,782421,128,171,742250,7189250,252.66,5000.0,252.66
19,782422,129,171,743750,7189250,242.39,5000.0,242.39
19,782423,130,171,745250,7189250,248.09,5000.0,248.09
19,782424,131,171,746750,7189250,267.99,5000.0,267.99
19,782425,132,171,748250,7189250,291.49,5000.0,291.49
19,782429,136,171,754250,7189250,310.57,5000.0,310.57
19,782430,137,171,755750,7189250,299.14,5000.0,299.14
19,782431,138,171,757250,7189250,289.55,5000.0,289.55
19,782445,152,171,778250,7189250,204.35,5000.0,204.35
19,782446,153,171,779750,7189250,206.0,5000.0,206.0
19,782447,155,171,782750,7189250,221.24,5000.0,221.24
19,782448,156,171,784250,7189250,238.13,5000.0,238.13
19,782450,2,172,553250,7187750,594.43,5000.0,594.43
19,782451,3,172,554750,7187750,571.0,5000.0,571.0
19,782452,4,172,556250,7187750,592.82,5000.0,592.82
19,782453,8,172,562250,7187750,614.2,5000.0,614.2
19,782454,9,172,563750,7187750,607.05,5000.0,607.05
19,782455,31,172,596750,7187750,593.86,5000.0,593.86
19,782456,32,172,598250,7187750,567.64,5000.0,567.64
19,782457,33,172,599750,7187750,573.03,5000.0,573.03
19,782458,34,172,601250,7187750,552.96,5000.0,552.96
19,782459,35,172,602750,7187750,545.51,5000.0,545.51
19,782460,36,172,604250,7187750,529.72,5000.0,529.72
19,782461,37,172,605750,7187750,503.16,5000.0,503.16
19,782462,38,172,607250,7187750,511.55,5000.0,511.55
19,782463,39,172,608750,7187750,484.92,5000.0,484.92
19,782464,40,172,610250,7187750,503.93,5000.0,503.93
19,782465,41,172,611750,7187750,488.83,5000.0,488.83
19,782466,42,172,613250,7187750,485.55,5000.0,485.55
19,782467,43,172,614750,7187750,495.66,5000.0,495.66
19,782468,44,172,616250,7187750,497.17,5000.0,497.17
19,782469,45,172,617750,7187750,512.58,5000.0,512.58
19,782470,46,172,619250,7187750,537.44,5000.0,537.44
19,782471,47,172,620750,7187750,511.54,5000.0,511.54
19,782472,48,172,622250,7187750,517.97,5000.0,517.97
19,782473,49,172,623750,7187750,493.51,5000.0,493.51
19,782474,50,172,625250,7187750,493.51,5000.0,493.51
19,782475,51,172,626750,7187750,501.32,5000.0,501.32
19,782476,52,172,628250,7187750,520.54,5000.0,520.54
19,782477,53,172,629750,7187750,526.31,5000.0,526.31
19,782478,54,172,631250,7187750,531.29,5000.0,531.29
19,782479,55,172,632750,7187750,548.34,5000.0,548.34
19,782480,56,172,634250,7187750,551.4,5000.0,551.4
19,782481,57,172,635750,7187750,555.32,5000.0,555.32
19,782482,58,172,637250,7187750,549.2,5000.0,549.2
19,782483,59,172,638750,7187750,574.49,5000.0,574.49
19,782484,124,172,736250,7187750,272.97,5000.0,272.97
19,782485,125,172,737750,7187750,260.5,5000.0,260.5
19,782486,126,172,739250,7187750,259.08,5000.0,259.08
19,782487,127,172,740750,7187750,238.18,5000.0,238.18
19,782488,128,172,742250,7187750,243.68,5000.0,243.68
19,782489,129,172,743750,7187750,236.54,5000.0,236.54
19,782490,130,172,745250,7187750,232.08,5000.0,232.08
19,782491,131,172,746750,7187750,256.98,5000.0,256.98
19,782492,132,172,748250,7187750,287.76,5000.0,287.76
19,782510,150,172,775250,7187750,221.01,5000.0,221.01
19,782511,151,172,776750,7187750,215.09,5000.0,215.09
19,782512,152,172,778250,7187750,202.7,5000.0,202.7
19,782513,153,172,779750,7187750,202.33,5000.0,202.33
19,782514,154,172,781250,7187750,211.1,5000.0,211.1
19,782515,155,172,782750,7187750,226.13,5000.0,226.13
19,782516,156,172,784250,7187750,235.34,5000.0,235.34
19,782517,157,172,785750,7187750,219.85,5000.0,219.85
19,782518,160,172,790250,7187750,262.28,5000.0,262.28
19,782519,161,172,791750,7187750,276.76,5000.0,276.76
19,782520,162,172,793250,7187750,290.97,5000.0,290.97
19,782522,2,173,553250,7186250,594.45,5000.0,594.45
19,782523,3,173,554750,7186250,570.72,5000.0,570.72
19,782524,4,173,556250,7186250,576.63,5000.0,576.63
19,782525,5,173,557750,7186250,575.23,5000.0,575.23
19,782526,6,173,559250,7186250,583.02,5000.0,583.02
19,782527,31,173,596750,7186250,583.07,5000.0,583.07
19,782528,33,173,599750,7186250,575.76,5000.0,575.76
19,782529,34,173,601250,7186250,558.81,5000.0,558.81
19,782530,35,173,602750,7186250,542.47,5000.0,542.47
19,782531,36,173,604250,7186250,532.5,5000.0,532.5
19,782532,37,173,605750,7186250,511.87,5000.0,511.87
19,782533,38,173,607250,7186250,498.25,5000.0,498.25
19,782534,39,173,608750,7186250,481.83,5000.0,481.83
19,782535,40,173,610250,7186250,496.24,5000.0,496.24
19,782536,41,173,611750,7186250,482.05,5000.0,482.05
19,782537,42,173,613250,7186250,485.36,5000.0,485.36
19,782538,43,173,614750,7186250,492.14,5000.0,492.14
19,782539,44,173,616250,7186250,502.27,5000.0,502.27
19,782540,45,173,617750,7186250,526.71,5000.0,526.71
19,782541,46,173,619250,7186250,521.9,5000.0,521.9
19,782542,47,173,620750,7186250,510.18,5000.0,510.18
19,782543,48,173,622250,7186250,502.26,5000.0,502.26
19,782544,49,173,623750,7186250,489.65,5000.0,489.65
19,782545,50,173,625250,7186250,490.18,5000.0,490.18
19,782546,51,173,626750,7186250,502.83,5000.0,502.83
19,782547,52,173,628250,7186250,522.5,5000.0,522.5
19,782548,53,173,629750,7186250,513.13,5000.0,513.13
19,782549,54,173,631250,7186250,523.55,5000.0,523.55
19,782550,55,173,632750,7186250,535.62,5000.0,535.62
19,782551,56,173,634250,7186250,562.81,5000.0,562.81
19,782552,57,173,635750,7186250,550.13,5000.0,550.13
19,782553,58,173,637250,7186250,540.21,5000.0,540.21
19,782554,59,173,638750,7186250,560.75,5000.0,560.75
19,782555,70,173,655250,7186250,519.65,5000.0,519.65
19,782556,123,173,734750,7186250,293.92,5000.0,293.92
19,782557,124,173,736250,7186250,286.02,5000.0,286.02
19,782558,125,173,737750,7186250,262.57,5000.0,262.57
19,782559,126,173,739250,7186250,244.18,5000.0,244.18
19,782560,127,173,740750,7186250,237.85,5000.0,237.85
19,782561,128,173,742250,7186250,235.49,5000.0,235.49
19,782562,129,173,743750,7186250,234.66,5000.0,234.66
19,782563,130,173,745250,7186250,230.02,5000.0,230.02
19,782564,131,173,746750,7186250,235.26,5000.0,235.26
19,782565,132,173,748250,7186250,264.34,5000.0,264.34
19,782567,134,173,751250,7186250,287.28,5000.0,287.28
19,782568,135,173,752750,7186250,281.96,5000.0,281.96
19,782584,151,173,776750,7186250,212.58,5000.0,212.58
19,782585,152,173,778250,7186250,207.7,5000.0,207.7
19,782586,153,173,779750,7186250,200.24,5000.0,200.24
19,782587,154,173,781250,7186250,198.02,5000.0,198.02
19,782588,155,173,782750,7186250,206.99,5000.0,206.99
19,782589,156,173,784250,7186250,231.2,5000.0,231.2
19,782590,157,173,785750,7186250,205.27,5000.0,205.27
19,782591,158,173,787250,7186250,225.96,5000.0,225.96
19,782592,159,173,788750,7186250,228.1,5000.0,228.1
19,782593,160,173,790250,7186250,255.53,5000.0,255.53
19,782594,161,173,791750,7186250,315.11,5000.0,315.11
19,782595,162,173,793250,7186250,282.13,5000.0,282.13
19,782596,163,173,794750,7186250,270.29,5000.0,270.29
19,782598,2,174,553250,7184750,580.81,5000.0,580.81
19,782599,3,174,554750,7184750,590.25,5000.0,590.25
19,782600,9,174,563750,7184750,581.55,5000.0,581.55
19,782601,31,174,596750,7184750,565.42,5000.0,565.42
19,782602,32,174,598250,7184750,545.57,5000.0,545.57
19,782603,33,174,599750,7184750,557.83,5000.0,557.83
19,782604,34,174,601250,7184750,559.26,5000.0,559.26
19,782605,35,174,602750,7184750,530.42,5000.0,530.42
19,782606,36,174,604250,7184750,512.79,5000.0,512.79
19,782607,37,174,605750,7184750,490.75,5000.0,490.75
19,782608,38,174,607250,7184750,481.77,5000.0,481.77
19,782609,39,174,608750,7184750,480.44,5000.0,480.44
19,782610,40,174,610250,7184750,482.05,5000.0,482.05
19,782611,41,174,611750,7184750,485.24,5000.0,485.24
19,782612,42,174,613250,7184750,502.82,5000.0,502.82
19,782613,43,174,614750,7184750,511.24,5000.0,511.24
19,782614,44,174,616250,7184750,513.53,5000.0,513.53
19,782615,45,174,617750,7184750,511.26,5000.0,511.26
19,782616,46,174,619250,7184750,501.78,5000.0,501.78
19,782617,47,174,620750,7184750,501.46,5000.0,501.46
19,782618,48,174,622250,7184750,488.78,5000.0,488.78
19,782619,49,174,623750,7184750,486.87,5000.0,486.87
19,782620,50,174,625250,7184750,486.54,5000.0,486.54
19,782621,51,174,626750,7184750,494.87,5000.0,494.87
19,782622,52,174,628250,7184750,498.37,5000.0,498.37
19,782623,53,174,629750,7184750,504.34,5000.0,504.34
19,782624,54,174,631250,7184750,516.1,5000.0,516.1
19,782625,55,174,632750,7184750,536.01,5000.0,536.01
19,782626,56,174,634250,7184750,540.75,5000.0,540.75
19,782627,57,174,635750,7184750,548.06,5000.0,548.06
19,782628,58,174,637250,7184750,545.08,5000.0,545.08
19,782629,60,174,640250,7184750,579.4,5000.0,579.4
19,782630,64,174,646250,7184750,553.24,5000.0,553.24
19,782631,65,174,647750,7184750,540.15,5000.0,540.15
19,782632,66,174,649250,7184750,541.3,5000.0,541.3
19,782633,67,174,650750,7184750,545.82,5000.0,545.82
19,782634,72,174,658250,7184750,503.62,5000.0,503.62
19,782635,124,174,736250,7184750,254.62,5000.0,254.62
19,782636,125,174,737750,7184750,244.18,5000.0,244.18
19,782637,126,174,739250,7184750,277.53,5000.0,277.53
19,782638,127,174,740750,7184750,237.61,5000.0,237.61
19,782639,128,174,742250,7184750,235.91,5000.0,235.91
19,782640,129,174,743750,7184750,234.03,5000.0,234.03
19,782641,130,174,745250,7184750,229.75,5000.0,229.75
19,782642,131,174,746750,7184750,229.73,5000.0,229.73
19,782644,133,174,749750,7184750,263.05,5000.0,263.05
19,782645,134,174,751250,7184750,252.51,5000.0,252.51
19,782647,136,174,754250,7184750,254.55,5000.0,254.55
19,782663,152,174,778250,7184750,211.28,5000.0,211.28
19,782664,153,174,779750,7184750,199.7,5000.0,199.7
19,782665,154,174,781250,7184750,197.5,5000.0,197.5
19,782666,155,174,782750,7184750,196.78,5000.0,196.78
19,782667,156,174,784250,7184750,201.3,5000.0,201.3
19,782668,157,174,785750,7184750,202.83,5000.0,202.83
19,782669,158,174,787250,7184750,205.45,5000.0,205.45
19,782670,159,174,788750,7184750,236.52,5000.0,236.52
19,782671,160,174,790250,7184750,260.24,5000.0,260.24
19,782672,161,174,791750,7184750,258.35,5000.0,258.35
19,782673,162,174,793250,7184750,260.32,5000.0,260.32
19,782674,163,174,794750,7184750,236.51,5000.0,236.51
19,782675,164,174,796250,7184750,272.28,5000.0,272.28
19,782677,2,175,553250,7183250,578.8,5000.0,578.8
19,782678,3,175,554750,7183250,584.91,5000.0,584.91
19,782679,4,175,556250,7183250,582.93,5000.0,582.93
19,782680,5,175,557750,7183250,572.05,5000.0,572.05
19,782681,8,175,562250,7183250,558.79,5000.0,558.79
19,782682,9,175,563750,7183250,581.68,5000.0,581.68
19,782683,29,175,593750,7183250,571.53,5000.0,571.53
19,782684,31,175,596750,7183250,554.13,5000.0,554.13
19,782685,32,175,598250,7183250,540.84,5000.0,540.84
19,782686,33,175,599750,7183250,540.8,5000.0,540.8
19,782687,34,175,601250,7183250,542.03,5000.0,542.03
19,782688,35,175,602750,7183250,538.92,5000.0,538.92
19,782689,36,175,604250,7183250,514.18,5000.0,514.18
19,782690,37,175,605750,7183250,510.57,5000.0,510.57
19,782691,38,175,607250,7183250,485.86,5000.0,485.86
19,782692,39,175,608750,7183250,474.78,5000.0,474.78
19,782693,40,175,610250,7183250,477.83,5000.0,477.83
19,782694,41,175,611750,7183250,477.02,5000.0,477.02
19,782695,42,175,613250,7183250,489.18,5000.0,489.18
19,782696,43,175,614750,7183250,518.85,5000.0,518.85
19,782697,44,175,616250,7183250,513.27,5000.0,513.27
19,782698,45,175,617750,7183250,502.75,5000.0,502.75
19,782699,46,175,619250,7183250,488.69,5000.0,488.69
19,782700,47,175,620750,7183250,488.32,5000.0,488.32
19,782701,48,175,622250,7183250,479.93,5000.0,479.93
19,782702,49,175,623750,7183250,482.64,5000.0,482.64
19,782703,50,175,625250,7183250,484.15,5000.0,484.15
19,782704,51,175,626750,7183250,484.7,5000.0,484.7
19,782705,52,175,628250,7183250,493.95,5000.0,493.95
19,782706,53,175,629750,7183250,509.02,5000.0,509.02
19,782707,54,175,631250,7183250,519.81,5000.0,519.81
19,782708,55,175,632750,7183250,524.55,5000.0,524.55
19,782709,56,175,634250,7183250,523.61,5000.0,523.61
19,782710,57,175,635750,7183250,542.09,5000.0,542.09
19,782711,58,175,637250,7183250,543.34,5000.0,543.34
19,782712,60,175,640250,7183250,562.04,5000.0,562.04
19,782713,61,175,641750,7183250,564.78,5000.0,564.78
19,782714,63,175,644750,7183250,559.42,5000.0,559.42
19,782715,67,175,650750,7183250,522.87,5000.0,522.87
19,782716,70,175,655250,7183250,494.08,5000.0,494.08
19,782717,76,175,664250,7183250,494.81,5000.0,494.81
19,782718,77,175,665750,7183250,502.53,5000.0,502.53
19,782719,124,175,736250,7183250,282.95,5000.0,282.95
19,782720,125,175,737750,7183250,245.09,5000.0,245.09
19,782721,126,175,739250,7183250,267.75,5000.0,267.75
19,782722,127,175,740750,7183250,259.61,5000.0,259.61
19,782723,128,175,742250,7183250,276.71,5000.0,276.71
19,782724,129,175,743750,7183250,271.96,5000.0,271.96
19,782725,130,175,745250,7183250,239.04,5000.0,239.04
19,782726,131,175,746750,7183250,228.9,5000.0,228.9
19,782727,132,175,748250,7183250,228.87,5000.0,228.87
19,782729,134,175,751250,7183250,237.45,5000.0,237.45
19,782745,150,175,775250,7183250,219.46,5000.0,219.46
19,782746,151,175,776750,7183250,207.62,5000.0,207.62
19,782747,152,175,778250,7183250,203.0,5000.0,203.0
19,782748,153,175,779750,7183250,196.94,5000.0,196.94
19,782749,154,175,781250,7183250,196.33,5000.0,196.33
19,782750,155,175,782750,7183250,196.7,5000.0,196.7
19,782751,156,175,784250,7183250,198.99,5000.0,198.99
19,782752,157,175,785750,7183250,209.28,5000.0,209.28
19,782753,158,175,787250,7183250,212.94,5000.0,212.94
19,782754,159,175,788750,7183250,220.61,5000.0,220.61
19,782755,160,175,790250,7183250,231.09,5000.0,231.09
19,782756,161,175,791750,7183250,260.34,5000.0,260.34
19,782757,162,175,793250,7183250,221.14,5000.0,221.14
19,782758,163,175,794750,7183250,211.63,5000.0,211.63
19,782759,164,175,796250,7183250,241.78,5000.0,241.78
19,782761,2,176,553250,7181750,599.71,5000.0,599.71
19,782762,3,176,554750,7181750,595.66,5000.0,595.66
19,782763,4,176,556250,7181750,598.69,5000.0,598.69
19,782764,5,176,557750,7181750,593.68,5000.0,593.68
19,782765,6,176,559250,7181750,571.16,5000.0,571.16
19,782766,9,176,563750,7181750,559.76,5000.0,559.76
19,782767,19,176,578750,7181750,658.16,5000.0,658.16
19,782768,21,176,581750,7181750,622.39,5000.0,622.39
19,782769,22,176,583250,7181750,620.31,5000.0,620.31
19,782770,31,176,596750,7181750,547.03,5000.0,547.03
19,782771,32,176,598250,7181750,519.71,5000.0,519.71
19,782772,33,176,599750,7181750,518.48,5000.0,518.48
19,782773,34,176,601250,7181750,536.32,5000.0,536.32
19,782774,35,176,602750,7181750,525.17,5000.0,525.17
19,782775,36,176,604250,7181750,522.36,5000.0,522.36
19,782776,37,176,605750,7181750,497.22,5000.0,497.22
19,782777,38,176,607250,7181750,483.08,5000.0,483.08
19,782778,39,176,608750,7181750,473.5,5000.0,473.5
19,782779,40,176,610250,7181750,476.49,5000.0,476.49
19,782780,41,176,611750,7181750,481.27,5000.0,481.27
19,782781,42,176,613250,7181750,500.25,5000.0,500.25
19,782782,43,176,614750,7181750,511.1,5000.0,511.1
19,782783,44,176,616250,7181750,520.04,5000.0,520.04
19,782784,45,176,617750,7181750,504.4,5000.0,504.4
19,782785,46,176,619250,7181750,497.87,5000.0,497.87
19,782786,47,176,620750,7181750,477.26,5000.0,477.26
19,782787,48,176,622250,7181750,476.86,5000.0,476.86
19,782788,49,176,623750,7181750,481.56,5000.0,481.56
19,782789,50,176,625250,7181750,492.34,5000.0,492.34
19,782790,51,176,626750,7181750,490.79,5000.0,490.79
19,782791,52,176,628250,7181750,494.7,5000.0,494.7
19,782792,53,176,629750,7181750,504.81,5000.0,504.81
19,782793,54,176,631250,7181750,517.73,5000.0,517.73
19,782794,55,176,632750,7181750,512.59,5000.0,512.59
19,782795,56,176,634250,7181750,519.03,5000.0,519.03
19,782796,57,176,635750,7181750,527.92,5000.0,527.92
19,782797,58,176,637250,7181750,523.3,5000.0,523.3
19,782798,59,176,638750,7181750,543.7,5000.0,543.7
19,782799,60,176,640250,7181750,550.97,5000.0,550.97
19,782800,64,176,646250,7181750,544.89,5000.0,544.89
19,782801,65,176,647750,7181750,532.78,5000.0,532.78
19,782802,66,176,649250,7181750,533.5,5000.0,533.5
19,782803,68,176,652250,7181750,525.45,5000.0,525.45
19,782804,69,176,653750,7181750,501.12,5000.0,501.12
19,782805,70,176,655250,7181750,478.84,5000.0,478.84
19,782806,71,176,656750,7181750,472.9,5000.0,472.9
19,782807,72,176,658250,7181750,482.18,5000.0,482.18
19,782808,73,176,659750,7181750,495.74,5000.0,495.74
19,782809,74,176,661250,7181750,483.16,5000.0,483.16
19,782810,75,176,662750,7181750,498.13,5000.0,498.13
19,782811,76,176,664250,7181750,488.14,5000.0,488.14
19,782812,119,176,728750,7181750,354.17,5000.0,354.17
19,782813,121,176,731750,7181750,334.51,5000.0,334.51
19,782814,122,176,733250,7181750,300.39,5000.0,300.39
19,782815,123,176,734750,7181750,272.79,5000.0,272.79
19,782816,124,176,736250,7181750,258.49,5000.0,258.49
19,782817,125,176,737750,7181750,260.09,5000.0,260.09
19,782818,126,176,739250,7181750,264.61,5000.0,264.61
19,782819,127,176,740750,7181750,305.28,5000.0,305.28
19,782820,128,176,742250,7181750,317.03,5000.0,317.03
19,782821,129,176,743750,7181750,288.99,5000.0,288.99
19,782822,130,176,745250,7181750,232.83,5000.0,232.83
19,782823,131,176,746750,7181750,228.96,5000.0,228.96
19,782824,132,176,748250,7181750,228.84,5000.0,228.84
19,782825,133,176,749750,7181750,224.79,5000.0,224.79
19,782826,134,176,751250,7181750,225.63,5000.0,225.63
19,782842,150,176,775250,7181750,227.19,5000.0,227.19
19,782843,151,176,776750,7181750,199.6,5000.0,199.6
19,782844,152,176,778250,7181750,192.09,5000.0,192.09
19,782845,153,176,779750,7181750,192.14,5000.0,192.14
19,782846,154,176,781250,7181750,195.55,5000.0,195.55
19,782847,155,176,782750,7181750,197.96,5000.0,197.96
19,782848,156,176,784250,7181750,207.04,5000.0,207.04
19,782849,157,176,785750,7181750,224.62,5000.0,224.62
19,782850,158,176,787250,7181750,230.26,5000.0,230.26
19,782851,159,176,788750,7181750,234.19,5000.0,234.19
19,782852,160,176,790250,7181750,247.48,5000.0,247.48
19,782853,161,176,791750,7181750,249.22,5000.0,249.22
19,782854,162,176,793250,7181750,217.26,5000.0,217.26
19,782855,163,176,794750,7181750,204.84,5000.0,204.84
19,782856,164,176,796250,7181750,210.07,5000.0,210.07
19,782857,165,176,797750,7181750,232.85,5000.0,232.85
19,782858,166,176,799250,7181750,264.98,5000.0,264.98
19,782859,2,177,553250,7180250,581.85,5000.0,581.85
19,782860,3,177,554750,7180250,602.14,5000.0,602.14
19,782861,4,177,556250,7180250,566.27,5000.0,566.27
19,782862,5,177,557750,7180250,573.61,5000.0,573.61
19,782863,7,177,560750,7180250,561.44,5000.0,561.44
19,782864,16,177,574250,7180250,627.42,5000.0,627.42
19,782865,17,177,575750,7180250,637.01,5000.0,637.01
19,782866,19,177,578750,7180250,640.49,5000.0,640.49
19,782867,31,177,596750,7180250,539.95,5000.0,539.95
19,782868,32,177,598250,7180250,504.21,5000.0,504.21
19,782869,33,177,599750,7180250,533.37,5000.0,533.37
19,782870,34,177,601250,7180250,520.32,5000.0,520.32
19,782871,35,177,602750,7180250,505.72,5000.0,505.72
19,782872,36,177,604250,7180250,523.76,5000.0,523.76
19,782873,37,177,605750,7180250,512.7,5000.0,512.7
19,782874,38,177,607250,7180250,491.32,5000.0,491.32
19,782875,39,177,608750,7180250,473.58,5000.0,473.58
19,782876,40,177,610250,7180250,473.5,5000.0,473.5
19,782877,41,177,611750,7180250,476.89,5000.0,476.89
19,782878,42,177,613250,7180250,475.31,5000.0,475.31
19,782879,43,177,614750,7180250,496.85,5000.0,496.85
19,782880,44,177,616250,7180250,506.7,5000.0,506.7
19,782881,45,177,617750,7180250,490.21,5000.0,490.21
19,782882,46,177,619250,7180250,481.44,5000.0,481.44
19,782883,47,177,620750,7180250,474.18,5000.0,474.18
19,782884,48,177,622250,7180250,474.87,5000.0,474.87
19,782885,49,177,623750,7180250,497.79,5000.0,497.79
19,782886,50,177,625250,7180250,499.8,5000.0,499.8
19,782888,52,177,628250,7180250,498.44,5000.0,498.44
19,782889,53,177,629750,7180250,501.96,5000.0,501.96
19,782890,54,177,631250,7180250,498.44,5000.0,498.44
19,782891,55,177,632750,7180250,503.52,5000.0,503.52
19,782892,56,177,634250,7180250,523.65,5000.0,523.65
19,782893,57,177,635750,7180250,510.41,5000.0,510.41
19,782894,58,177,637250,7180250,517.48,5000.0,517.48
19,782895,59,177,638750,7180250,539.72,5000.0,539.72
19,782896,62,177,643250,7180250,545.83,5000.0,545.83
19,782897,64,177,646250,7180250,533.25,5000.0,533.25
19,782898,65,177,647750,7180250,529.45,5000.0,529.45
19,782899,66,177,649250,7180250,515.73,5000.0,515.73
19,782900,67,177,650750,7180250,500.62,5000.0,500.62
19,782901,68,177,652250,7180250,507.56,5000.0,507.56
19,782902,69,177,653750,7180250,510.21,5000.0,510.21
19,782903,70,177,655250,7180250,497.57,5000.0,497.57
19,782904,71,177,656750,7180250,482.09,5000.0,482.09
19,782905,72,177,658250,7180250,496.18,5000.0,496.18
19,782906,73,177,659750,7180250,492.06,5000.0,492.06
19,782907,74,177,661250,7180250,483.87,5000.0,483.87
19,782908,75,177,662750,7180250,488.73,5000.0,488.73
19,782909,76,177,664250,7180250,470.83,5000.0,470.83
19,782910,79,177,668750,7180250,486.14,5000.0,486.14
19,782911,119,177,728750,7180250,351.83,5000.0,351.83
19,782912,120,177,730250,7180250,346.19,5000.0,346.19
19,782913,121,177,731750,7180250,326.99,5000.0,326.99
19,782914,122,177,733250,7180250,308.07,5000.0,308.07
19,782915,123,177,734750,7180250,274.36,5000.0,274.36
19,782916,124,177,736250,7180250,265.6,5000.0,265.6
19,782917,125,177,737750,7180250,270.94,5000.0,270.94
19,782918,126,177,739250,7180250,295.74,5000.0,295.74
19,782919,127,177,740750,7180250,336.7,5000.0,336.7
19,782920,128,177,742250,7180250,301.24,5000.0,301.24
19,782921,129,177,743750,7180250,267.7,5000.0,267.7
19,782922,130,177,745250,7180250,248.45,5000.0,248.45
19,782926,134,177,751250,7180250,221.84,5000.0,221.84
19,782943,151,177,776750,7180250,201.96,5000.0,201.96
19,782944,152,177,778250,7180250,191.14,5000.0,191.14
19,782945,153,177,779750,7180250,191.14,5000.0,191.14
19,782946,154,177,781250,7180250,195.4,5000.0,195.4
19,782947,155,177,782750,7180250,205.29,5000.0,205.29
19,782948,156,177,784250,7180250,215.18,5000.0,215.18
19,782949,157,177,785750,7180250,235.89,5000.0,235.89
19,782950,158,177,787250,7180250,275.06,5000.0,275.06
19,782951,159,177,788750,7180250,252.96,5000.0,252.96
19,782952,160,177,790250,7180250,238.93,5000.0,238.93
19,782953,161,177,791750,7180250,229.82,5000.0,229.82
19,782954,162,177,793250,7180250,229.97,5000.0,229.97
19,782955,163,177,794750,7180250,201.45,5000.0,201.45
19,782956,164,177,796250,7180250,191.26,5000.0,191.26
19,782957,165,177,797750,7180250,223.15,5000.0,223.15
19,782958,166,177,799250,7180250,239.26,5000.0,239.26
19,782959,167,177,800750,7180250,262.1,5000.0,262.1
19,782961,5,178,557750,7178750,567.34,5000.0,567.34
19,782962,6,178,559250,7178750,572.6,5000.0,572.6
19,782963,17,178,575750,7178750,621.48,5000.0,621.48
19,782964,22,178,583250,7178750,600.32,5000.0,600.32
19,782965,23,178,584750,7178750,597.77,5000.0,597.77
19,782966,24,178,586250,7178750,595.04,5000.0,595.04
19,782967,27,178,590750,7178750,547.33,5000.0,547.33
19,782968,28,178,592250,7178750,533.3,5000.0,533.3
19,782969,30,178,595250,7178750,544.51,5000.0,544.51
19,782970,33,178,599750,7178750,521.94,5000.0,521.94
19,782971,34,178,601250,7178750,504.83,5000.0,504.83
19,782972,35,178,602750,7178750,507.95,5000.0,507.95
19,782973,36,178,604250,7178750,501.1,5000.0,501.1
19,782974,37,178,605750,7178750,488.47,5000.0,488.47
19,782975,38,178,607250,7178750,499.91,5000.0,499.91
19,782976,39,178,608750,7178750,489.99,5000.0,489.99
19,782977,40,178,610250,7178750,471.37,5000.0,471.37
19,782978,41,178,611750,7178750,471.61,5000.0,471.61
19,782979,42,178,613250,7178750,472.2,5000.0,472.2
19,782980,43,178,614750,7178750,488.95,5000.0,488.95
19,782981,44,178,616250,7178750,493.47,5000.0,493.47
19,782982,45,178,617750,7178750,497.23,5000.0,497.23
19,782983,46,178,619250,7178750,488.08,5000.0,488.08
19,782984,47,178,620750,7178750,473.4,5000.0,473.4
19,782985,48,178,622250,7178750,471.46,5000.0,471.46
19,782986,49,178,623750,7178750,479.97,5000.0,479.97
19,782987,50,178,625250,7178750,502.26,5000.0,502.26
19,782989,52,178,628250,7178750,488.69,5000.0,488.69
19,782990,53,178,629750,7178750,491.6,5000.0,491.6
19,782991,54,178,631250,7178750,497.45,5000.0,497.45
19,782992,55,178,632750,7178750,506.22,5000.0,506.22
19,782993,56,178,634250,7178750,502.17,5000.0,502.17
19,782994,57,178,635750,7178750,508.56,5000.0,508.56
19,782995,58,178,637250,7178750,519.13,5000.0,519.13
19,782996,59,178,638750,7178750,536.4,5000.0,536.4
19,782997,60,178,640250,7178750,532.7,5000.0,532.7
19,782998,61,178,641750,7178750,533.17,5000.0,533.17
19,782999,62,178,643250,7178750,529.9,5000.0,529.9
19,783000,64,178,646250,7178750,532.18,5000.0,532.18
19,783001,65,178,647750,7178750,515.68,5000.0,515.68
19,783002,66,178,649250,7178750,505.04,5000.0,505.04
19,783003,67,178,650750,7178750,495.11,5000.0,495.11
19,783004,68,178,652250,7178750,519.22,5000.0,519.22
19,783005,69,178,653750,7178750,512.98,5000.0,512.98
19,783006,70,178,655250,7178750,509.61,5000.0,509.61
19,783007,71,178,656750,7178750,502.87,5000.0,502.87
19,783008,72,178,658250,7178750,512.76,5000.0,512.76
19,783009,73,178,659750,7178750,504.29,5000.0,504.29
19,783010,74,178,661250,7178750,480.19,5000.0,480.19
19,783011,75,178,662750,7178750,466.15,5000.0,466.15
19,783012,76,178,664250,7178750,452.76,5000.0,452.76
19,783013,120,178,730250,7178750,358.85,5000.0,358.85
19,783014,121,178,731750,7178750,310.41,5000.0,310.41
19,783015,122,178,733250,7178750,300.53,5000.0,300.53
19,783016,123,178,734750,7178750,278.57,5000.0,278.57
19,783017,124,178,736250,7178750,274.72,5000.0,274.72
19,783018,125,178,737750,7178750,265.36,5000.0,265.36
19,783019,126,178,739250,7178750,268.98,5000.0,268.98
19,783020,127,178,740750,7178750,287.88,5000.0,287.88
19,783021,128,178,742250,7178750,286.84,5000.0,286.84
19,783022,129,178,743750,7178750,253.84,5000.0,253.84
19,783024,131,178,746750,7178750,231.58,5000.0,231.58
19,783047,154,178,781250,7178750,209.4,5000.0,209.4
19,783048,155,178,782750,7178750,221.83,5000.0,221.83
19,783049,156,178,784250,7178750,240.38,5000.0,240.38
19,783050,157,178,785750,7178750,250.12,5000.0,250.12
19,783051,158,178,787250,7178750,250.5,5000.0,250.5
19,783052,159,178,788750,7178750,245.1,5000.0,245.1
19,783053,160,178,790250,7178750,226.51,5000.0,226.51
19,783054,161,178,791750,7178750,218.43,5000.0,218.43
19,783055,162,178,793250,7178750,230.96,5000.0,230.96
19,783056,163,178,794750,7178750,203.85,5000.0,203.85
19,783057,164,178,796250,7178750,187.77,5000.0,187.77
19,783060,2,179,553250,7177250,598.1,5000.0,598.1
19,783061,3,179,554750,7177250,569.19,5000.0,569.19
19,783062,4,179,556250,7177250,578.15,5000.0,578.15
19,783063,17,179,575750,7177250,622.08,5000.0,622.08
19,783064,20,179,580250,7177250,602.12,5000.0,602.12
19,783065,23,179,584750,7177250,598.12,5000.0,598.12
19,783066,24,179,586250,7177250,594.14,5000.0,594.14
19,783067,26,179,589250,7177250,553.91,5000.0,553.91
19,783068,27,179,590750,7177250,547.48,5000.0,547.48
19,783069,28,179,592250,7177250,525.38,5000.0,525.38
19,783070,29,179,593750,7177250,504.73,5000.0,504.73
19,783071,31,179,596750,7177250,534.6,5000.0,534.6
19,783072,32,179,598250,7177250,514.69,5000.0,514.69
19,783073,33,179,599750,7177250,503.23,5000.0,503.23
19,783074,34,179,601250,7177250,499.9,5000.0,499.9
19,783075,35,179,602750,7177250,491.29,5000.0,491.29
19,783076,36,179,604250,7177250,484.63,5000.0,484.63
19,783077,37,179,605750,7177250,476.42,5000.0,476.42
19,783078,38,179,607250,7177250,480.6,5000.0,480.6
19,783079,39,179,608750,7177250,499.78,5000.0,499.78
19,783080,40,179,610250,7177250,470.37,5000.0,470.37
19,783081,41,179,611750,7177250,470.11,5000.0,470.11
19,783082,42,179,613250,7177250,481.93,5000.0,481.93
19,783083,43,179,614750,7177250,476.25,5000.0,476.25
19,783084,44,179,616250,7177250,479.27,5000.0,479.27
19,783085,45,179,617750,7177250,491.97,5000.0,491.97
19,783086,46,179,619250,7177250,487.25,5000.0,487.25
19,783087,47,179,620750,7177250,470.7,5000.0,470.7
19,783088,48,179,622250,7177250,470.29,5000.0,470.29
19,783089,49,179,623750,7177250,476.15,5000.0,476.15
19,783090,50,179,625250,7177250,494.89,5000.0,494.89
19,783091,51,179,626750,7177250,495.0,5000.0,495.0
19,783092,52,179,628250,7177250,485.22,5000.0,485.22
19,783093,53,179,629750,7177250,488.49,5000.0,488.49
19,783094,54,179,631250,7177250,492.38,5000.0,492.38
19,783095,55,179,632750,7177250,499.95,5000.0,499.95
19,783096,56,179,634250,7177250,501.72,5000.0,501.72
19,783097,57,179,635750,7177250,521.67,5000.0,521.67
19,783098,58,179,637250,7177250,514.52,5000.0,514.52
19,783099,59,179,638750,7177250,516.14,5000.0,516.14
19,783100,60,179,640250,7177250,526.49,5000.0,526.49
19,783101,62,179,643250,7177250,531.7,5000.0,531.7
19,783102,66,179,649250,7177250,507.83,5000.0,507.83
19,783103,67,179,650750,7177250,495.11,5000.0,495.11
19,783104,68,179,652250,7177250,504.82,5000.0,504.82
19,783105,69,179,653750,7177250,499.16,5000.0,499.16
19,783106,70,179,655250,7177250,495.16,5000.0,495.16
19,783107,71,179,656750,7177250,512.14,5000.0,512.14
19,783108,72,179,658250,7177250,511.81,5000.0,511.81
19,783109,73,179,659750,7177250,494.35,5000.0,494.35
19,783110,74,179,661250,7177250,492.86,5000.0,492.86
19,783111,75,179,662750,7177250,476.1,5000.0,476.1
19,783112,76,179,664250,7177250,464.91,5000.0,464.91
19,783113,77,179,665750,7177250,472.8,5000.0,472.8
19,783114,78,179,667250,7177250,463.46,5000.0,463.46
19,783115,120,179,730250,7177250,305.58,5000.0,305.58
19,783116,121,179,731750,7177250,303.08,5000.0,303.08
19,783117,122,179,733250,7177250,276.95,5000.0,276.95
19,783118,123,179,734750,7177250,269.3,5000.0,269.3
19,783119,124,179,736250,7177250,258.96,5000.0,258.96
19,783120,125,179,737750,7177250,255.5,5000.0,255.5
19,783121,126,179,739250,7177250,254.86,5000.0,254.86
19,783122,127,179,740750,7177250,253.71,5000.0,253.71
19,783123,128,179,742250,7177250,248.07,5000.0,248.07
19,783124,129,179,743750,7177250,240.72,5000.0,240.72
19,783125,130,179,745250,7177250,237.96,5000.0,237.96
19,783150,155,179,782750,7177250,227.89,5000.0,227.89
19,783151,156,179,784250,7177250,244.91,5000.0,244.91
19,783152,157,179,785750,7177250,246.68,5000.0,246.68
19,783153,158,179,787250,7177250,235.39,5000.0,235.39
19,783154,159,179,788750,7177250,238.09,5000.0,238.09
19,783155,160,179,790250,7177250,216.02,5000.0,216.02
19,783156,161,179,791750,7177250,207.76,5000.0,207.76
19,783157,162,179,793250,7177250,204.75,5000.0,204.75
19,783158,163,179,794750,7177250,198.21,5000.0,198.21
19,783159,164,179,796250,7177250,190.41,5000.0,190.41
19,783162,3,180,554750,7175750,577.12,5000.0,577.12
19,783163,6,180,559250,7175750,560.23,5000.0,560.23
19,783164,14,180,571250,7175750,596.96,5000.0,596.96
19,783165,20,180,580250,7175750,592.0,5000.0,592.0
19,783166,22,180,583250,7175750,576.54,5000.0,576.54
19,783167,24,180,586250,7175750,569.74,5000.0,569.74
19,783168,25,180,587750,7175750,556.34,5000.0,556.34
19,783169,26,180,589250,7175750,544.78,5000.0,544.78
19,783170,28,180,592250,7175750,518.58,5000.0,518.58
19,783171,29,180,593750,7175750,512.19,5000.0,512.19
19,783172,30,180,595250,7175750,504.82,5000.0,504.82
19,783173,33,180,599750,7175750,479.71,5000.0,479.71
19,783174,34,180,601250,7175750,496.88,5000.0,496.88
19,783175,35,180,602750,7175750,467.96,5000.0,467.96
19,783176,36,180,604250,7175750,469.45,5000.0,469.45
19,783177,37,180,605750,7175750,463.25,5000.0,463.25
19,783178,38,180,607250,7175750,471.73,5000.0,471.73
19,783179,39,180,608750,7175750,484.67,5000.0,484.67
19,783180,40,180,610250,7175750,469.16,5000.0,469.16
19,783181,41,180,611750,7175750,468.4,5000.0,468.4
19,783182,42,180,613250,7175750,474.74,5000.0,474.74
19,783183,43,180,614750,7175750,467.98,5000.0,467.98
19,783184,44,180,616250,7175750,481.32,5000.0,481.32
19,783185,45,180,617750,7175750,477.39,5000.0,477.39
19,783186,46,180,619250,7175750,465.56,5000.0,465.56
19,783187,47,180,620750,7175750,465.8,5000.0,465.8
19,783188,48,180,622250,7175750,469.54,5000.0,469.54
19,783189,49,180,623750,7175750,484.94,5000.0,484.94
19,783190,50,180,625250,7175750,487.79,5000.0,487.79
19,783191,51,180,626750,7175750,490.46,5000.0,490.46
19,783192,52,180,628250,7175750,481.0,5000.0,481.0
19,783193,53,180,629750,7175750,485.97,5000.0,485.97
19,783194,54,180,631250,7175750,503.9,5000.0,503.9
19,783195,55,180,632750,7175750,516.36,5000.0,516.36
19,783196,56,180,634250,7175750,519.65,5000.0,519.65
19,783197,57,180,635750,7175750,515.16,5000.0,515.16
19,783198,58,180,637250,7175750,509.79,5000.0,509.79
19,783199,59,180,638750,7175750,504.42,5000.0,504.42
19,783200,60,180,640250,7175750,502.81,5000.0,502.81
19,783201,61,180,641750,7175750,531.69,5000.0,531.69
19,783202,64,180,646250,7175750,522.35,5000.0,522.35
19,783203,65,180,647750,7175750,514.2,5000.0,514.2
19,783204,66,180,649250,7175750,490.26,5000.0,490.26
19,783205,67,180,650750,7175750,481.64,5000.0,481.64
19,783206,68,180,652250,7175750,500.79,5000.0,500.79
19,783207,69,180,653750,7175750,498.5,5000.0,498.5
19,783208,70,180,655250,7175750,486.2,5000.0,486.2
19,783209,71,180,656750,7175750,509.71,5000.0,509.71
19,783210,72,180,658250,7175750,495.71,5000.0,495.71
19,783211,73,180,659750,7175750,484.74,5000.0,484.74
19,783212,74,180,661250,7175750,497.04,5000.0,497.04
19,783213,75,180,662750,7175750,492.33,5000.0,492.33
19,783214,76,180,664250,7175750,493.28,5000.0,493.28
19,783215,77,180,665750,7175750,467.0,5000.0,467.0
19,783216,79,180,668750,7175750,470.31,5000.0,470.31
19,783217,118,180,727250,7175750,345.48,5000.0,345.48
19,783218,119,180,728750,7175750,314.87,5000.0,314.87
19,783219,121,180,731750,7175750,284.23,5000.0,284.23
19,783220,122,180,733250,7175750,313.78,5000.0,313.78
19,783221,123,180,734750,7175750,303.89,5000.0,303.89
19,783222,124,180,736250,7175750,277.9,5000.0,277.9
19,783223,125,180,737750,7175750,261.36,5000.0,261.36
19,783224,126,180,739250,7175750,275.98,5000.0,275.98
19,783225,127,180,740750,7175750,256.58,5000.0,256.58
19,783226,128,180,742250,7175750,251.63,5000.0,251.63
19,783227,129,180,743750,7175750,245.52,5000.0,245.52
19,783254,156,180,784250,7175750,228.97,5000.0,228.97
19,783255,157,180,785750,7175750,237.43,5000.0,237.43
19,783256,158,180,787250,7175750,227.21,5000.0,227.21
19,783257,159,180,788750,7175750,215.9,5000.0,215.9
19,783258,160,180,790250,7175750,207.77,5000.0,207.77
19,783259,161,180,791750,7175750,212.75,5000.0,212.75
19,783260,162,180,793250,7175750,197.57,5000.0,197.57
19,783261,163,180,794750,7175750,190.89,5000.0,190.89
19,783262,164,180,796250,7175750,187.77,5000.0,187.77
19,783265,3,181,554750,7174250,575.04,5000.0,575.04
19,783266,4,181,556250,7174250,572.1,5000.0,572.1
19,783267,16,181,574250,7174250,581.03,5000.0,581.03
19,783268,17,181,575750,7174250,618.29,5000.0,618.29
19,783269,20,181,580250,7174250,574.71,5000.0,574.71
19,783270,22,181,583250,7174250,572.98,5000.0,572.98
19,783271,23,181,584750,7174250,575.83,5000.0,575.83
19,783272,24,181,586250,7174250,557.27,5000.0,557.27
19,783273,26,181,589250,7174250,523.22,5000.0,523.22
19,783274,27,181,590750,7174250,529.39,5000.0,529.39
19,783275,28,181,592250,7174250,525.6,5000.0,525.6
19,783276,29,181,593750,7174250,529.21,5000.0,529.21
19,783277,30,181,595250,7174250,525.49,5000.0,525.49
19,783278,31,181,596750,7174250,498.9,5000.0,498.9
19,783279,32,181,598250,7174250,495.55,5000.0,495.55
19,783280,33,181,599750,7174250,493.9,5000.0,493.9
19,783281,34,181,601250,7174250,476.98,5000.0,476.98
19,783282,35,181,602750,7174250,470.21,5000.0,470.21
19,783283,36,181,604250,7174250,458.72,5000.0,458.72
19,783284,37,181,605750,7174250,463.09,5000.0,463.09
19,783285,38,181,607250,7174250,484.92,5000.0,484.92
19,783286,39,181,608750,7174250,484.83,5000.0,484.83
19,783287,40,181,610250,7174250,469.0,5000.0,469.0
19,783288,41,181,611750,7174250,467.4,5000.0,467.4
19,783289,42,181,613250,7174250,462.99,5000.0,462.99
19,783290,43,181,614750,7174250,463.12,5000.0,463.12
19,783291,44,181,616250,7174250,478.41,5000.0,478.41
19,783292,45,181,617750,7174250,463.61,5000.0,463.61
19,783293,46,181,619250,7174250,464.68,5000.0,464.68
19,783294,47,181,620750,7174250,465.64,5000.0,465.64
19,783295,48,181,622250,7174250,482.3,5000.0,482.3
19,783296,49,181,623750,7174250,490.89,5000.0,490.89
19,783297,50,181,625250,7174250,474.73,5000.0,474.73
19,783298,51,181,626750,7174250,478.46,5000.0,478.46
19,783300,53,181,629750,7174250,487.69,5000.0,487.69
19,783301,54,181,631250,7174250,492.89,5000.0,492.89
19,783302,55,181,632750,7174250,512.34,5000.0,512.34
19,783304,57,181,635750,7174250,513.15,5000.0,513.15
19,783305,58,181,637250,7174250,507.93,5000.0,507.93
19,783306,59,181,638750,7174250,495.95,5000.0,495.95
19,783307,60,181,640250,7174250,495.85,5000.0,495.85
19,783308,61,181,641750,7174250,514.49,5000.0,514.49
19,783309,62,181,643250,7174250,530.59,5000.0,530.59
19,783310,63,181,644750,7174250,517.41,5000.0,517.41
19,783311,65,181,647750,7174250,512.59,5000.0,512.59
19,783312,66,181,649250,7174250,489.64,5000.0,489.64
19,783313,67,181,650750,7174250,478.37,5000.0,478.37
19,783314,68,181,652250,7174250,492.0,5000.0,492.0
19,783315,69,181,653750,7174250,494.52,5000.0,494.52
19,783316,70,181,655250,7174250,481.75,5000.0,481.75
19,783317,71,181,656750,7174250,488.69,5000.0,488.69
19,783318,72,181,658250,7174250,493.76,5000.0,493.76
19,783319,73,181,659750,7174250,478.04,5000.0,478.04
19,783320,74,181,661250,7174250,482.74,5000.0,482.74
19,783321,75,181,662750,7174250,480.96,5000.0,480.96
19,783322,76,181,664250,7174250,477.55,5000.0,477.55
19,783323,77,181,665750,7174250,481.4,5000.0,481.4
19,783324,79,181,668750,7174250,487.73,5000.0,487.73
19,783325,83,181,674750,7174250,512.51,5000.0,512.51
19,783326,84,181,676250,7174250,520.57,5000.0,520.57
19,783327,115,181,722750,7174250,399.7,5000.0,399.7
19,783328,116,181,724250,7174250,381.19,5000.0,381.19
19,783329,120,181,730250,7174250,290.76,5000.0,290.76
19,783330,121,181,731750,7174250,311.26,5000.0,311.26
19,783331,122,181,733250,7174250,302.05,5000.0,302.05
19,783332,123,181,734750,7174250,319.56,5000.0,319.56
19,783333,124,181,736250,7174250,320.66,5000.0,320.66
19,783334,125,181,737750,7174250,304.97,5000.0,304.97
19,783336,127,181,740750,7174250,269.55,5000.0,269.55
19,783337,128,181,742250,7174250,270.67,5000.0,270.67
19,783365,156,181,784250,7174250,220.26,5000.0,220.26
19,783367,158,181,787250,7174250,244.56,5000.0,244.56
19,783368,159,181,788750,7174250,223.67,5000.0,223.67
19,783369,160,181,790250,7174250,194.86,5000.0,194.86
19,783370,161,181,791750,7174250,204.6,5000.0,204.6
19,783371,162,181,793250,7174250,189.83,5000.0,189.83
19,783372,163,181,794750,7174250,188.25,5000.0,188.25
19,783376,2,182,553250,7172750,558.35,5000.0,558.35
19,783377,12,182,568250,7172750,581.76,5000.0,581.76
19,783378,13,182,569750,7172750,572.44,5000.0,572.44
19,783379,15,182,572750,7172750,567.13,5000.0,567.13
19,783380,17,182,575750,7172750,585.58,5000.0,585.58
19,783381,21,182,581750,7172750,570.47,5000.0,570.47
19,783382,22,182,583250,7172750,570.96,5000.0,570.96
19,783383,23,182,584750,7172750,572.76,5000.0,572.76
19,783384,24,182,586250,7172750,556.3,5000.0,556.3
19,783385,25,182,587750,7172750,544.58,5000.0,544.58
19,783386,26,182,589250,7172750,537.93,5000.0,537.93
19,783387,27,182,590750,7172750,546.66,5000.0,546.66
19,783388,28,182,592250,7172750,540.79,5000.0,540.79
19,783389,29,182,593750,7172750,530.42,5000.0,530.42
19,783390,30,182,595250,7172750,533.28,5000.0,533.28
19,783391,31,182,596750,7172750,524.14,5000.0,524.14
19,783392,32,182,598250,7172750,514.56,5000.0,514.56
19,783393,33,182,599750,7172750,500.17,5000.0,500.17
19,783394,34,182,601250,7172750,485.95,5000.0,485.95
19,783395,35,182,602750,7172750,463.56,5000.0,463.56
19,783396,36,182,604250,7172750,454.18,5000.0,454.18
19,783397,37,182,605750,7172750,461.4,5000.0,461.4
19,783398,38,182,607250,7172750,475.56,5000.0,475.56
19,783399,39,182,608750,7172750,489.64,5000.0,489.64
19,783400,40,182,610250,7172750,473.44,5000.0,473.44
19,783401,41,182,611750,7172750,466.68,5000.0,466.68
19,783402,42,182,613250,7172750,460.71,5000.0,460.71
19,783403,43,182,614750,7172750,459.86,5000.0,459.86
19,783404,44,182,616250,7172750,473.89,5000.0,473.89
19,783405,45,182,617750,7172750,459.41,5000.0,459.41
19,783406,46,182,619250,7172750,458.31,5000.0,458.31
19,783407,47,182,620750,7172750,482.81,5000.0,482.81
19,783408,48,182,622250,7172750,491.09,5000.0,491.09
19,783409,49,182,623750,7172750,471.18,5000.0,471.18
19,783410,50,182,625250,7172750,471.17,5000.0,471.17
19,783411,51,182,626750,7172750,476.0,5000.0,476.0
19,783417,57,182,635750,7172750,511.52,5000.0,511.52
19,783418,58,182,637250,7172750,501.94,5000.0,501.94
19,783419,59,182,638750,7172750,495.42,5000.0,495.42
19,783420,60,182,640250,7172750,488.24,5000.0,488.24
19,783421,61,182,641750,7172750,497.25,5000.0,497.25
19,783422,62,182,643250,7172750,519.52,5000.0,519.52
19,783423,63,182,644750,7172750,512.41,5000.0,512.41
19,783424,64,182,646250,7172750,496.0,5000.0,496.0
19,783425,65,182,647750,7172750,498.29,5000.0,498.29
19,783426,66,182,649250,7172750,479.58,5000.0,479.58
19,783427,67,182,650750,7172750,473.0,5000.0,473.0
19,783428,68,182,652250,7172750,474.75,5000.0,474.75
19,783429,69,182,653750,7172750,492.49,5000.0,492.49
19,783430,70,182,655250,7172750,482.83,5000.0,482.83
19,783431,71,182,656750,7172750,473.08,5000.0,473.08
19,783432,72,182,658250,7172750,476.56,5000.0,476.56
19,783433,73,182,659750,7172750,482.61,5000.0,482.61
19,783434,74,182,661250,7172750,476.6,5000.0,476.6
19,783435,75,182,662750,7172750,472.34,5000.0,472.34
19,783436,76,182,664250,7172750,460.88,5000.0,460.88
19,783437,77,182,665750,7172750,477.76,5000.0,477.76
19,783438,79,182,668750,7172750,491.32,5000.0,491.32
19,783439,80,182,670250,7172750,479.71,5000.0,479.71
19,783440,114,182,721250,7172750,416.24,5000.0,416.24
19,783441,115,182,722750,7172750,399.99,5000.0,399.99
19,783442,116,182,724250,7172750,375.69,5000.0,375.69
19,783443,119,182,728750,7172750,311.52,5000.0,311.52
19,783444,120,182,730250,7172750,310.92,5000.0,310.92
19,783445,121,182,731750,7172750,317.23,5000.0,317.23
19,783446,122,182,733250,7172750,299.11,5000.0,299.11
19,783447,123,182,734750,7172750,298.11,5000.0,298.11
19,783448,124,182,736250,7172750,312.95,5000.0,312.95
19,783450,126,182,739250,7172750,302.82,5000.0,302.82
19,783454,130,182,745250,7172750,270.22,5000.0,270.22
19,783484,160,182,790250,7172750,189.35,5000.0,189.35
19,783485,161,182,791750,7172750,187.77,5000.0,187.77
19,783486,162,182,793250,7172750,187.77,5000.0,187.77
19,783492,2,183,553250,7171250,560.85,5000.0,560.85
19,783493,3,183,554750,7171250,562.41,5000.0,562.41
19,783494,6,183,559250,7171250,539.22,5000.0,539.22
19,783495,12,183,568250,7171250,559.66,5000.0,559.66
19,783496,13,183,569750,7171250,573.44,5000.0,573.44
19,783497,14,183,571250,7171250,550.34,5000.0,550.34
19,783498,17,183,575750,7171250,554.66,5000.0,554.66
19,783499,21,183,581750,7171250,568.8,5000.0,568.8
19,783500,22,183,583250,7171250,547.23,5000.0,547.23
19,783501,23,183,584750,7171250,545.77,5000.0,545.77
19,783502,24,183,586250,7171250,548.17,5000.0,548.17
19,783503,25,183,587750,7171250,549.24,5000.0,549.24
19,783504,26,183,589250,7171250,532.91,5000.0,532.91
19,783505,27,183,590750,7171250,542.72,5000.0,542.72
19,783506,28,183,592250,7171250,535.72,5000.0,535.72
19,783507,29,183,593750,7171250,514.25,5000.0,514.25
19,783508,30,183,595250,7171250,504.5,5000.0,504.5
19,783509,31,183,596750,7171250,524.73,5000.0,524.73
19,783510,32,183,598250,7171250,517.34,5000.0,517.34
19,783511,33,183,599750,7171250,488.28,5000.0,488.28
19,783512,34,183,601250,7171250,466.38,5000.0,466.38
19,783513,35,183,602750,7171250,458.76,5000.0,458.76
19,783514,36,183,604250,7171250,453.73,5000.0,453.73
19,783515,37,183,605750,7171250,455.68,5000.0,455.68
19,783516,38,183,607250,7171250,461.9,5000.0,461.9
19,783517,39,183,608750,7171250,471.7,5000.0,471.7
19,783518,40,183,610250,7171250,487.68,5000.0,487.68
19,783519,41,183,611750,7171250,466.18,5000.0,466.18
19,783520,42,183,613250,7171250,457.19,5000.0,457.19
19,783521,43,183,614750,7171250,456.4,5000.0,456.4
19,783522,44,183,616250,7171250,456.81,5000.0,456.81
19,783523,45,183,617750,7171250,455.52,5000.0,455.52
19,783524,46,183,619250,7171250,456.73,5000.0,456.73
19,783525,47,183,620750,7171250,470.0,5000.0,470.0
19,783526,48,183,622250,7171250,477.22,5000.0,477.22
19,783527,49,183,623750,7171250,470.91,5000.0,470.91
19,783528,50,183,625250,7171250,471.14,5000.0,471.14
19,783534,56,183,634250,7171250,519.04,5000.0,519.04
19,783535,57,183,635750,7171250,507.11,5000.0,507.11
19,783536,58,183,637250,7171250,499.34,5000.0,499.34
19,783537,59,183,638750,7171250,494.16,5000.0,494.16
19,783538,60,183,640250,7171250,490.84,5000.0,490.84
19,783539,61,183,641750,7171250,488.18,5000.0,488.18
19,783540,63,183,644750,7171250,496.42,5000.0,496.42
19,783541,64,183,646250,7171250,481.82,5000.0,481.82
19,783542,65,183,647750,7171250,477.1,5000.0,477.1
19,783543,66,183,649250,7171250,475.39,5000.0,475.39
19,783544,67,183,650750,7171250,473.85,5000.0,473.85
19,783545,68,183,652250,7171250,471.93,5000.0,471.93
19,783546,69,183,653750,7171250,470.67,5000.0,470.67
19,783547,70,183,655250,7171250,478.46,5000.0,478.46
19,783548,71,183,656750,7171250,484.08,5000.0,484.08
19,783549,72,183,658250,7171250,466.11,5000.0,466.11
19,783550,73,183,659750,7171250,460.94,5000.0,460.94
19,783551,74,183,661250,7171250,460.4,5000.0,460.4
19,783552,75,183,662750,7171250,470.59,5000.0,470.59
19,783553,76,183,664250,7171250,460.36,5000.0,460.36
19,783554,77,183,665750,7171250,457.17,5000.0,457.17
19,783555,78,183,667250,7171250,466.26,5000.0,466.26
19,783556,79,183,668750,7171250,488.31,5000.0,488.31
19,783557,80,183,670250,7171250,470.9,5000.0,470.9
19,783558,115,183,722750,7171250,392.95,5000.0,392.95
19,783559,117,183,725750,7171250,349.9,5000.0,349.9
19,783560,118,183,727250,7171250,340.09,5000.0,340.09
19,783561,119,183,728750,7171250,325.46,5000.0,325.46
19,783562,120,183,730250,7171250,318.11,5000.0,318.11
19,783563,121,183,731750,7171250,302.98,5000.0,302.98
19,783564,122,183,733250,7171250,294.05,5000.0,294.05
19,783565,123,183,734750,7171250,284.38,5000.0,284.38
19,783566,124,183,736250,7171250,297.51,5000.0,297.51
19,783569,127,183,740750,7171250,306.24,5000.0,306.24
19,783603,161,183,791750,7171250,180.65,5000.0,180.65
19,783604,162,183,793250,7171250,176.63,5000.0,176.63
19,783609,2,184,553250,7169750,562.36,5000.0,562.36
19,783610,3,184,554750,7169750,544.08,5000.0,544.08
19,783611,4,184,556250,7169750,555.19,5000.0,555.19
19,783612,6,184,559250,7169750,534.46,5000.0,534.46
19,783613,11,184,566750,7169750,559.0,5000.0,559.0
19,783614,12,184,568250,7169750,558.02,5000.0,558.02
19,783615,13,184,569750,7169750,567.78,5000.0,567.78
19,783616,14,184,571250,7169750,547.96,5000.0,547.96
19,783617,19,184,578750,7169750,563.92,5000.0,563.92
19,783618,20,184,580250,7169750,574.51,5000.0,574.51
19,783619,21,184,581750,7169750,556.99,5000.0,556.99
19,783620,22,184,583250,7169750,538.87,5000.0,538.87
19,783621,23,184,584750,7169750,515.64,5000.0,515.64
19,783622,24,184,586250,7169750,544.25,5000.0,544.25
19,783623,25,184,587750,7169750,553.11,5000.0,553.11
19,783624,26,184,589250,7169750,527.03,5000.0,527.03
19,783625,27,184,590750,7169750,521.76,5000.0,521.76
19,783626,28,184,592250,7169750,515.95,5000.0,515.95
19,783627,29,184,593750,7169750,518.93,5000.0,518.93
19,783628,30,184,595250,7169750,491.29,5000.0,491.29
19,783629,31,184,596750,7169750,500.72,5000.0,500.72
19,783630,32,184,598250,7169750,497.16,5000.0,497.16
19,783631,33,184,599750,7169750,488.83,5000.0,488.83
19,783632,34,184,601250,7169750,481.77,5000.0,481.77
19,783633,35,184,602750,7169750,457.86,5000.0,457.86
19,783634,36,184,604250,7169750,451.54,5000.0,451.54
19,783635,37,184,605750,7169750,462.67,5000.0,462.67
19,783636,38,184,607250,7169750,470.95,5000.0,470.95
19,783637,39,184,608750,7169750,479.15,5000.0,479.15
19,783638,40,184,610250,7169750,481.48,5000.0,481.48
19,783639,41,184,611750,7169750,470.12,5000.0,470.12
19,783640,42,184,613250,7169750,457.07,5000.0,457.07
19,783641,43,184,614750,7169750,456.21,5000.0,456.21
19,783642,44,184,616250,7169750,451.88,5000.0,451.88
19,783643,45,184,617750,7169750,454.6,5000.0,454.6
19,783644,46,184,619250,7169750,459.71,5000.0,459.71
19,783645,47,184,620750,7169750,460.24,5000.0,460.24
19,783646,48,184,622250,7169750,463.92,5000.0,463.92
19,783647,49,184,623750,7169750,468.24,5000.0,468.24
19,783655,57,184,635750,7169750,508.04,5000.0,508.04
19,783657,59,184,638750,7169750,497.19,5000.0,497.19
19,783658,60,184,640250,7169750,497.96,5000.0,497.96
19,783659,61,184,641750,7169750,498.0,5000.0,498.0
19,783660,62,184,643250,7169750,487.44,5000.0,487.44
19,783661,63,184,644750,7169750,478.59,5000.0,478.59
19,783662,64,184,646250,7169750,477.69,5000.0,477.69
19,783663,65,184,647750,7169750,476.48,5000.0,476.48
19,783664,66,184,649250,7169750,476.05,5000.0,476.05
19,783665,67,184,650750,7169750,476.74,5000.0,476.74
19,783666,68,184,652250,7169750,477.93,5000.0,477.93
19,783667,69,184,653750,7169750,470.03,5000.0,470.03
19,783668,70,184,655250,7169750,468.45,5000.0,468.45
19,783669,71,184,656750,7169750,467.34,5000.0,467.34
19,783670,72,184,658250,7169750,464.48,5000.0,464.48
19,783671,73,184,659750,7169750,467.47,5000.0,467.47
19,783672,74,184,661250,7169750,466.24,5000.0,466.24
19,783673,75,184,662750,7169750,457.77,5000.0,457.77
19,783674,76,184,664250,7169750,457.17,5000.0,457.17
19,783675,77,184,665750,7169750,457.5,5000.0,457.5
19,783676,80,184,670250,7169750,460.93,5000.0,460.93
19,783677,83,184,674750,7169750,486.62,5000.0,486.62
19,783678,115,184,722750,7169750,382.87,5000.0,382.87
19,783679,117,184,725750,7169750,337.31,5000.0,337.31
19,783680,118,184,727250,7169750,316.39,5000.0,316.39
19,783681,119,184,728750,7169750,315.1,5000.0,315.1
19,783682,120,184,730250,7169750,309.64,5000.0,309.64
19,783683,121,184,731750,7169750,304.83,5000.0,304.83
19,783684,122,184,733250,7169750,289.28,5000.0,289.28
19,783685,123,184,734750,7169750,279.08,5000.0,279.08
19,783686,124,184,736250,7169750,291.69,5000.0,291.69
19,783687,125,184,737750,7169750,306.11,5000.0,306.11
19,783689,127,184,740750,7169750,333.12,5000.0,333.12
19,783721,159,184,788750,7169750,182.79,5000.0,182.79
19,783723,161,184,791750,7169750,177.05,5000.0,177.05
19,783724,162,184,793250,7169750,187.77,5000.0,187.77
19,783725,163,184,794750,7169750,187.77,5000.0,187.77
19,783726,164,184,796250,7169750,187.77,5000.0,187.77
19,783730,2,185,553250,7168250,526.58,5000.0,526.58
19,783731,3,185,554750,7168250,527.65,5000.0,527.65
19,783732,4,185,556250,7168250,546.09,5000.0,546.09
19,783733,5,185,557750,7168250,528.29,5000.0,528.29
19,783734,12,185,568250,7168250,548.82,5000.0,548.82
19,783735,18,185,577250,7168250,558.03,5000.0,558.03
19,783736,19,185,578750,7168250,552.85,5000.0,552.85
19,783737,20,185,580250,7168250,551.42,5000.0,551.42
19,783738,21,185,581750,7168250,551.99,5000.0,551.99
19,783739,22,185,583250,7168250,536.51,5000.0,536.51
19,783740,23,185,584750,7168250,505.62,5000.0,505.62
19,783741,24,185,586250,7168250,532.76,5000.0,532.76
19,783742,25,185,587750,7168250,520.46,5000.0,520.46
19,783743,26,185,589250,7168250,529.72,5000.0,529.72
19,783744,27,185,590750,7168250,499.65,5000.0,499.65
19,783745,28,185,592250,7168250,493.79,5000.0,493.79
19,783746,29,185,593750,7168250,505.67,5000.0,505.67
19,783747,30,185,595250,7168250,491.29,5000.0,491.29
19,783748,31,185,596750,7168250,492.58,5000.0,492.58
19,783749,32,185,598250,7168250,474.57,5000.0,474.57
19,783750,33,185,599750,7168250,462.05,5000.0,462.05
19,783751,34,185,601250,7168250,468.45,5000.0,468.45
19,783752,35,185,602750,7168250,445.19,5000.0,445.19
19,783753,36,185,604250,7168250,446.03,5000.0,446.03
19,783754,37,185,605750,7168250,448.3,5000.0,448.3
19,783755,38,185,607250,7168250,466.85,5000.0,466.85
19,783756,39,185,608750,7168250,481.25,5000.0,481.25
19,783757,40,185,610250,7168250,468.41,5000.0,468.41
19,783758,41,185,611750,7168250,464.38,5000.0,464.38
19,783759,42,185,613250,7168250,455.73,5000.0,455.73
19,783760,43,185,614750,7168250,451.96,5000.0,451.96
19,783761,44,185,616250,7168250,451.48,5000.0,451.48
19,783762,45,185,617750,7168250,458.63,5000.0,458.63
19,783763,46,185,619250,7168250,457.72,5000.0,457.72
19,783764,47,185,620750,7168250,472.18,5000.0,472.18
19,783765,48,185,622250,7168250,467.44,5000.0,467.44
19,783766,49,185,623750,7168250,474.75,5000.0,474.75
19,783775,58,185,637250,7168250,505.51,5000.0,505.51
19,783776,59,185,638750,7168250,500.8,5000.0,500.8
19,783777,60,185,640250,7168250,504.25,5000.0,504.25
19,783778,61,185,641750,7168250,495.81,5000.0,495.81
19,783779,62,185,643250,7168250,490.13,5000.0,490.13
19,783780,63,185,644750,7168250,491.28,5000.0,491.28
19,783781,64,185,646250,7168250,495.44,5000.0,495.44
19,783782,65,185,647750,7168250,487.86,5000.0,487.86
19,783783,66,185,649250,7168250,485.31,5000.0,485.31
19,783784,67,185,650750,7168250,478.82,5000.0,478.82
19,783785,68,185,652250,7168250,473.69,5000.0,473.69
19,783786,69,185,653750,7168250,470.87,5000.0,470.87
19,783787,70,185,655250,7168250,469.95,5000.0,469.95
19,783788,71,185,656750,7168250,467.55,5000.0,467.55
19,783789,73,185,659750,7168250,479.35,5000.0,479.35
19,783790,74,185,661250,7168250,467.47,5000.0,467.47
19,783791,75,185,662750,7168250,468.28,5000.0,468.28
19,783792,76,185,664250,7168250,477.29,5000.0,477.29
19,783793,77,185,665750,7168250,459.89,5000.0,459.89
19,783794,78,185,667250,7168250,454.51,5000.0,454.51
19,783795,79,185,668750,7168250,464.48,5000.0,464.48
19,783796,81,185,671750,7168250,475.76,5000.0,475.76
19,783797,114,185,721250,7168250,370.08,5000.0,370.08
19,783798,116,185,724250,7168250,332.91,5000.0,332.91
19,783799,117,185,725750,7168250,319.22,5000.0,319.22
19,783800,118,185,727250,7168250,299.07,5000.0,299.07
19,783801,119,185,728750,7168250,285.41,5000.0,285.41
19,783802,120,185,730250,7168250,313.87,5000.0,313.87
19,783803,121,185,731750,7168250,292.3,5000.0,292.3
19,783804,122,185,733250,7168250,284.43,5000.0,284.43
19,783805,123,185,734750,7168250,276.17,5000.0,276.17
19,783806,124,185,736250,7168250,274.52,5000.0,274.52
19,783807,125,185,737750,7168250,283.08,5000.0,283.08
19,783810,128,185,742250,7168250,311.05,5000.0,311.05
19,783842,160,185,790250,7168250,178.13,5000.0,178.13
19,783843,161,185,791750,7168250,187.77,5000.0,187.77
19,783844,162,185,793250,7168250,187.77,5000.0,187.77
19,783845,163,185,794750,7168250,191.87,5000.0,191.87
19,783846,164,185,796250,7168250,187.77,5000.0,187.77
19,783847,165,185,797750,7168250,195.78,5000.0,195.78
19,783848,166,185,799250,7168250,187.77,5000.0,187.77
19,783849,167,185,800750,7168250,197.67,5000.0,197.67
19,783851,2,186,553250,7166750,536.02,5000.0,536.02
19,783852,3,186,554750,7166750,523.17,5000.0,523.17
19,783853,4,186,556250,7166750,509.52,5000.0,509.52
19,783854,6,186,559250,7166750,517.21,5000.0,517.21
19,783855,10,186,565250,7166750,537.19,5000.0,537.19
19,783856,12,186,568250,7166750,539.75,5000.0,539.75
19,783857,15,186,572750,7166750,534.65,5000.0,534.65
19,783858,18,186,577250,7166750,549.19,5000.0,549.19
19,783859,20,186,580250,7166750,535.95,5000.0,535.95
19,783860,21,186,581750,7166750,532.89,5000.0,532.89
19,783861,22,186,583250,7166750,531.0,5000.0,531.0
19,783862,23,186,584750,7166750,497.64,5000.0,497.64
19,783863,24,186,586250,7166750,511.89,5000.0,511.89
19,783864,25,186,587750,7166750,513.34,5000.0,513.34
19,783865,26,186,589250,7166750,498.63,5000.0,498.63
19,783866,27,186,590750,7166750,510.38,5000.0,510.38
19,783867,28,186,592250,7166750,497.65,5000.0,497.65
19,783868,29,186,593750,7166750,476.31,5000.0,476.31
19,783869,30,186,595250,7166750,471.43,5000.0,471.43
19,783870,31,186,596750,7166750,460.75,5000.0,460.75
19,783871,32,186,598250,7166750,465.35,5000.0,465.35
19,783872,33,186,599750,7166750,449.0,5000.0,449.0
19,783873,34,186,601250,7166750,444.45,5000.0,444.45
19,783874,35,186,602750,7166750,441.43,5000.0,441.43
19,783875,36,186,604250,7166750,443.33,5000.0,443.33
19,783876,37,186,605750,7166750,448.84,5000.0,448.84
19,783877,38,186,607250,7166750,456.95,5000.0,456.95
19,783878,39,186,608750,7166750,460.15,5000.0,460.15
19,783879,40,186,610250,7166750,467.61,5000.0,467.61
19,783880,41,186,611750,7166750,454.52,5000.0,454.52
19,783881,42,186,613250,7166750,472.37,5000.0,472.37
19,783882,43,186,614750,7166750,457.48,5000.0,457.48
19,783883,44,186,616250,7166750,451.24,5000.0,451.24
19,783884,45,186,617750,7166750,453.53,5000.0,453.53
19,783885,46,186,619250,7166750,456.24,5000.0,456.24
19,783886,47,186,620750,7166750,465.14,5000.0,465.14
19,783887,48,186,622250,7166750,469.6,5000.0,469.6
19,783888,49,186,623750,7166750,476.45,5000.0,476.45
19,783897,58,186,637250,7166750,506.62,5000.0,506.62
19,783898,59,186,638750,7166750,504.57,5000.0,504.57
19,783899,60,186,640250,7166750,511.25,5000.0,511.25
19,783900,61,186,641750,7166750,499.93,5000.0,499.93
19,783901,62,186,643250,7166750,497.47,5000.0,497.47
19,783902,63,186,644750,7166750,505.76,5000.0,505.76
19,783903,64,186,646250,7166750,475.59,5000.0,475.59
19,783904,65,186,647750,7166750,465.17,5000.0,465.17
19,783905,66,186,649250,7166750,486.76,5000.0,486.76
19,783906,67,186,650750,7166750,489.08,5000.0,489.08
19,783907,68,186,652250,7166750,486.47,5000.0,486.47
19,783908,69,186,653750,7166750,461.15,5000.0,461.15
19,783909,70,186,655250,7166750,470.64,5000.0,470.64
19,783910,71,186,656750,7166750,479.86,5000.0,479.86
19,783911,72,186,658250,7166750,476.58,5000.0,476.58
19,783912,73,186,659750,7166750,476.72,5000.0,476.72
19,783913,74,186,661250,7166750,466.49,5000.0,466.49
19,783914,75,186,662750,7166750,466.49,5000.0,466.49
19,783915,76,186,664250,7166750,457.02,5000.0,457.02
19,783916,77,186,665750,7166750,454.71,5000.0,454.71
19,783917,78,186,667250,7166750,468.14,5000.0,468.14
19,783918,80,186,670250,7166750,485.71,5000.0,485.71
19,783919,81,186,671750,7166750,467.03,5000.0,467.03
19,783920,82,186,673250,7166750,476.03,5000.0,476.03
19,783921,115,186,722750,7166750,360.38,5000.0,360.38
19,783922,117,186,725750,7166750,310.69,5000.0,310.69
19,783923,118,186,727250,7166750,309.45,5000.0,309.45
19,783924,119,186,728750,7166750,271.77,5000.0,271.77
19,783925,120,186,730250,7166750,305.57,5000.0,305.57
19,783926,121,186,731750,7166750,292.96,5000.0,292.96
19,783927,122,186,733250,7166750,293.07,5000.0,293.07
19,783928,123,186,734750,7166750,275.82,5000.0,275.82
19,783929,124,186,736250,7166750,270.73,5000.0,270.73
19,783930,125,186,737750,7166750,282.14,5000.0,282.14
19,783932,127,186,740750,7166750,298.37,5000.0,298.37
19,783966,161,186,791750,7166750,179.46,5000.0,179.46
19,783967,162,186,793250,7166750,187.77,5000.0,187.77
19,783968,163,186,794750,7166750,211.63,5000.0,211.63
19,783969,164,186,796250,7166750,199.06,5000.0,199.06
19,783970,165,186,797750,7166750,193.36,5000.0,193.36
19,783971,166,186,799250,7166750,189.84,5000.0,189.84
19,783972,167,186,800750,7166750,187.77,5000.0,187.77
19,783974,2,187,553250,7165250,531.23,5000.0,531.23
19,783975,3,187,554750,7165250,530.3,5000.0,530.3
19,783976,4,187,556250,7165250,529.56,5000.0,529.56
19,783977,12,187,568250,7165250,537.43,5000.0,537.43
19,783978,13,187,569750,7165250,543.89,5000.0,543.89
19,783979,15,187,572750,7165250,521.04,5000.0,521.04
19,783980,16,187,574250,7165250,514.9,5000.0,514.9
19,783981,17,187,575750,7165250,530.92,5000.0,530.92
19,783982,18,187,577250,7165250,539.4,5000.0,539.4
19,783983,21,187,581750,7165250,521.21,5000.0,521.21
19,783984,22,187,583250,7165250,513.92,5000.0,513.92
19,783985,23,187,584750,7165250,498.62,5000.0,498.62
19,783986,24,187,586250,7165250,488.62,5000.0,488.62
19,783987,25,187,587750,7165250,493.41,5000.0,493.41
19,783988,26,187,589250,7165250,492.43,5000.0,492.43
19,783989,27,187,590750,7165250,500.88,5000.0,500.88
19,783990,28,187,592250,7165250,488.44,5000.0,488.44
19,783991,29,187,593750,7165250,497.67,5000.0,497.67
19,783992,30,187,595250,7165250,474.64,5000.0,474.64
19,783993,31,187,596750,7165250,461.64,5000.0,461.64
19,783994,32,187,598250,7165250,458.19,5000.0,458.19
19,783995,33,187,599750,7165250,465.88,5000.0,465.88
19,783996,34,187,601250,7165250,440.2,5000.0,440.2
19,783997,35,187,602750,7165250,439.39,5000.0,439.39
19,783998,36,187,604250,7165250,460.1,5000.0,460.1
19,783999,37,187,605750,7165250,440.36,5000.0,440.36
19,784000,38,187,607250,7165250,440.37,5000.0,440.37
19,784001,39,187,608750,7165250,454.27,5000.0,454.27
19,784002,40,187,610250,7165250,455.32,5000.0,455.32
19,784003,41,187,611750,7165250,447.83,5000.0,447.83
19,784004,42,187,613250,7165250,454.36,5000.0,454.36
19,784005,43,187,614750,7165250,448.97,5000.0,448.97
19,784006,44,187,616250,7165250,449.03,5000.0,449.03
19,784007,45,187,617750,7165250,453.32,5000.0,453.32
19,784008,46,187,619250,7165250,458.1,5000.0,458.1
19,784009,47,187,620750,7165250,463.96,5000.0,463.96
19,784010,48,187,622250,7165250,469.24,5000.0,469.24
19,784011,49,187,623750,7165250,474.17,5000.0,474.17
19,784022,60,187,640250,7165250,501.12,5000.0,501.12
19,784023,61,187,641750,7165250,510.66,5000.0,510.66
19,784024,62,187,643250,7165250,510.35,5000.0,510.35
19,784025,63,187,644750,7165250,479.03,5000.0,479.03
19,784026,64,187,646250,7165250,459.07,5000.0,459.07
19,784027,65,187,647750,7165250,453.39,5000.0,453.39
19,784028,66,187,649250,7165250,478.46,5000.0,478.46
19,784029,67,187,650750,7165250,481.9,5000.0,481.9
19,784030,68,187,652250,7165250,458.27,5000.0,458.27
19,784031,69,187,653750,7165250,447.07,5000.0,447.07
19,784032,70,187,655250,7165250,474.71,5000.0,474.71
19,784033,71,187,656750,7165250,474.79,5000.0,474.79
19,784034,72,187,658250,7165250,486.09,5000.0,486.09
19,784035,73,187,659750,7165250,473.11,5000.0,473.11
19,784036,74,187,661250,7165250,470.56,5000.0,470.56
19,784037,75,187,662750,7165250,477.26,5000.0,477.26
19,784038,76,187,664250,7165250,474.91,5000.0,474.91
19,784039,77,187,665750,7165250,468.95,5000.0,468.95
19,784040,80,187,670250,7165250,494.72,5000.0,494.72
19,784041,81,187,671750,7165250,481.5,5000.0,481.5
19,784042,82,187,673250,7165250,489.28,5000.0,489.28
19,784043,83,187,674750,7165250,471.91,5000.0,471.91
19,784044,115,187,722750,7165250,348.28,5000.0,348.28
19,784045,116,187,724250,7165250,315.52,5000.0,315.52
19,784046,117,187,725750,7165250,295.75,5000.0,295.75
19,784047,118,187,727250,7165250,285.94,5000.0,285.94
19,784048,119,187,728750,7165250,267.24,5000.0,267.24
19,784049,120,187,730250,7165250,264.5,5000.0,264.5
19,784050,121,187,731750,7165250,271.89,5000.0,271.89
19,784051,122,187,733250,7165250,293.56,5000.0,293.56
19,784052,123,187,734750,7165250,290.07,5000.0,290.07
19,784053,124,187,736250,7165250,266.11,5000.0,266.11
19,784054,125,187,737750,7165250,266.93,5000.0,266.93
19,784090,161,187,791750,7165250,185.48,5000.0,185.48
19,784091,162,187,793250,7165250,187.77,5000.0,187.77
19,784092,163,187,794750,7165250,205.81,5000.0,205.81
19,784093,164,187,796250,7165250,228.23,5000.0,228.23
19,784094,165,187,797750,7165250,191.03,5000.0,191.03
19,784095,166,187,799250,7165250,187.77,5000.0,187.77
19,784096,167,187,800750,7165250,195.17,5000.0,195.17
19,784097,168,187,802250,7165250,200.55,5000.0,200.55
19,784099,2,188,553250,7163750,511.26,5000.0,511.26
19,784100,3,188,554750,7163750,512.2,5000.0,512.2
19,784101,4,188,556250,7163750,518.64,5000.0,518.64
19,784102,5,188,557750,7163750,523.1,5000.0,523.1
19,784103,6,188,559250,7163750,516.21,5000.0,516.21
19,784104,11,188,566750,7163750,528.54,5000.0,528.54
19,784105,12,188,568250,7163750,542.77,5000.0,542.77
19,784106,13,188,569750,7163750,533.18,5000.0,533.18
19,784107,17,188,575750,7163750,526.45,5000.0,526.45
19,784108,18,188,577250,7163750,514.72,5000.0,514.72
19,784109,20,188,580250,7163750,501.44,5000.0,501.44
19,784110,21,188,581750,7163750,521.44,5000.0,521.44
19,784111,22,188,583250,7163750,515.65,5000.0,515.65
19,784112,23,188,584750,7163750,500.13,5000.0,500.13
19,784113,24,188,586250,7163750,477.29,5000.0,477.29
19,784114,25,188,587750,7163750,484.58,5000.0,484.58
19,784115,26,188,589250,7163750,475.95,5000.0,475.95
19,784116,27,188,590750,7163750,483.07,5000.0,483.07
19,784117,28,188,592250,7163750,473.81,5000.0,473.81
19,784118,29,188,593750,7163750,474.08,5000.0,474.08
19,784119,30,188,595250,7163750,474.76,5000.0,474.76
19,784120,31,188,596750,7163750,461.97,5000.0,461.97
19,784121,32,188,598250,7163750,457.77,5000.0,457.77
19,784122,33,188,599750,7163750,463.9,5000.0,463.9
19,784123,34,188,601250,7163750,449.81,5000.0,449.81
19,784124,35,188,602750,7163750,437.57,5000.0,437.57
19,784125,36,188,604250,7163750,437.9,5000.0,437.9
19,784126,37,188,605750,7163750,438.89,5000.0,438.89
19,784127,38,188,607250,7163750,440.22,5000.0,440.22
19,784128,39,188,608750,7163750,444.94,5000.0,444.94
19,784129,40,188,610250,7163750,442.24,5000.0,442.24
19,784130,41,188,611750,7163750,442.98,5000.0,442.98
19,784131,42,188,613250,7163750,444.98,5000.0,444.98
19,784132,43,188,614750,7163750,447.26,5000.0,447.26
19,784133,44,188,616250,7163750,448.81,5000.0,448.81
19,784134,45,188,617750,7163750,456.41,5000.0,456.41
19,784149,60,188,640250,7163750,477.23,5000.0,477.23
19,784150,61,188,641750,7163750,474.9,5000.0,474.9
19,784151,62,188,643250,7163750,496.11,5000.0,496.11
19,784152,63,188,644750,7163750,474.74,5000.0,474.74
19,784153,64,188,646250,7163750,463.86,5000.0,463.86
19,784154,65,188,647750,7163750,450.33,5000.0,450.33
19,784155,66,188,649250,7163750,452.93,5000.0,452.93
19,784156,67,188,650750,7163750,460.53,5000.0,460.53
19,784157,68,188,652250,7163750,444.32,5000.0,444.32
19,784158,69,188,653750,7163750,438.43,5000.0,438.43
19,784159,70,188,655250,7163750,447.43,5000.0,447.43
19,784160,71,188,656750,7163750,453.92,5000.0,453.92
19,784161,72,188,658250,7163750,459.39,5000.0,459.39
19,784162,73,188,659750,7163750,482.89,5000.0,482.89
19,784163,74,188,661250,7163750,486.48,5000.0,486.48
19,784164,75,188,662750,7163750,479.2,5000.0,479.2
19,784165,76,188,664250,7163750,471.44,5000.0,471.44
19,784166,77,188,665750,7163750,471.92,5000.0,471.92
19,784167,78,188,667250,7163750,453.89,5000.0,453.89
19,784168,79,188,668750,7163750,441.57,5000.0,441.57
19,784169,80,188,670250,7163750,467.42,5000.0,467.42
19,784170,82,188,673250,7163750,499.41,5000.0,499.41
19,784171,116,188,724250,7163750,324.92,5000.0,324.92
19,784172,117,188,725750,7163750,296.06,5000.0,296.06
19,784173,118,188,727250,7163750,284.33,5000.0,284.33
19,784174,119,188,728750,7163750,269.52,5000.0,269.52
19,784175,120,188,730250,7163750,259.61,5000.0,259.61
19,784176,121,188,731750,7163750,258.55,5000.0,258.55
19,784177,122,188,733250,7163750,288.54,5000.0,288.54
19,784178,123,188,734750,7163750,269.85,5000.0,269.85
19,784179,124,188,736250,7163750,258.18,5000.0,258.18
19,784180,125,188,737750,7163750,272.25,5000.0,272.25
19,784216,161,188,791750,7163750,187.77,5000.0,187.77
19,784217,162,188,793250,7163750,191.38,5000.0,191.38
19,784218,163,188,794750,7163750,195.47,5000.0,195.47
19,784219,164,188,796250,7163750,218.04,5000.0,218.04
19,784220,165,188,797750,7163750,204.32,5000.0,204.32
19,784221,166,188,799250,7163750,210.71,5000.0,210.71
19,784222,167,188,800750,7163750,212.71,5000.0,212.71
19,784223,168,188,802250,7163750,230.4,5000.0,230.4
19,784225,2,189,553250,7162250,495.54,5000.0,495.54
19,784226,3,189,554750,7162250,490.74,5000.0,490.74
19,784227,4,189,556250,7162250,506.36,5000.0,506.36
19,784228,5,189,557750,7162250,507.72,5000.0,507.72
19,784229,6,189,559250,7162250,516.37,5000.0,516.37
19,784230,9,189,563750,7162250,497.27,5000.0,497.27
19,784231,10,189,565250,7162250,502.08,5000.0,502.08
19,784232,11,189,566750,7162250,518.31,5000.0,518.31
19,784233,13,189,569750,7162250,519.41,5000.0,519.41
19,784234,17,189,575750,7162250,503.15,5000.0,503.15
19,784235,18,189,577250,7162250,495.61,5000.0,495.61
19,784236,20,189,580250,7162250,498.17,5000.0,498.17
19,784237,21,189,581750,7162250,516.49,5000.0,516.49
19,784238,22,189,583250,7162250,519.83,5000.0,519.83
19,784239,23,189,584750,7162250,492.08,5000.0,492.08
19,784240,24,189,586250,7162250,487.4,5000.0,487.4
19,784241,25,189,587750,7162250,467.13,5000.0,467.13
19,784242,26,189,589250,7162250,466.75,5000.0,466.75
19,784243,27,189,590750,7162250,463.8,5000.0,463.8
19,784244,28,189,592250,7162250,475.2,5000.0,475.2
19,784245,29,189,593750,7162250,460.05,5000.0,460.05
19,784246,30,189,595250,7162250,460.46,5000.0,460.46
19,784247,31,189,596750,7162250,450.08,5000.0,450.08
19,784248,32,189,598250,7162250,441.81,5000.0,441.81
19,784249,33,189,599750,7162250,438.0,5000.0,438.0
19,784250,34,189,601250,7162250,435.72,5000.0,435.72
19,784251,35,189,602750,7162250,435.78,5000.0,435.78
19,784252,36,189,604250,7162250,439.13,5000.0,439.13
19,784253,37,189,605750,7162250,444.22,5000.0,444.22
19,784254,38,189,607250,7162250,443.56,5000.0,443.56
19,784255,39,189,608750,7162250,441.05,5000.0,441.05
19,784256,40,189,610250,7162250,441.66,5000.0,441.66
19,784257,41,189,611750,7162250,447.62,5000.0,447.62
19,784258,42,189,613250,7162250,446.02,5000.0,446.02
19,784262,46,189,619250,7162250,459.91,5000.0,459.91
19,784263,47,189,620750,7162250,479.31,5000.0,479.31
19,784274,58,189,637250,7162250,464.01,5000.0,464.01
19,784275,59,189,638750,7162250,456.92,5000.0,456.92
19,784276,60,189,640250,7162250,458.78,5000.0,458.78
19,784277,61,189,641750,7162250,465.96,5000.0,465.96
19,784278,62,189,643250,7162250,476.15,5000.0,476.15
19,784279,63,189,644750,7162250,495.9,5000.0,495.9
19,784280,64,189,646250,7162250,460.1,5000.0,460.1
19,784281,65,189,647750,7162250,439.36,5000.0,439.36
19,784282,66,189,649250,7162250,438.66,5000.0,438.66
19,784283,67,189,650750,7162250,448.47,5000.0,448.47
19,784284,68,189,652250,7162250,431.27,5000.0,431.27
19,784285,69,189,653750,7162250,430.99,5000.0,430.99
19,784286,70,189,655250,7162250,428.49,5000.0,428.49
19,784287,71,189,656750,7162250,437.66,5000.0,437.66
19,784288,72,189,658250,7162250,457.05,5000.0,457.05
19,784289,73,189,659750,7162250,459.14,5000.0,459.14
19,784290,74,189,661250,7162250,478.87,5000.0,478.87
19,784291,75,189,662750,7162250,465.4,5000.0,465.4
19,784292,76,189,664250,7162250,470.73,5000.0,470.73
19,784293,77,189,665750,7162250,468.35,5000.0,468.35
19,784294,78,189,667250,7162250,450.26,5000.0,450.26
19,784295,81,189,671750,7162250,494.74,5000.0,494.74
19,784296,82,189,673250,7162250,507.13,5000.0,507.13
19,784297,84,189,676250,7162250,519.36,5000.0,519.36
19,784298,115,189,722750,7162250,325.3,5000.0,325.3
19,784299,116,189,724250,7162250,313.53,5000.0,313.53
19,784300,117,189,725750,7162250,321.42,5000.0,321.42
19,784301,118,189,727250,7162250,301.61,5000.0,301.61
19,784302,119,189,728750,7162250,272.66,5000.0,272.66
19,784303,120,189,730250,7162250,262.99,5000.0,262.99
19,784304,121,189,731750,7162250,251.7,5000.0,251.7
19,784305,122,189,733250,7162250,259.82,5000.0,259.82
19,784306,123,189,734750,7162250,278.03,5000.0,278.03
19,784307,124,189,736250,7162250,256.51,5000.0,256.51
19,784308,125,189,737750,7162250,256.04,5000.0,256.04
19,784310,127,189,740750,7162250,254.97,5000.0,254.97
19,784345,162,189,793250,7162250,210.76,5000.0,210.76
19,784346,163,189,794750,7162250,203.2,5000.0,203.2
19,784347,164,189,796250,7162250,213.48,5000.0,213.48
19,784348,165,189,797750,7162250,223.23,5000.0,223.23
19,784349,166,189,799250,7162250,221.9,5000.0,221.9
19,784350,167,189,800750,7162250,234.16,5000.0,234.16
19,784351,168,189,802250,7162250,234.67,5000.0,234.67
19,784353,2,190,553250,7160750,502.75,5000.0,502.75
19,784354,3,190,554750,7160750,491.59,5000.0,491.59
19,784355,6,190,559250,7160750,495.29,5000.0,495.29
19,784356,7,190,560750,7160750,503.3,5000.0,503.3
19,784357,12,190,568250,7160750,516.56,5000.0,516.56
19,784358,13,190,569750,7160750,506.53,5000.0,506.53
19,784359,17,190,575750,7160750,497.87,5000.0,497.87
19,784360,19,190,578750,7160750,503.4,5000.0,503.4
19,784361,20,190,580250,7160750,505.43,5000.0,505.43
19,784362,21,190,581750,7160750,509.56,5000.0,509.56
19,784363,22,190,583250,7160750,490.52,5000.0,490.52
19,784364,23,190,584750,7160750,474.89,5000.0,474.89
19,784365,24,190,586250,7160750,485.57,5000.0,485.57
19,784366,25,190,587750,7160750,486.93,5000.0,486.93
19,784367,26,190,589250,7160750,469.96,5000.0,469.96
19,784368,27,190,590750,7160750,456.68,5000.0,456.68
19,784369,28,190,592250,7160750,451.56,5000.0,451.56
19,784370,29,190,593750,7160750,452.47,5000.0,452.47
19,784371,30,190,595250,7160750,449.01,5000.0,449.01
19,784372,31,190,596750,7160750,437.3,5000.0,437.3
19,784373,32,190,598250,7160750,433.83,5000.0,433.83
19,784374,33,190,599750,7160750,435.25,5000.0,435.25
19,784375,34,190,601250,7160750,436.73,5000.0,436.73
19,784376,35,190,602750,7160750,456.04,5000.0,456.04
19,784377,36,190,604250,7160750,457.86,5000.0,457.86
19,784378,37,190,605750,7160750,446.74,5000.0,446.74
19,784379,38,190,607250,7160750,445.31,5000.0,445.31
19,784380,39,190,608750,7160750,457.69,5000.0,457.69
19,784381,40,190,610250,7160750,456.58,5000.0,456.58
19,784382,41,190,611750,7160750,464.68,5000.0,464.68
19,784388,47,190,620750,7160750,471.69,5000.0,471.69
19,784400,59,190,638750,7160750,452.92,5000.0,452.92
19,784401,60,190,640250,7160750,445.48,5000.0,445.48
19,784402,61,190,641750,7160750,444.22,5000.0,444.22
19,784403,62,190,643250,7160750,470.57,5000.0,470.57
19,784404,63,190,644750,7160750,463.85,5000.0,463.85
19,784405,64,190,646250,7160750,450.55,5000.0,450.55
19,784406,65,190,647750,7160750,432.72,5000.0,432.72
19,784407,66,190,649250,7160750,423.5,5000.0,423.5
19,784408,67,190,650750,7160750,438.9,5000.0,438.9
19,784409,68,190,652250,7160750,419.86,5000.0,419.86
19,784410,69,190,653750,7160750,417.43,5000.0,417.43
19,784411,70,190,655250,7160750,418.8,5000.0,418.8
19,784412,71,190,656750,7160750,439.29,5000.0,439.29
19,784413,72,190,658250,7160750,446.09,5000.0,446.09
19,784414,73,190,659750,7160750,437.92,5000.0,437.92
19,784415,74,190,661250,7160750,442.47,5000.0,442.47
19,784416,75,190,662750,7160750,449.22,5000.0,449.22
19,784417,76,190,664250,7160750,459.36,5000.0,459.36
19,784418,116,190,724250,7160750,272.46,5000.0,272.46
19,784419,117,190,725750,7160750,280.93,5000.0,280.93
19,784420,118,190,727250,7160750,315.55,5000.0,315.55
19,784421,119,190,728750,7160750,283.72,5000.0,283.72
19,784422,120,190,730250,7160750,268.17,5000.0,268.17
19,784423,121,190,731750,7160750,251.51,5000.0,251.51
19,784424,122,190,733250,7160750,263.45,5000.0,263.45
19,784425,123,190,734750,7160750,294.87,5000.0,294.87
19,784426,124,190,736250,7160750,252.84,5000.0,252.84
19,784464,162,190,793250,7160750,203.23,5000.0,203.23
19,784465,163,190,794750,7160750,213.46,5000.0,213.46
19,784466,164,190,796250,7160750,221.11,5000.0,221.11
19,784467,165,190,797750,7160750,231.99,5000.0,231.99
19,784468,166,190,799250,7160750,242.01,5000.0,242.01
19,784469,167,190,800750,7160750,228.45,5000.0,228.45
19,784470,168,190,802250,7160750,204.3,5000.0,204.3
19,784471,169,190,803750,7160750,219.34,5000.0,219.34
19,784472,170,190,805250,7160750,248.15,5000.0,248.15
19,784473,171,190,806750,7160750,258.91,5000.0,258.91
19,784475,2,191,553250,7159250,514.03,5000.0,514.03
19,784476,3,191,554750,7159250,504.06,5000.0,504.06
19,784477,4,191,556250,7159250,495.65,5000.0,495.65
19,784478,8,191,562250,7159250,481.22,5000.0,481.22
19,784479,10,191,565250,7159250,495.58,5000.0,495.58
19,784480,11,191,566750,7159250,497.07,5000.0,497.07
19,784481,12,191,568250,7159250,509.22,5000.0,509.22
19,784482,15,191,572750,7159250,494.85,5000.0,494.85
19,784483,18,191,577250,7159250,491.72,5000.0,491.72
19,784484,19,191,578750,7159250,482.36,5000.0,482.36
19,784485,20,191,580250,7159250,483.04,5000.0,483.04
19,784486,21,191,581750,7159250,498.17,5000.0,498.17
19,784487,22,191,583250,7159250,477.13,5000.0,477.13
19,784488,23,191,584750,7159250,455.39,5000.0,455.39
19,784489,24,191,586250,7159250,460.59,5000.0,460.59
19,784490,25,191,587750,7159250,469.37,5000.0,469.37
19,784491,26,191,589250,7159250,476.49,5000.0,476.49
19,784492,27,191,590750,7159250,459.04,5000.0,459.04
19,784493,28,191,592250,7159250,447.28,5000.0,447.28
19,784494,29,191,593750,7159250,439.73,5000.0,439.73
19,784495,30,191,595250,7159250,436.56,5000.0,436.56
19,784496,31,191,596750,7159250,439.73,5000.0,439.73
19,784497,32,191,598250,7159250,433.73,5000.0,433.73
19,784498,33,191,599750,7159250,433.56,5000.0,433.56
19,784499,34,191,601250,7159250,441.59,5000.0,441.59
19,784500,35,191,602750,7159250,448.63,5000.0,448.63
19,784501,36,191,604250,7159250,471.92,5000.0,471.92
19,784502,37,191,605750,7159250,452.18,5000.0,452.18
19,784503,38,191,607250,7159250,447.74,5000.0,447.74
19,784504,39,191,608750,7159250,448.73,5000.0,448.73
19,784505,40,191,610250,7159250,458.23,5000.0,458.23
19,784506,41,191,611750,7159250,459.7,5000.0,459.7
19,784525,60,191,640250,7159250,447.06,5000.0,447.06
19,784526,61,191,641750,7159250,438.25,5000.0,438.25
19,784527,62,191,643250,7159250,449.64,5000.0,449.64
19,784528,63,191,644750,7159250,449.88,5000.0,449.88
19,784529,64,191,646250,7159250,428.42,5000.0,428.42
19,784530,65,191,647750,7159250,421.14,5000.0,421.14
19,784531,66,191,649250,7159250,415.93,5000.0,415.93
19,784532,67,191,650750,7159250,417.49,5000.0,417.49
19,784533,68,191,652250,7159250,428.22,5000.0,428.22
19,784534,69,191,653750,7159250,408.63,5000.0,408.63
19,784535,70,191,655250,7159250,410.79,5000.0,410.79
19,784536,71,191,656750,7159250,432.75,5000.0,432.75
19,784537,72,191,658250,7159250,440.57,5000.0,440.57
19,784538,73,191,659750,7159250,428.26,5000.0,428.26
19,784539,74,191,661250,7159250,426.45,5000.0,426.45
19,784540,75,191,662750,7159250,436.07,5000.0,436.07
19,784541,76,191,664250,7159250,436.53,5000.0,436.53
19,784542,77,191,665750,7159250,439.29,5000.0,439.29
19,784543,116,191,724250,7159250,263.54,5000.0,263.54
19,784544,117,191,725750,7159250,276.24,5000.0,276.24
19,784545,118,191,727250,7159250,257.24,5000.0,257.24
19,784546,119,191,728750,7159250,260.13,5000.0,260.13
19,784547,120,191,730250,7159250,284.4,5000.0,284.4
19,784548,121,191,731750,7159250,251.48,5000.0,251.48
19,784549,122,191,733250,7159250,251.3,5000.0,251.3
19,784550,123,191,734750,7159250,263.0,5000.0,263.0
19,784552,125,191,737750,7159250,241.44,5000.0,241.44
19,784553,126,191,739250,7159250,239.7,5000.0,239.7
19,784590,163,191,794750,7159250,222.36,5000.0,222.36
19,784591,164,191,796250,7159250,242.56,5000.0,242.56
19,784592,165,191,797750,7159250,241.49,5000.0,241.49
19,784593,166,191,799250,7159250,233.52,5000.0,233.52
19,784594,167,191,800750,7159250,211.76,5000.0,211.76
19,784595,168,191,802250,7159250,209.26,5000.0,209.26
19,784596,169,191,803750,7159250,224.07,5000.0,224.07
19,784597,170,191,805250,7159250,252.13,5000.0,252.13
19,784598,171,191,806750,7159250,286.15,5000.0,286.15
19,784599,172,191,808250,7159250,268.92,5000.0,268.92
19,784600,173,191,809750,7159250,261.62,5000.0,261.62
19,784602,2,192,553250,7157750,516.39,5000.0,516.39
19,784603,3,192,554750,7157750,508.91,5000.0,508.91
19,784604,4,192,556250,7157750,510.88,5000.0,510.88
19,784605,5,192,557750,7157750,497.87,5000.0,497.87
19,784606,6,192,559250,7157750,486.45,5000.0,486.45
19,784607,7,192,560750,7157750,473.81,5000.0,473.81
19,784608,9,192,563750,7157750,485.19,5000.0,485.19
19,784609,10,192,565250,7157750,485.28,5000.0,485.28
19,784610,12,192,568250,7157750,490.09,5000.0,490.09
19,784611,15,192,572750,7157750,484.81,5000.0,484.81
19,784612,16,192,574250,7157750,486.71,5000.0,486.71
19,784613,18,192,577250,7157750,484.82,5000.0,484.82
19,784614,19,192,578750,7157750,466.78,5000.0,466.78
19,784615,20,192,580250,7157750,486.16,5000.0,486.16
19,784616,21,192,581750,7157750,479.0,5000.0,479.0
19,784617,22,192,583250,7157750,458.81,5000.0,458.81
19,784618,23,192,584750,7157750,448.74,5000.0,448.74
19,784619,24,192,586250,7157750,449.87,5000.0,449.87
19,784620,25,192,587750,7157750,455.01,5000.0,455.01
19,784621,26,192,589250,7157750,452.45,5000.0,452.45
19,784622,27,192,590750,7157750,458.82,5000.0,458.82
19,784623,28,192,592250,7157750,447.03,5000.0,447.03
19,784624,29,192,593750,7157750,449.45,5000.0,449.45
19,784625,30,192,595250,7157750,433.18,5000.0,433.18
19,784626,31,192,596750,7157750,429.99,5000.0,429.99
19,784627,32,192,598250,7157750,431.88,5000.0,431.88
19,784628,33,192,599750,7157750,437.84,5000.0,437.84
19,784629,34,192,601250,7157750,455.29,5000.0,455.29
19,784630,35,192,602750,7157750,458.47,5000.0,458.47
19,784631,36,192,604250,7157750,471.68,5000.0,471.68
19,784632,37,192,605750,7157750,460.29,5000.0,460.29
19,784633,38,192,607250,7157750,459.46,5000.0,459.46
19,784634,39,192,608750,7157750,453.19,5000.0,453.19
19,784635,40,192,610250,7157750,452.67,5000.0,452.67
19,784656,61,192,641750,7157750,431.62,5000.0,431.62
19,784657,62,192,643250,7157750,430.47,5000.0,430.47
19,784658,63,192,644750,7157750,431.83,5000.0,431.83
19,784659,64,192,646250,7157750,423.36,5000.0,423.36
19,784660,65,192,647750,7157750,412.52,5000.0,412.52
19,784661,66,192,649250,7157750,408.95,5000.0,408.95
19,784662,67,192,650750,7157750,407.93,5000.0,407.93
19,784663,68,192,652250,7157750,403.01,5000.0,403.01
19,784664,69,192,653750,7157750,402.38,5000.0,402.38
19,784665,70,192,655250,7157750,415.13,5000.0,415.13
19,784666,71,192,656750,7157750,427.69,5000.0,427.69
19,784667,72,192,658250,7157750,434.1,5000.0,434.1
19,784668,73,192,659750,7157750,419.86,5000.0,419.86
19,784669,74,192,661250,7157750,415.11,5000.0,415.11
19,784670,75,192,662750,7157750,421.8,5000.0,421.8
19,784671,76,192,664250,7157750,437.27,5000.0,437.27
19,784672,77,192,665750,7157750,448.78,5000.0,448.78
19,784673,78,192,667250,7157750,433.44,5000.0,433.44
19,784674,117,192,725750,7157750,254.26,5000.0,254.26
19,784675,118,192,727250,7157750,281.45,5000.0,281.45
19,784676,119,192,728750,7157750,264.34,5000.0,264.34
19,784677,120,192,730250,7157750,235.89,5000.0,235.89
19,784678,121,192,731750,7157750,266.85,5000.0,266.85
19,784679,122,192,733250,7157750,251.28,5000.0,251.28
19,784680,123,192,734750,7157750,244.13,5000.0,244.13
19,784681,124,192,736250,7157750,238.44,5000.0,238.44
19,784720,163,192,794750,7157750,225.63,5000.0,225.63
19,784721,164,192,796250,7157750,245.25,5000.0,245.25
19,784722,165,192,797750,7157750,250.97,5000.0,250.97
19,784723,166,192,799250,7157750,231.19,5000.0,231.19
19,784724,167,192,800750,7157750,212.31,5000.0,212.31
19,784725,168,192,802250,7157750,210.81,5000.0,210.81
19,784726,169,192,803750,7157750,223.6,5000.0,223.6
19,784727,170,192,805250,7157750,244.42,5000.0,244.42
19,784728,171,192,806750,7157750,290.89,5000.0,290.89
19,784729,172,192,808250,7157750,275.23,5000.0,275.23
19,784730,173,192,809750,7157750,277.81,5000.0,277.81
19,784731,174,192,811250,7157750,279.7,5000.0,279.7
19,784732,175,192,812750,7157750,250.53,5000.0,250.53
19,784734,2,193,553250,7156250,507.98,5000.0,507.98
19,784735,3,193,554750,7156250,510.81,5000.0,510.81
19,784736,4,193,556250,7156250,512.17,5000.0,512.17
19,784737,5,193,557750,7156250,500.16,5000.0,500.16
19,784738,6,193,559250,7156250,485.37,5000.0,485.37
19,784739,8,193,562250,7156250,484.92,5000.0,484.92
19,784740,10,193,565250,7156250,474.51,5000.0,474.51
19,784741,12,193,568250,7156250,483.67,5000.0,483.67
19,784742,15,193,572750,7156250,472.59,5000.0,472.59
19,784743,18,193,577250,7156250,468.2,5000.0,468.2
19,784744,19,193,578750,7156250,453.39,5000.0,453.39
19,784745,20,193,580250,7156250,473.36,5000.0,473.36
19,784746,21,193,581750,7156250,467.11,5000.0,467.11
19,784747,22,193,583250,7156250,460.49,5000.0,460.49
19,784748,23,193,584750,7156250,437.12,5000.0,437.12
19,784749,24,193,586250,7156250,432.19,5000.0,432.19
19,784750,25,193,587750,7156250,447.26,5000.0,447.26
19,784751,26,193,589250,7156250,437.29,5000.0,437.29
19,784752,27,193,590750,7156250,451.71,5000.0,451.71
19,784753,28,193,592250,7156250,429.46,5000.0,429.46
19,784754,29,193,593750,7156250,420.66,5000.0,420.66
19,784755,30,193,595250,7156250,436.51,5000.0,436.51
19,784756,31,193,596750,7156250,429.65,5000.0,429.65
19,784757,32,193,598250,7156250,428.52,5000.0,428.52
19,784758,33,193,599750,7156250,435.13,5000.0,435.13
19,784759,34,193,601250,7156250,444.55,5000.0,444.55
19,784760,35,193,602750,7156250,454.72,5000.0,454.72
19,784761,36,193,604250,7156250,469.43,5000.0,469.43
19,784762,37,193,605750,7156250,475.28,5000.0,475.28
19,784763,38,193,607250,7156250,471.42,5000.0,471.42
19,784764,39,193,608750,7156250,463.16,5000.0,463.16
19,784786,61,193,641750,7156250,434.9,5000.0,434.9
19,784787,62,193,643250,7156250,426.39,5000.0,426.39
19,784788,63,193,644750,7156250,421.17,5000.0,421.17
19,784789,64,193,646250,7156250,416.73,5000.0,416.73
19,784790,65,193,647750,7156250,413.49,5000.0,413.49
19,784791,66,193,649250,7156250,410.01,5000.0,410.01
19,784792,67,193,650750,7156250,406.83,5000.0,406.83
19,784793,68,193,652250,7156250,401.78,5000.0,401.78
19,784794,69,193,653750,7156250,401.58,5000.0,401.58
19,784795,70,193,655250,7156250,400.0,5000.0,400.0
19,784796,71,193,656750,7156250,407.35,5000.0,407.35
19,784797,72,193,658250,7156250,421.86,5000.0,421.86
19,784798,73,193,659750,7156250,417.42,5000.0,417.42
19,784799,74,193,661250,7156250,407.08,5000.0,407.08
19,784800,75,193,662750,7156250,420.08,5000.0,420.08
19,784801,76,193,664250,7156250,422.41,5000.0,422.41
19,784802,77,193,665750,7156250,433.82,5000.0,433.82
19,784803,78,193,667250,7156250,424.57,5000.0,424.57
19,784804,116,193,724250,7156250,287.61,5000.0,287.61
19,784805,117,193,725750,7156250,292.93,5000.0,292.93
19,784806,118,193,727250,7156250,254.26,5000.0,254.26
19,784807,119,193,728750,7156250,235.14,5000.0,235.14
19,784808,120,193,730250,7156250,234.99,5000.0,234.99
19,784809,121,193,731750,7156250,234.95,5000.0,234.95
19,784813,125,193,737750,7156250,229.91,5000.0,229.91
19,784851,163,193,794750,7156250,234.59,5000.0,234.59
19,784852,164,193,796250,7156250,257.74,5000.0,257.74
19,784853,165,193,797750,7156250,241.95,5000.0,241.95
19,784854,166,193,799250,7156250,222.5,5000.0,222.5
19,784855,167,193,800750,7156250,215.39,5000.0,215.39
19,784856,168,193,802250,7156250,221.53,5000.0,221.53
19,784857,169,193,803750,7156250,242.65,5000.0,242.65
19,784858,170,193,805250,7156250,244.83,5000.0,244.83
19,784859,171,193,806750,7156250,275.42,5000.0,275.42
19,784860,172,193,808250,7156250,275.23,5000.0,275.23
19,784861,173,193,809750,7156250,278.51,5000.0,278.51
19,784862,174,193,811250,7156250,294.79,5000.0,294.79
19,784863,175,193,812750,7156250,242.93,5000.0,242.93
19,784865,2,194,553250,7154750,478.34,5000.0,478.34
19,784866,3,194,554750,7154750,482.67,5000.0,482.67
19,784867,4,194,556250,7154750,496.68,5000.0,496.68
19,784868,5,194,557750,7154750,481.44,5000.0,481.44
19,784869,6,194,559250,7154750,471.72,5000.0,471.72
19,784870,7,194,560750,7154750,469.56,5000.0,469.56
19,784871,8,194,562250,7154750,491.06,5000.0,491.06
19,784872,9,194,563750,7154750,473.93,5000.0,473.93
19,784873,10,194,565250,7154750,471.62,5000.0,471.62
19,784874,11,194,566750,7154750,469.13,5000.0,469.13
19,784875,15,194,572750,7154750,468.67,5000.0,468.67
19,784876,17,194,575750,7154750,465.75,5000.0,465.75
19,784877,18,194,577250,7154750,448.16,5000.0,448.16
19,784878,19,194,578750,7154750,457.69,5000.0,457.69
19,784879,20,194,580250,7154750,453.89,5000.0,453.89
19,784880,21,194,581750,7154750,451.6,5000.0,451.6
19,784881,22,194,583250,7154750,447.47,5000.0,447.47
19,784882,23,194,584750,7154750,439.25,5000.0,439.25
19,784883,24,194,586250,7154750,428.72,5000.0,428.72
19,784884,25,194,587750,7154750,440.06,5000.0,440.06
19,784885,26,194,589250,7154750,426.3,5000.0,426.3
19,784886,27,194,590750,7154750,439.13,5000.0,439.13
19,784887,28,194,592250,7154750,420.61,5000.0,420.61
19,784888,29,194,593750,7154750,420.62,5000.0,420.62
19,784889,30,194,595250,7154750,420.77,5000.0,420.77
19,784890,31,194,596750,7154750,420.98,5000.0,420.98
19,784891,32,194,598250,7154750,424.17,5000.0,424.17
19,784892,33,194,599750,7154750,445.44,5000.0,445.44
19,784893,34,194,601250,7154750,455.15,5000.0,455.15
19,784894,35,194,602750,7154750,456.01,5000.0,456.01
19,784895,36,194,604250,7154750,472.29,5000.0,472.29
19,784896,37,194,605750,7154750,471.87,5000.0,471.87
19,784897,38,194,607250,7154750,484.66,5000.0,484.66
19,784921,62,194,643250,7154750,438.93,5000.0,438.93
19,784923,64,194,646250,7154750,418.37,5000.0,418.37
19,784924,65,194,647750,7154750,418.55,5000.0,418.55
19,784925,66,194,649250,7154750,415.62,5000.0,415.62
19,784926,67,194,650750,7154750,414.65,5000.0,414.65
19,784927,68,194,652250,7154750,411.66,5000.0,411.66
19,784928,69,194,653750,7154750,401.33,5000.0,401.33
19,784929,70,194,655250,7154750,399.6,5000.0,399.6
19,784930,71,194,656750,7154750,395.92,5000.0,395.92
19,784931,72,194,658250,7154750,407.98,5000.0,407.98
19,784932,73,194,659750,7154750,426.27,5000.0,426.27
19,784933,74,194,661250,7154750,406.11,5000.0,406.11
19,784934,75,194,662750,7154750,399.79,5000.0,399.79
19,784935,76,194,664250,7154750,405.39,5000.0,405.39
19,784936,114,194,721250,7154750,268.62,5000.0,268.62
19,784937,115,194,722750,7154750,286.75,5000.0,286.75
19,784938,116,194,724250,7154750,335.82,5000.0,335.82
19,784939,117,194,725750,7154750,327.24,5000.0,327.24
19,784940,118,194,727250,7154750,280.08,5000.0,280.08
19,784941,119,194,728750,7154750,274.07,5000.0,274.07
19,784942,120,194,730250,7154750,234.62,5000.0,234.62
19,784943,121,194,731750,7154750,230.64,5000.0,230.64
19,784987,165,194,797750,7154750,248.78,5000.0,248.78
19,784988,166,194,799250,7154750,223.14,5000.0,223.14
19,784989,167,194,800750,7154750,219.78,5000.0,219.78
19,784990,168,194,802250,7154750,232.26,5000.0,232.26
19,784991,169,194,803750,7154750,243.63,5000.0,243.63
19,784992,170,194,805250,7154750,265.37,5000.0,265.37
19,784993,171,194,806750,7154750,282.35,5000.0,282.35
19,784994,172,194,808250,7154750,291.02,5000.0,291.02
19,784995,173,194,809750,7154750,285.1,5000.0,285.1
19,784996,174,194,811250,7154750,284.13,5000.0,284.13
19,784997,175,194,812750,7154750,253.78,5000.0,253.78
19,784999,2,195,553250,7153250,474.47,5000.0,474.47
19,785000,3,195,554750,7153250,473.09,5000.0,473.09
19,785001,4,195,556250,7153250,490.39,5000.0,490.39
19,785002,5,195,557750,7153250,473.23,5000.0,473.23
19,785003,6,195,559250,7153250,473.09,5000.0,473.09
19,785004,7,195,560750,7153250,480.88,5000.0,480.88
19,785005,8,195,562250,7153250,482.32,5000.0,482.32
19,785006,9,195,563750,7153250,471.59,5000.0,471.59
19,785007,10,195,565250,7153250,463.03,5000.0,463.03
19,785008,11,195,566750,7153250,462.49,5000.0,462.49
19,785009,12,195,568250,7153250,450.82,5000.0,450.82
19,785010,13,195,569750,7153250,458.8,5000.0,458.8
19,785011,14,195,571250,7153250,446.84,5000.0,446.84
19,785012,16,195,574250,7153250,442.78,5000.0,442.78
19,785013,17,195,575750,7153250,451.24,5000.0,451.24
19,785014,18,195,577250,7153250,438.4,5000.0,438.4
19,785015,19,195,578750,7153250,434.59,5000.0,434.59
19,785016,20,195,580250,7153250,436.72,5000.0,436.72
19,785017,21,195,581750,7153250,457.01,5000.0,457.01
19,785018,22,195,583250,7153250,446.78,5000.0,446.78
19,785019,23,195,584750,7153250,436.75,5000.0,436.75
19,785020,24,195,586250,7153250,427.06,5000.0,427.06
19,785021,25,195,587750,7153250,418.52,5000.0,418.52
19,785022,26,195,589250,7153250,420.13,5000.0,420.13
19,785023,27,195,590750,7153250,422.17,5000.0,422.17
19,785024,28,195,592250,7153250,432.35,5000.0,432.35
19,785025,29,195,593750,7153250,420.51,5000.0,420.51
19,785026,30,195,595250,7153250,420.75,5000.0,420.75
19,785027,31,195,596750,7153250,420.81,5000.0,420.81
19,785028,32,195,598250,7153250,421.0,5000.0,421.0
19,785029,33,195,599750,7153250,437.49,5000.0,437.49
19,785030,34,195,601250,7153250,445.55,5000.0,445.55
19,785031,35,195,602750,7153250,443.08,5000.0,443.08
19,785032,36,195,604250,7153250,453.86,5000.0,453.86
19,785033,37,195,605750,7153250,459.36,5000.0,459.36
19,785034,38,195,607250,7153250,474.13,5000.0,474.13
19,785057,61,195,641750,7153250,427.63,5000.0,427.63
19,785058,62,195,643250,7153250,425.34,5000.0,425.34
19,785059,63,195,644750,7153250,422.78,5000.0,422.78
19,785060,64,195,646250,7153250,422.27,5000.0,422.27
19,785063,67,195,650750,7153250,424.53,5000.0,424.53
19,785064,68,195,652250,7153250,415.02,5000.0,415.02
19,785065,69,195,653750,7153250,405.56,5000.0,405.56
19,785066,70,195,655250,7153250,397.61,5000.0,397.61
19,785067,71,195,656750,7153250,393.71,5000.0,393.71
19,785068,72,195,658250,7153250,393.48,5000.0,393.48
19,785069,73,195,659750,7153250,396.03,5000.0,396.03
19,785070,74,195,661250,7153250,402.86,5000.0,402.86
19,785071,75,195,662750,7153250,392.48,5000.0,392.48
19,785072,76,195,664250,7153250,407.89,5000.0,407.89
19,785073,77,195,665750,7153250,416.15,5000.0,416.15
19,785074,112,195,718250,7153250,289.59,5000.0,289.59
19,785075,113,195,719750,7153250,279.23,5000.0,279.23
19,785076,114,195,721250,7153250,301.92,5000.0,301.92
19,785077,115,195,722750,7153250,342.32,5000.0,342.32
19,785078,116,195,724250,7153250,285.14,5000.0,285.14
19,785079,117,195,725750,7153250,268.14,5000.0,268.14
19,785080,118,195,727250,7153250,254.54,5000.0,254.54
19,785081,119,195,728750,7153250,240.24,5000.0,240.24
19,785082,120,195,730250,7153250,232.11,5000.0,232.11
19,785083,121,195,731750,7153250,230.72,5000.0,230.72
19,785084,122,195,733250,7153250,227.67,5000.0,227.67
19,785085,123,195,734750,7153250,228.34,5000.0,228.34
19,785127,165,195,797750,7153250,241.01,5000.0,241.01
19,785128,166,195,799250,7153250,228.26,5000.0,228.26
19,785129,167,195,800750,7153250,224.87,5000.0,224.87
19,785130,168,195,802250,7153250,231.86,5000.0,231.86
19,785131,169,195,803750,7153250,249.56,5000.0,249.56
19,785132,170,195,805250,7153250,262.02,5000.0,262.02
19,785133,171,195,806750,7153250,294.7,5000.0,294.7
19,785134,172,195,808250,7153250,292.39,5000.0,292.39
19,785135,173,195,809750,7153250,277.89,5000.0,277.89
19,785136,174,195,811250,7153250,255.71,5000.0,255.71
19,785137,175,195,812750,7153250,234.03,5000.0,234.03
19,785138,176,195,814250,7153250,233.37,5000.0,233.37
19,785140,2,196,553250,7151750,473.74,5000.0,473.74
19,785141,3,196,554750,7151750,472.43,5000.0,472.43
19,785142,4,196,556250,7151750,473.09,5000.0,473.09
19,785143,5,196,557750,7151750,468.6,5000.0,468.6
19,785144,6,196,559250,7151750,479.99,5000.0,479.99
19,785145,7,196,560750,7151750,481.3,5000.0,481.3
19,785146,8,196,562250,7151750,489.04,5000.0,489.04
19,785147,9,196,563750,7151750,478.32,5000.0,478.32
19,785148,10,196,565250,7151750,460.04,5000.0,460.04
19,785149,11,196,566750,7151750,456.82,5000.0,456.82
19,785150,12,196,568250,7151750,462.27,5000.0,462.27
19,785151,13,196,569750,7151750,468.69,5000.0,468.69
19,785152,14,196,571250,7151750,447.93,5000.0,447.93
19,785153,15,196,572750,7151750,450.1,5000.0,450.1
19,785154,16,196,574250,7151750,434.72,5000.0,434.72
19,785155,17,196,575750,7151750,438.98,5000.0,438.98
19,785156,18,196,577250,7151750,439.96,5000.0,439.96
19,785157,19,196,578750,7151750,427.88,5000.0,427.88
19,785158,20,196,580250,7151750,428.02,5000.0,428.02
19,785159,21,196,581750,7151750,434.64,5000.0,434.64
19,785160,22,196,583250,7151750,436.92,5000.0,436.92
19,785161,23,196,584750,7151750,441.66,5000.0,441.66
19,785162,24,196,586250,7151750,435.91,5000.0,435.91
19,785163,25,196,587750,7151750,409.26,5000.0,409.26
19,785164,26,196,589250,7151750,412.29,5000.0,412.29
19,785165,27,196,590750,7151750,412.65,5000.0,412.65
19,785166,28,196,592250,7151750,413.53,5000.0,413.53
19,785167,29,196,593750,7151750,418.14,5000.0,418.14
19,785168,30,196,595250,7151750,438.61,5000.0,438.61
19,785169,31,196,596750,7151750,436.88,5000.0,436.88
19,785170,32,196,598250,7151750,428.89,5000.0,428.89
19,785171,33,196,599750,7151750,429.78,5000.0,429.78
19,785172,34,196,601250,7151750,433.53,5000.0,433.53
19,785173,35,196,602750,7151750,435.97,5000.0,435.97
19,785174,36,196,604250,7151750,443.19,5000.0,443.19
19,785175,37,196,605750,7151750,447.79,5000.0,447.79
19,785176,38,196,607250,7151750,458.1,5000.0,458.1
19,785199,61,196,641750,7151750,431.68,5000.0,431.68
19,785201,63,196,644750,7151750,426.73,5000.0,426.73
19,785204,66,196,649250,7151750,435.48,5000.0,435.48
19,785205,67,196,650750,7151750,425.27,5000.0,425.27
19,785206,68,196,652250,7151750,412.35,5000.0,412.35
19,785207,69,196,653750,7151750,406.51,5000.0,406.51
19,785208,70,196,655250,7151750,402.56,5000.0,402.56
19,785209,71,196,656750,7151750,401.77,5000.0,401.77
19,785210,72,196,658250,7151750,393.06,5000.0,393.06
19,785211,73,196,659750,7151750,390.25,5000.0,390.25
19,785212,74,196,661250,7151750,390.11,5000.0,390.11
19,785213,75,196,662750,7151750,390.11,5000.0,390.11
19,785214,76,196,664250,7151750,390.11,5000.0,390.11
19,785215,77,196,665750,7151750,391.0,5000.0,391.0
19,785216,109,196,713750,7151750,357.15,5000.0,357.15
19,785217,111,196,716750,7151750,335.82,5000.0,335.82
19,785218,112,196,718250,7151750,324.43,5000.0,324.43
19,785219,113,196,719750,7151750,304.52,5000.0,304.52
19,785220,114,196,721250,7151750,282.19,5000.0,282.19
19,785221,115,196,722750,7151750,266.41,5000.0,266.41
19,785222,116,196,724250,7151750,256.03,5000.0,256.03
19,785223,117,196,725750,7151750,255.18,5000.0,255.18
19,785224,118,196,727250,7151750,255.0,5000.0,255.0
19,785226,120,196,730250,7151750,232.39,5000.0,232.39
19,785228,122,196,733250,7151750,227.02,5000.0,227.02
19,785271,165,196,797750,7151750,254.79,5000.0,254.79
19,785272,166,196,799250,7151750,243.07,5000.0,243.07
19,785273,167,196,800750,7151750,228.91,5000.0,228.91
19,785274,168,196,802250,7151750,234.65,5000.0,234.65
19,785275,169,196,803750,7151750,240.77,5000.0,240.77
19,785276,170,196,805250,7151750,255.24,5000.0,255.24
19,785277,171,196,806750,7151750,283.03,5000.0,283.03
19,785278,172,196,808250,7151750,294.2,5000.0,294.2
19,785279,173,196,809750,7151750,257.88,5000.0,257.88
19,785280,174,196,811250,7151750,252.58,5000.0,252.58
19,785281,175,196,812750,7151750,254.46,5000.0,254.46
19,785282,176,196,814250,7151750,232.24,5000.0,232.24
19,785284,2,197,553250,7150250,492.04,5000.0,492.04
19,785285,3,197,554750,7150250,473.09,5000.0,473.09
19,785286,4,197,556250,7150250,473.09,5000.0,473.09
19,785287,5,197,557750,7150250,473.09,5000.0,473.09
19,785288,6,197,559250,7150250,491.13,5000.0,491.13
19,785289,7,197,560750,7150250,492.34,5000.0,492.34
19,785290,8,197,562250,7150250,498.91,5000.0,498.91
19,785291,9,197,563750,7150250,479.03,5000.0,479.03
19,785292,10,197,565250,7150250,472.3,5000.0,472.3
19,785293,11,197,566750,7150250,476.61,5000.0,476.61
19,785294,12,197,568250,7150250,468.95,5000.0,468.95
19,785295,13,197,569750,7150250,470.8,5000.0,470.8
19,785296,14,197,571250,7150250,455.63,5000.0,455.63
19,785297,15,197,572750,7150250,438.69,5000.0,438.69
19,785298,16,197,574250,7150250,427.41,5000.0,427.41
19,785299,17,197,575750,7150250,424.04,5000.0,424.04
19,785300,18,197,577250,7150250,421.96,5000.0,421.96
19,785301,19,197,578750,7150250,421.54,5000.0,421.54
19,785302,20,197,580250,7150250,424.12,5000.0,424.12
19,785303,21,197,581750,7150250,448.11,5000.0,448.11
19,785304,22,197,583250,7150250,426.94,5000.0,426.94
19,785305,23,197,584750,7150250,420.4,5000.0,420.4
19,785306,24,197,586250,7150250,422.59,5000.0,422.59
19,785307,25,197,587750,7150250,408.16,5000.0,408.16
19,785308,26,197,589250,7150250,409.57,5000.0,409.57
19,785309,27,197,590750,7150250,412.6,5000.0,412.6
19,785310,28,197,592250,7150250,413.89,5000.0,413.89
19,785311,29,197,593750,7150250,417.58,5000.0,417.58
19,785312,30,197,595250,7150250,417.58,5000.0,417.58
19,785313,31,197,596750,7150250,428.99,5000.0,428.99
19,785314,32,197,598250,7150250,441.54,5000.0,441.54
19,785315,33,197,599750,7150250,432.2,5000.0,432.2
19,785316,34,197,601250,7150250,436.2,5000.0,436.2
19,785317,35,197,602750,7150250,438.94,5000.0,438.94
19,785345,63,197,644750,7150250,436.89,5000.0,436.89
19,785349,67,197,650750,7150250,423.71,5000.0,423.71
19,785350,68,197,652250,7150250,416.33,5000.0,416.33
19,785352,70,197,655250,7150250,412.33,5000.0,412.33
19,785353,71,197,656750,7150250,412.7,5000.0,412.7
19,785354,72,197,658250,7150250,400.17,5000.0,400.17
19,785355,73,197,659750,7150250,406.18,5000.0,406.18
19,785356,74,197,661250,7150250,391.37,5000.0,391.37
19,785357,75,197,662750,7150250,395.13,5000.0,395.13
19,785358,76,197,664250,7150250,405.82,5000.0,405.82
19,785359,77,197,665750,7150250,390.11,5000.0,390.11
19,785360,78,197,667250,7150250,391.11,5000.0,391.11
19,785361,79,197,668750,7150250,387.02,5000.0,387.02
19,785362,80,197,670250,7150250,385.41,5000.0,385.41
19,785363,97,197,695750,7150250,411.26,5000.0,411.26
19,785364,109,197,713750,7150250,357.11,5000.0,357.11
19,785365,110,197,715250,7150250,325.7,5000.0,325.7
19,785366,113,197,719750,7150250,281.41,5000.0,281.41
19,785367,114,197,721250,7150250,272.26,5000.0,272.26
19,785368,115,197,722750,7150250,274.34,5000.0,274.34
19,785369,116,197,724250,7150250,259.68,5000.0,259.68
19,785370,117,197,725750,7150250,286.89,5000.0,286.89
19,785372,119,197,728750,7150250,252.89,5000.0,252.89
19,785373,120,197,730250,7150250,249.71,5000.0,249.71
19,785375,122,197,733250,7150250,224.74,5000.0,224.74
19,785376,123,197,734750,7150250,223.16,5000.0,223.16
19,785418,165,197,797750,7150250,253.31,5000.0,253.31
19,785419,166,197,799250,7150250,243.67,5000.0,243.67
19,785420,167,197,800750,7150250,234.06,5000.0,234.06
19,785421,168,197,802250,7150250,250.28,5000.0,250.28
19,785422,169,197,803750,7150250,251.82,5000.0,251.82
19,785423,170,197,805250,7150250,256.25,5000.0,256.25
19,785424,171,197,806750,7150250,271.46,5000.0,271.46
19,785425,172,197,808250,7150250,293.4,5000.0,293.4
19,785426,173,197,809750,7150250,277.45,5000.0,277.45
19,785427,174,197,811250,7150250,261.15,5000.0,261.15
19,785428,175,197,812750,7150250,245.61,5000.0,245.61
19,785429,176,197,814250,7150250,233.57,5000.0,233.57
19,785431,2,198,553250,7148750,479.12,5000.0,479.12
19,785432,3,198,554750,7148750,475.99,5000.0,475.99
19,785433,4,198,556250,7148750,491.97,5000.0,491.97
19,785434,5,198,557750,7148750,475.79,5000.0,475.79
19,785435,6,198,559250,7148750,490.91,5000.0,490.91
19,785436,7,198,560750,7148750,497.18,5000.0,497.18
19,785437,8,198,562250,7148750,477.43,5000.0,477.43
19,785438,9,198,563750,7148750,472.2,5000.0,472.2
19,785439,10,198,565250,7148750,464.96,5000.0,464.96
19,785440,11,198,566750,7148750,459.86,5000.0,459.86
19,785441,12,198,568250,7148750,453.75,5000.0,453.75
19,785442,13,198,569750,7148750,460.25,5000.0,460.25
19,785443,14,198,571250,7148750,446.23,5000.0,446.23
19,785444,15,198,572750,7148750,443.34,5000.0,443.34
19,785445,16,198,574250,7148750,426.14,5000.0,426.14
19,785446,17,198,575750,7148750,423.3,5000.0,423.3
19,785447,18,198,577250,7148750,420.25,5000.0,420.25
19,785448,19,198,578750,7148750,418.46,5000.0,418.46
19,785449,20,198,580250,7148750,435.21,5000.0,435.21
19,785452,23,198,584750,7148750,407.78,5000.0,407.78
19,785453,24,198,586250,7148750,408.05,5000.0,408.05
19,785454,25,198,587750,7148750,408.14,5000.0,408.14
19,785455,26,198,589250,7148750,418.8,5000.0,418.8
19,785456,27,198,590750,7148750,421.7,5000.0,421.7
19,785457,28,198,592250,7148750,414.13,5000.0,414.13
19,785458,29,198,593750,7148750,422.17,5000.0,422.17
19,785459,30,198,595250,7148750,421.46,5000.0,421.46
19,785460,31,198,596750,7148750,417.58,5000.0,417.58
19,785462,33,198,599750,7148750,445.47,5000.0,445.47
19,785495,66,198,649250,7148750,435.0,5000.0,435.0
19,785496,67,198,650750,7148750,425.65,5000.0,425.65
19,785498,69,198,653750,7148750,427.87,5000.0,427.87
19,785500,71,198,656750,7148750,416.88,5000.0,416.88
19,785502,73,198,659750,7148750,411.44,5000.0,411.44
19,785503,74,198,661250,7148750,408.19,5000.0,408.19
19,785505,76,198,664250,7148750,410.78,5000.0,410.78
19,785508,79,198,668750,7148750,390.71,5000.0,390.71
19,785510,81,198,671750,7148750,398.18,5000.0,398.18
19,785511,82,198,673250,7148750,380.83,5000.0,380.83
19,785512,96,198,694250,7148750,387.98,5000.0,387.98
19,785513,97,198,695750,7148750,396.85,5000.0,396.85
19,785514,98,198,697250,7148750,407.53,5000.0,407.53
19,785515,99,198,698750,7148750,394.83,5000.0,394.83
19,785516,100,198,700250,7148750,397.18,5000.0,397.18
19,785517,105,198,707750,7148750,374.02,5000.0,374.02
19,785518,111,198,716750,7148750,317.21,5000.0,317.21
19,785519,112,198,718250,7148750,301.45,5000.0,301.45
19,785520,113,198,719750,7148750,304.8,5000.0,304.8
19,785521,114,198,721250,7148750,272.26,5000.0,272.26
19,785522,115,198,722750,7148750,318.43,5000.0,318.43
19,785523,116,198,724250,7148750,288.25,5000.0,288.25
19,785524,117,198,725750,7148750,291.02,5000.0,291.02
19,785525,118,198,727250,7148750,285.11,5000.0,285.11
19,785528,121,198,731750,7148750,244.54,5000.0,244.54
19,785572,165,198,797750,7148750,256.72,5000.0,256.72
19,785573,166,198,799250,7148750,246.96,5000.0,246.96
19,785574,167,198,800750,7148750,241.41,5000.0,241.41
19,785575,168,198,802250,7148750,245.27,5000.0,245.27
19,785576,169,198,803750,7148750,259.54,5000.0,259.54
19,785577,170,198,805250,7148750,272.0,5000.0,272.0
19,785578,171,198,806750,7148750,275.2,5000.0,275.2
19,785579,172,198,808250,7148750,299.35,5000.0,299.35
19,785580,173,198,809750,7148750,297.63,5000.0,297.63
19,785581,174,198,811250,7148750,277.66,5000.0,277.66
19,785582,175,198,812750,7148750,242.47,5000.0,242.47
19,785583,176,198,814250,7148750,262.67,5000.0,262.67
19,785584,177,198,815750,7148750,281.29,5000.0,281.29
19,785586,2,199,553250,7147250,482.61,5000.0,482.61
19,785587,3,199,554750,7147250,490.95,5000.0,490.95
19,785588,4,199,556250,7147250,493.81,5000.0,493.81
19,785589,5,199,557750,7147250,482.02,5000.0,482.02
19,785590,6,199,559250,7147250,498.95,5000.0,498.95
19,785591,7,199,560750,7147250,488.4,5000.0,488.4
19,785592,8,199,562250,7147250,480.4,5000.0,480.4
19,785593,9,199,563750,7147250,462.2,5000.0,462.2
19,785594,10,199,565250,7147250,456.96,5000.0,456.96
19,785595,11,199,566750,7147250,445.07,5000.0,445.07
19,785596,12,199,568250,7147250,441.0,5000.0,441.0
19,785597,13,199,569750,7147250,437.48,5000.0,437.48
19,785598,14,199,571250,7147250,437.18,5000.0,437.18
19,785599,15,199,572750,7147250,428.26,5000.0,428.26
19,785600,16,199,574250,7147250,434.39,5000.0,434.39
19,785601,17,199,575750,7147250,436.63,5000.0,436.63
19,785602,18,199,577250,7147250,415.36,5000.0,415.36
19,785603,19,199,578750,7147250,416.16,5000.0,416.16
19,785604,20,199,580250,7147250,423.63,5000.0,423.63
19,785607,23,199,584750,7147250,406.16,5000.0,406.16
19,785608,24,199,586250,7147250,405.94,5000.0,405.94
19,785609,25,199,587750,7147250,423.0,5000.0,423.0
19,785610,26,199,589250,7147250,439.1,5000.0,439.1
19,785613,29,199,593750,7147250,416.23,5000.0,416.23
19,785614,30,199,595250,7147250,425.14,5000.0,425.14
19,785615,31,199,596750,7147250,417.58,5000.0,417.58
19,785650,66,199,649250,7147250,442.11,5000.0,442.11
19,785651,67,199,650750,7147250,438.82,5000.0,438.82
19,785662,78,199,667250,7147250,416.78,5000.0,416.78
19,785666,82,199,673250,7147250,379.79,5000.0,379.79
19,785667,83,199,674750,7147250,375.67,5000.0,375.67
19,785668,96,199,694250,7147250,384.0,5000.0,384.0
19,785669,98,199,697250,7147250,380.16,5000.0,380.16
19,785670,100,199,700250,7147250,385.05,5000.0,385.05
19,785671,101,199,701750,7147250,390.34,5000.0,390.34
19,785672,104,199,706250,7147250,374.01,5000.0,374.01
19,785673,106,199,709250,7147250,356.15,5000.0,356.15
19,785674,107,199,710750,7147250,346.85,5000.0,346.85
19,785675,110,199,715250,7147250,327.31,5000.0,327.31
19,785676,111,199,716750,7147250,319.14,5000.0,319.14
19,785677,112,199,718250,7147250,315.51,5000.0,315.51
19,785678,113,199,719750,7147250,296.62,5000.0,296.62
19,785679,114,199,721250,7147250,301.06,5000.0,301.06
19,785680,115,199,722750,7147250,357.67,5000.0,357.67
19,785681,116,199,724250,7147250,327.32,5000.0,327.32
19,785682,117,199,725750,7147250,315.24,5000.0,315.24
19,785729,164,199,796250,7147250,256.07,5000.0,256.07
19,785730,165,199,797750,7147250,273.96,5000.0,273.96
19,785731,166,199,799250,7147250,261.3,5000.0,261.3
19,785732,167,199,800750,7147250,252.0,5000.0,252.0
19,785733,168,199,802250,7147250,258.12,5000.0,258.12
19,785734,169,199,803750,7147250,257.11,5000.0,257.11
19,785735,170,199,805250,7147250,272.02,5000.0,272.02
19,785736,171,199,806750,7147250,291.52,5000.0,291.52
19,785737,172,199,808250,7147250,297.19,5000.0,297.19
19,785738,173,199,809750,7147250,274.13,5000.0,274.13
19,785739,174,199,811250,7147250,262.86,5000.0,262.86
19,785740,175,199,812750,7147250,246.83,5000.0,246.83
19,785741,176,199,814250,7147250,282.62,5000.0,282.62
19,785742,177,199,815750,7147250,284.24,5000.0,284.24
19,785744,2,200,553250,7145750,487.76,5000.0,487.76
19,785745,3,200,554750,7145750,493.09,5000.0,493.09
19,785746,4,200,556250,7145750,489.99,5000.0,489.99
19,785747,5,200,557750,7145750,486.97,5000.0,486.97
19,785748,6,200,559250,7145750,492.62,5000.0,492.62
19,785749,7,200,560750,7145750,481.65,5000.0,481.65
19,785750,8,200,562250,7145750,472.42,5000.0,472.42
19,785751,9,200,563750,7145750,467.36,5000.0,467.36
19,785752,10,200,565250,7145750,460.42,5000.0,460.42
19,785753,11,200,566750,7145750,444.24,5000.0,444.24
19,785754,12,200,568250,7145750,442.72,5000.0,442.72
19,785755,13,200,569750,7145750,436.23,5000.0,436.23
19,785756,14,200,571250,7145750,433.49,5000.0,433.49
19,785757,15,200,572750,7145750,427.33,5000.0,427.33
19,785758,16,200,574250,7145750,422.67,5000.0,422.67
19,785759,17,200,575750,7145750,421.59,5000.0,421.59
19,785760,18,200,577250,7145750,414.59,5000.0,414.59
19,785761,19,200,578750,7145750,414.0,5000.0,414.0
19,785762,20,200,580250,7145750,433.86,5000.0,433.86
19,785765,23,200,584750,7145750,414.52,5000.0,414.52
19,785766,24,200,586250,7145750,403.26,5000.0,403.26
19,785767,25,200,587750,7145750,418.57,5000.0,418.57
19,785768,26,200,589250,7145750,439.64,5000.0,439.64
19,785821,79,200,668750,7145750,376.32,5000.0,376.32
19,785826,84,200,676250,7145750,375.67,5000.0,375.67
19,785827,99,200,698750,7145750,370.48,5000.0,370.48
19,785828,100,200,700250,7145750,375.91,5000.0,375.91
19,785829,101,200,701750,7145750,393.36,5000.0,393.36
19,785830,102,200,703250,7145750,387.88,5000.0,387.88
19,785831,103,200,704750,7145750,393.65,5000.0,393.65
19,785832,104,200,706250,7145750,401.51,5000.0,401.51
19,785833,105,200,707750,7145750,355.43,5000.0,355.43
19,785834,106,200,709250,7145750,347.52,5000.0,347.52
19,785835,108,200,712250,7145750,338.15,5000.0,338.15
19,785836,110,200,715250,7145750,350.11,5000.0,350.11
19,785837,111,200,716750,7145750,332.41,5000.0,332.41
19,785838,112,200,718250,7145750,330.55,5000.0,330.55
19,785839,113,200,719750,7145750,296.62,5000.0,296.62
19,785840,114,200,721250,7145750,296.62,5000.0,296.62
19,785841,115,200,722750,7145750,356.69,5000.0,356.69
19,785842,116,200,724250,7145750,331.44,5000.0,331.44
19,785891,165,200,797750,7145750,263.44,5000.0,263.44
19,785892,166,200,799250,7145750,273.99,5000.0,273.99
19,785893,167,200,800750,7145750,263.05,5000.0,263.05
19,785894,168,200,802250,7145750,271.79,5000.0,271.79
19,785895,169,200,803750,7145750,268.64,5000.0,268.64
19,785896,170,200,805250,7145750,269.89,5000.0,269.89
19,785897,171,200,806750,7145750,284.96,5000.0,284.96
19,785898,172,200,808250,7145750,309.12,5000.0,309.12
19,785899,173,200,809750,7145750,269.14,5000.0,269.14
19,785900,174,200,811250,7145750,260.26,5000.0,260.26
19,785901,175,200,812750,7145750,271.89,5000.0,271.89
19,785902,176,200,814250,7145750,300.12,5000.0,300.12
19,785903,177,200,815750,7145750,276.21,5000.0,276.21
19,785908,5,201,557750,7144250,498.05,5000.0,498.05
19,785909,6,201,559250,7144250,496.98,5000.0,496.98
19,785910,7,201,560750,7144250,478.49,5000.0,478.49
19,785911,8,201,562250,7144250,462.09,5000.0,462.09
19,785912,9,201,563750,7144250,451.29,5000.0,451.29
19,785913,10,201,565250,7144250,448.16,5000.0,448.16
19,785914,11,201,566750,7144250,445.96,5000.0,445.96
19,785915,12,201,568250,7144250,456.49,5000.0,456.49
19,785916,13,201,569750,7144250,438.81,5000.0,438.81
19,785917,14,201,571250,7144250,443.5,5000.0,443.5
19,785918,15,201,572750,7144250,442.76,5000.0,442.76
19,785919,16,201,574250,7144250,421.95,5000.0,421.95
19,785920,17,201,575750,7144250,417.51,5000.0,417.51
19,785921,18,201,577250,7144250,414.02,5000.0,414.02
19,785922,19,201,578750,7144250,414.0,5000.0,414.0
19,785923,20,201,580250,7144250,426.33,5000.0,426.33
19,785926,23,201,584750,7144250,402.43,5000.0,402.43
19,785927,24,201,586250,7144250,402.43,5000.0,402.43
19,785928,25,201,587750,7144250,410.83,5000.0,410.83
19,785980,77,201,665750,7144250,375.67,5000.0,375.67
19,785982,79,201,668750,7144250,375.67,5000.0,375.67
19,785983,80,201,670250,7144250,375.67,5000.0,375.67
19,785985,82,201,673250,7144250,368.48,5000.0,368.48
19,785986,83,201,674750,7144250,367.27,5000.0,367.27
19,785987,84,201,676250,7144250,356.92,5000.0,356.92
19,785989,95,201,692750,7144250,360.85,5000.0,360.85
19,785990,96,201,694250,7144250,354.71,5000.0,354.71
19,785991,97,201,695750,7144250,364.47,5000.0,364.47
19,785992,98,201,697250,7144250,375.2,5000.0,375.2
19,785993,99,201,698750,7144250,364.39,5000.0,364.39
19,785994,100,201,700250,7144250,393.34,5000.0,393.34
19,785995,101,201,701750,7144250,400.21,5000.0,400.21
19,785996,102,201,703250,7144250,403.09,5000.0,403.09
19,785997,103,201,704750,7144250,374.29,5000.0,374.29
19,785998,104,201,706250,7144250,352.87,5000.0,352.87
19,785999,105,201,707750,7144250,343.5,5000.0,343.5
19,786000,106,201,709250,7144250,343.5,5000.0,343.5
19,786001,107,201,710750,7144250,354.28,5000.0,354.28
19,786002,108,201,712250,7144250,344.55,5000.0,344.55
19,786003,109,201,713750,7144250,347.86,5000.0,347.86
19,786004,110,201,715250,7144250,345.68,5000.0,345.68
19,786005,111,201,716750,7144250,359.5,5000.0,359.5
19,786006,112,201,718250,7144250,310.57,5000.0,310.57
19,786007,113,201,719750,7144250,298.85,5000.0,298.85
19,786008,114,201,721250,7144250,301.55,5000.0,301.55
19,786009,115,201,722750,7144250,375.23,5000.0,375.23
19,786013,119,201,728750,7144250,277.0,5000.0,277.0
19,786014,120,201,730250,7144250,261.74,5000.0,261.74
19,786015,121,201,731750,7144250,251.19,5000.0,251.19
19,786016,122,201,733250,7144250,242.5,5000.0,242.5
19,786059,165,201,797750,7144250,247.0,5000.0,247.0
19,786060,166,201,799250,7144250,251.38,5000.0,251.38
19,786061,167,201,800750,7144250,259.03,5000.0,259.03
19,786062,168,201,802250,7144250,263.75,5000.0,263.75
19,786063,169,201,803750,7144250,276.12,5000.0,276.12
19,786064,170,201,805250,7144250,286.86,5000.0,286.86
19,786065,171,201,806750,7144250,290.42,5000.0,290.42
19,786066,172,201,808250,7144250,308.79,5000.0,308.79
19,786067,173,201,809750,7144250,281.88,5000.0,281.88
19,786068,174,201,811250,7144250,271.14,5000.0,271.14
19,786069,175,201,812750,7144250,270.42,5000.0,270.42
19,786070,176,201,814250,7144250,298.18,5000.0,298.18
19,786071,177,201,815750,7144250,271.7,5000.0,271.7
19,786073,2,202,553250,7142750,504.67,5000.0,504.67
19,786077,6,202,559250,7142750,485.81,5000.0,485.81
19,786078,7,202,560750,7142750,477.83,5000.0,477.83
19,786079,8,202,562250,7142750,455.11,5000.0,455.11
19,786080,9,202,563750,7142750,450.69,5000.0,450.69
19,786081,10,202,565250,7142750,451.86,5000.0,451.86
19,786082,11,202,566750,7142750,455.57,5000.0,455.57
19,786083,12,202,568250,7142750,448.87,5000.0,448.87
19,786084,13,202,569750,7142750,446.08,5000.0,446.08
19,786085,14,202,571250,7142750,462.04,5000.0,462.04
19,786086,15,202,572750,7142750,445.77,5000.0,445.77
19,786087,16,202,574250,7142750,425.91,5000.0,425.91
19,786089,18,202,577250,7142750,414.0,5000.0,414.0
19,786090,19,202,578750,7142750,414.0,5000.0,414.0
19,786091,20,202,580250,7142750,425.29,5000.0,425.29
19,786094,23,202,584750,7142750,402.43,5000.0,402.43
19,786097,26,202,589250,7142750,423.44,5000.0,423.44
19,786157,86,202,679250,7142750,358.34,5000.0,358.34
19,786158,93,202,689750,7142750,352.43,5000.0,352.43
19,786159,94,202,691250,7142750,345.58,5000.0,345.58
19,786160,95,202,692750,7142750,366.63,5000.0,366.63
19,786161,96,202,694250,7142750,363.67,5000.0,363.67
19,786162,97,202,695750,7142750,354.71,5000.0,354.71
19,786163,98,202,697250,7142750,367.92,5000.0,367.92
19,786164,99,202,698750,7142750,373.01,5000.0,373.01
19,786165,100,202,700250,7142750,372.21,5000.0,372.21
19,786166,101,202,701750,7142750,388.18,5000.0,388.18
19,786167,102,202,703250,7142750,375.02,5000.0,375.02
19,786168,103,202,704750,7142750,357.45,5000.0,357.45
19,786169,104,202,706250,7142750,367.69,5000.0,367.69
19,786170,105,202,707750,7142750,345.64,5000.0,345.64
19,786171,106,202,709250,7142750,376.33,5000.0,376.33
19,786172,107,202,710750,7142750,370.2,5000.0,370.2
19,786173,108,202,712250,7142750,358.04,5000.0,358.04
19,786174,109,202,713750,7142750,359.24,5000.0,359.24
19,786175,110,202,715250,7142750,319.76,5000.0,319.76
19,786176,111,202,716750,7142750,368.98,5000.0,368.98
19,786177,112,202,718250,7142750,335.52,5000.0,335.52
19,786178,113,202,719750,7142750,312.22,5000.0,312.22
19,786179,114,202,721250,7142750,306.6,5000.0,306.6
19,786180,115,202,722750,7142750,325.98,5000.0,325.98
19,786181,116,202,724250,7142750,342.7,5000.0,342.7
19,786182,117,202,725750,7142750,326.57,5000.0,326.57
19,786183,118,202,727250,7142750,292.67,5000.0,292.67
19,786185,120,202,730250,7142750,262.26,5000.0,262.26
19,786230,165,202,797750,7142750,235.33,5000.0,235.33
19,786231,166,202,799250,7142750,237.59,5000.0,237.59
19,786232,167,202,800750,7142750,240.14,5000.0,240.14
19,786233,168,202,802250,7142750,239.98,5000.0,239.98
19,786234,169,202,803750,7142750,250.8,5000.0,250.8
19,786235,170,202,805250,7142750,275.37,5000.0,275.37
19,786236,171,202,806750,7142750,271.26,5000.0,271.26
19,786237,172,202,808250,7142750,287.9,5000.0,287.9
19,786238,173,202,809750,7142750,277.17,5000.0,277.17
19,786239,174,202,811250,7142750,284.49,5000.0,284.49
19,786240,175,202,812750,7142750,290.83,5000.0,290.83
19,786241,176,202,814250,7142750,308.12,5000.0,308.12
19,786242,177,202,815750,7142750,296.7,5000.0,296.7
19,786243,178,202,817250,7142750,267.05,5000.0,267.05
19,786245,2,203,553250,7141250,511.93,5000.0,511.93
19,786250,7,203,560750,7141250,467.02,5000.0,467.02
19,786251,8,203,562250,7141250,457.11,5000.0,457.11
19,786252,9,203,563750,7141250,464.27,5000.0,464.27
19,786253,10,203,565250,7141250,468.91,5000.0,468.91
19,786254,11,203,566750,7141250,459.73,5000.0,459.73
19,786255,12,203,568250,7141250,455.92,5000.0,455.92
19,786256,13,203,569750,7141250,466.34,5000.0,466.34
19,786257,14,203,571250,7141250,452.07,5000.0,452.07
19,786258,15,203,572750,7141250,426.69,5000.0,426.69
19,786260,17,203,575750,7141250,414.0,5000.0,414.0
19,786266,23,203,584750,7141250,402.43,5000.0,402.43
19,786327,84,203,676250,7141250,368.03,5000.0,368.03
19,786328,85,203,677750,7141250,365.04,5000.0,365.04
19,786329,86,203,679250,7141250,358.67,5000.0,358.67
19,786330,87,203,680750,7141250,375.67,5000.0,375.67
19,786331,88,203,682250,7141250,405.82,5000.0,405.82
19,786332,90,203,685250,7141250,374.54,5000.0,374.54
19,786333,91,203,686750,7141250,362.99,5000.0,362.99
19,786334,93,203,689750,7141250,352.66,5000.0,352.66
19,786335,94,203,691250,7141250,366.73,5000.0,366.73
19,786336,95,203,692750,7141250,377.55,5000.0,377.55
19,786337,96,203,694250,7141250,379.79,5000.0,379.79
19,786338,97,203,695750,7141250,361.13,5000.0,361.13
19,786339,98,203,697250,7141250,390.13,5000.0,390.13
19,786340,99,203,698750,7141250,381.05,5000.0,381.05
19,786341,100,203,700250,7141250,388.0,5000.0,388.0
19,786342,101,203,701750,7141250,422.31,5000.0,422.31
19,786343,102,203,703250,7141250,369.79,5000.0,369.79
19,786344,103,203,704750,7141250,341.09,5000.0,341.09
19,786345,104,203,706250,7141250,386.38,5000.0,386.38
19,786346,105,203,707750,7141250,371.57,5000.0,371.57
19,786347,106,203,709250,7141250,352.46,5000.0,352.46
19,786348,107,203,710750,7141250,352.85,5000.0,352.85
19,786349,108,203,712250,7141250,338.28,5000.0,338.28
19,786350,109,203,713750,7141250,330.33,5000.0,330.33
19,786351,110,203,715250,7141250,311.45,5000.0,311.45
19,786352,111,203,716750,7141250,294.96,5000.0,294.96
19,786353,112,203,718250,7141250,308.61,5000.0,308.61
19,786354,113,203,719750,7141250,296.97,5000.0,296.97
19,786355,114,203,721250,7141250,289.28,5000.0,289.28
19,786356,115,203,722750,7141250,323.01,5000.0,323.01
19,786357,116,203,724250,7141250,312.82,5000.0,312.82
19,786358,117,203,725750,7141250,309.49,5000.0,309.49
19,786407,166,203,799250,7141250,226.79,5000.0,226.79
19,786408,167,203,800750,7141250,231.28,5000.0,231.28
19,786409,168,203,802250,7141250,230.45,5000.0,230.45
19,786410,169,203,803750,7141250,242.36,5000.0,242.36
19,786411,170,203,805250,7141250,246.35,5000.0,246.35
19,786412,171,203,806750,7141250,253.59,5000.0,253.59
19,786413,172,203,808250,7141250,264.29,5000.0,264.29
19,786414,173,203,809750,7141250,260.76,5000.0,260.76
19,786415,174,203,811250,7141250,276.57,5000.0,276.57
19,786416,175,203,812750,7141250,299.52,5000.0,299.52
19,786417,176,203,814250,7141250,311.24,5000.0,311.24
19,786418,177,203,815750,7141250,291.23,5000.0,291.23
19,786419,178,203,817250,7141250,288.5,5000.0,288.5
19,786425,6,204,559250,7139750,470.95,5000.0,470.95
19,786431,12,204,568250,7139750,463.46,5000.0,463.46
19,786432,13,204,569750,7139750,453.6,5000.0,453.6
19,786504,85,204,677750,7139750,361.95,5000.0,361.95
19,786505,86,204,679250,7139750,375.13,5000.0,375.13
19,786506,87,204,680750,7139750,375.67,5000.0,375.67
19,786507,88,204,682250,7139750,404.92,5000.0,404.92
19,786508,89,204,683750,7139750,387.53,5000.0,387.53
19,786509,90,204,685250,7139750,373.82,5000.0,373.82
19,786510,91,204,686750,7139750,360.65,5000.0,360.65
19,786511,92,204,688250,7139750,346.36,5000.0,346.36
19,786512,93,204,689750,7139750,360.84,5000.0,360.84
19,786513,94,204,691250,7139750,354.61,5000.0,354.61
19,786514,95,204,692750,7139750,377.41,5000.0,377.41
19,786515,96,204,694250,7139750,404.39,5000.0,404.39
19,786516,97,204,695750,7139750,415.03,5000.0,415.03
19,786517,98,204,697250,7139750,408.99,5000.0,408.99
19,786518,99,204,698750,7139750,419.31,5000.0,419.31
19,786519,100,204,700250,7139750,383.94,5000.0,383.94
19,786520,101,204,701750,7139750,347.7,5000.0,347.7
19,786521,102,204,703250,7139750,330.96,5000.0,330.96
19,786522,103,204,704750,7139750,324.73,5000.0,324.73
19,786523,104,204,706250,7139750,352.18,5000.0,352.18
19,786524,105,204,707750,7139750,339.28,5000.0,339.28
19,786525,106,204,709250,7139750,348.96,5000.0,348.96
19,786526,107,204,710750,7139750,328.46,5000.0,328.46
19,786527,108,204,712250,7139750,320.7,5000.0,320.7
19,786528,109,204,713750,7139750,319.94,5000.0,319.94
19,786529,110,204,715250,7139750,317.85,5000.0,317.85
19,786530,111,204,716750,7139750,287.7,5000.0,287.7
19,786531,112,204,718250,7139750,282.04,5000.0,282.04
19,786532,113,204,719750,7139750,283.08,5000.0,283.08
19,786533,114,204,721250,7139750,279.35,5000.0,279.35
19,786534,115,204,722750,7139750,304.17,5000.0,304.17
19,786535,116,204,724250,7139750,308.01,5000.0,308.01
19,786536,117,204,725750,7139750,289.22,5000.0,289.22
19,786537,118,204,727250,7139750,277.01,5000.0,277.01
19,786540,121,204,731750,7139750,254.82,5000.0,254.82
19,786541,122,204,733250,7139750,243.2,5000.0,243.2
19,786586,167,204,800750,7139750,224.31,5000.0,224.31
19,786587,168,204,802250,7139750,227.63,5000.0,227.63
19,786588,169,204,803750,7139750,229.02,5000.0,229.02
19,786589,170,204,805250,7139750,233.17,5000.0,233.17
19,786590,171,204,806750,7139750,237.18,5000.0,237.18
19,786591,172,204,808250,7139750,245.51,5000.0,245.51
19,786592,173,204,809750,7139750,252.28,5000.0,252.28
19,786593,174,204,811250,7139750,265.17,5000.0,265.17
19,786594,175,204,812750,7139750,278.14,5000.0,278.14
19,786595,176,204,814250,7139750,285.64,5000.0,285.64
19,786596,177,204,815750,7139750,307.67,5000.0,307.67
19,786597,178,204,817250,7139750,292.02,5000.0,292.02
19,786682,85,205,677750,7138250,362.76,5000.0,362.76
19,786683,86,205,679250,7138250,375.67,5000.0,375.67
19,786684,87,205,680750,7138250,375.67,5000.0,375.67
19,786685,88,205,682250,7138250,400.58,5000.0,400.58
19,786686,89,205,683750,7138250,370.78,5000.0,370.78
19,786687,90,205,685250,7138250,363.52,5000.0,363.52
19,786688,91,205,686750,7138250,360.89,5000.0,360.89
19,786689,92,205,688250,7138250,347.03,5000.0,347.03
19,786690,93,205,689750,7138250,346.36,5000.0,346.36
19,786691,94,205,691250,7138250,350.26,5000.0,350.26
19,786692,95,205,692750,7138250,380.92,5000.0,380.92
19,786693,96,205,694250,7138250,385.75,5000.0,385.75
19,786694,97,205,695750,7138250,399.83,5000.0,399.83
19,786695,98,205,697250,7138250,444.92,5000.0,444.92
19,786696,99,205,698750,7138250,438.37,5000.0,438.37
19,786697,100,205,700250,7138250,401.91,5000.0,401.91
19,786698,101,205,701750,7138250,373.76,5000.0,373.76
19,786699,102,205,703250,7138250,354.33,5000.0,354.33
19,786700,103,205,704750,7138250,317.03,5000.0,317.03
19,786701,104,205,706250,7138250,320.21,5000.0,320.21
19,786702,105,205,707750,7138250,303.93,5000.0,303.93
19,786703,106,205,709250,7138250,306.69,5000.0,306.69
19,786704,107,205,710750,7138250,308.2,5000.0,308.2
19,786705,108,205,712250,7138250,296.85,5000.0,296.85
19,786706,109,205,713750,7138250,320.39,5000.0,320.39
19,786707,110,205,715250,7138250,281.65,5000.0,281.65
19,786708,111,205,716750,7138250,279.49,5000.0,279.49
19,786709,112,205,718250,7138250,277.7,5000.0,277.7
19,786710,113,205,719750,7138250,275.31,5000.0,275.31
19,786711,114,205,721250,7138250,270.06,5000.0,270.06
19,786712,115,205,722750,7138250,273.2,5000.0,273.2
19,786713,116,205,724250,7138250,286.82,5000.0,286.82
19,786714,117,205,725750,7138250,263.81,5000.0,263.81
19,786715,118,205,727250,7138250,265.49,5000.0,265.49
19,786764,167,205,800750,7138250,224.46,5000.0,224.46
19,786765,168,205,802250,7138250,227.05,5000.0,227.05
19,786766,169,205,803750,7138250,230.46,5000.0,230.46
19,786767,170,205,805250,7138250,233.85,5000.0,233.85
19,786768,171,205,806750,7138250,237.57,5000.0,237.57
19,786769,172,205,808250,7138250,237.83,5000.0,237.83
19,786770,173,205,809750,7138250,241.15,5000.0,241.15
19,786771,174,205,811250,7138250,244.82,5000.0,244.82
19,786772,175,205,812750,7138250,261.07,5000.0,261.07
19,786773,176,205,814250,7138250,269.08,5000.0,269.08
19,786774,177,205,815750,7138250,295.1,5000.0,295.1
19,786775,178,205,817250,7138250,296.43,5000.0,296.43
19,786859,84,206,676250,7136750,364.5,5000.0,364.5
19,786860,85,206,677750,7136750,375.53,5000.0,375.53
19,786861,86,206,679250,7136750,375.67,5000.0,375.67
19,786862,87,206,680750,7136750,390.47,5000.0,390.47
19,786863,88,206,682250,7136750,372.02,5000.0,372.02
19,786864,89,206,683750,7136750,368.95,5000.0,368.95
19,786865,90,206,685250,7136750,370.8,5000.0,370.8
19,786866,91,206,686750,7136750,363.79,5000.0,363.79
19,786867,92,206,688250,7136750,352.04,5000.0,352.04
19,786868,93,206,689750,7136750,352.58,5000.0,352.58
19,786869,94,206,691250,7136750,362.83,5000.0,362.83
19,786870,95,206,692750,7136750,363.03,5000.0,363.03
19,786871,96,206,694250,7136750,374.03,5000.0,374.03
19,786872,97,206,695750,7136750,387.88,5000.0,387.88
19,786873,98,206,697250,7136750,414.79,5000.0,414.79
19,786874,99,206,698750,7136750,424.27,5000.0,424.27
19,786875,100,206,700250,7136750,379.17,5000.0,379.17
19,786876,101,206,701750,7136750,362.79,5000.0,362.79
19,786877,102,206,703250,7136750,333.83,5000.0,333.83
19,786878,103,206,704750,7136750,312.15,5000.0,312.15
19,786879,104,206,706250,7136750,304.73,5000.0,304.73
19,786880,105,206,707750,7136750,300.57,5000.0,300.57
19,786881,106,206,709250,7136750,295.58,5000.0,295.58
19,786882,107,206,710750,7136750,292.47,5000.0,292.47
19,786883,108,206,712250,7136750,289.74,5000.0,289.74
19,786884,109,206,713750,7136750,285.8,5000.0,285.8
19,786885,110,206,715250,7136750,282.0,5000.0,282.0
19,786886,111,206,716750,7136750,279.39,5000.0,279.39
19,786887,112,206,718250,7136750,276.81,5000.0,276.81
19,786888,113,206,719750,7136750,273.24,5000.0,273.24
19,786889,114,206,721250,7136750,269.28,5000.0,269.28
19,786890,115,206,722750,7136750,268.73,5000.0,268.73
19,786891,116,206,724250,7136750,268.23,5000.0,268.23
19,786892,117,206,725750,7136750,262.39,5000.0,262.39
19,786893,118,206,727250,7136750,261.14,5000.0,261.14
19,786942,167,206,800750,7136750,227.23,5000.0,227.23
19,786943,168,206,802250,7136750,228.59,5000.0,228.59
19,786944,169,206,803750,7136750,230.3,5000.0,230.3
19,786945,170,206,805250,7136750,252.83,5000.0,252.83
19,786946,171,206,806750,7136750,252.79,5000.0,252.79
19,786947,172,206,808250,7136750,247.76,5000.0,247.76
19,786948,173,206,809750,7136750,245.61,5000.0,245.61
19,786949,174,206,811250,7136750,243.59,5000.0,243.59
19,786950,175,206,812750,7136750,250.66,5000.0,250.66
19,786951,176,206,814250,7136750,261.27,5000.0,261.27
19,786952,177,206,815750,7136750,278.85,5000.0,278.85
19,786953,178,206,817250,7136750,319.62,5000.0,319.62
19,786954,180,206,820250,7136750,343.72,5000.0,343.72
19,787039,85,207,677750,7135250,377.27,5000.0,377.27
19,787040,86,207,679250,7135250,387.25,5000.0,387.25
19,787041,87,207,680750,7135250,380.62,5000.0,380.62
19,787042,88,207,682250,7135250,373.8,5000.0,373.8
19,787043,89,207,683750,7135250,378.95,5000.0,378.95
19,787044,90,207,685250,7135250,376.29,5000.0,376.29
19,787045,91,207,686750,7135250,361.12,5000.0,361.12
19,787046,92,207,688250,7135250,359.16,5000.0,359.16
19,787047,93,207,689750,7135250,358.67,5000.0,358.67
19,787049,95,207,692750,7135250,377.81,5000.0,377.81
19,787050,96,207,694250,7135250,395.05,5000.0,395.05
19,787051,97,207,695750,7135250,420.65,5000.0,420.65
19,787052,98,207,697250,7135250,386.19,5000.0,386.19
19,787053,99,207,698750,7135250,388.83,5000.0,388.83
19,787054,100,207,700250,7135250,366.78,5000.0,366.78
19,787055,101,207,701750,7135250,342.75,5000.0,342.75
19,787056,102,207,703250,7135250,319.31,5000.0,319.31
19,787057,103,207,704750,7135250,312.57,5000.0,312.57
19,787058,104,207,706250,7135250,306.87,5000.0,306.87
19,787059,105,207,707750,7135250,308.15,5000.0,308.15
19,787060,106,207,709250,7135250,313.11,5000.0,313.11
19,787061,107,207,710750,7135250,321.67,5000.0,321.67
19,787062,108,207,712250,7135250,295.89,5000.0,295.89
19,787063,109,207,713750,7135250,292.96,5000.0,292.96
19,787064,110,207,715250,7135250,306.0,5000.0,306.0
19,787065,111,207,716750,7135250,297.13,5000.0,297.13
19,787066,112,207,718250,7135250,289.52,5000.0,289.52
19,787067,113,207,719750,7135250,280.14,5000.0,280.14
19,787068,114,207,721250,7135250,273.26,5000.0,273.26
19,787069,115,207,722750,7135250,269.4,5000.0,269.4
19,787070,116,207,724250,7135250,289.83,5000.0,289.83
19,787071,117,207,725750,7135250,258.07,5000.0,258.07
19,787072,118,207,727250,7135250,254.2,5000.0,254.2
19,787073,119,207,728750,7135250,244.76,5000.0,244.76
19,787123,169,207,803750,7135250,232.53,5000.0,232.53
19,787124,170,207,805250,7135250,243.51,5000.0,243.51
19,787125,171,207,806750,7135250,264.62,5000.0,264.62
19,787126,172,207,808250,7135250,271.37,5000.0,271.37
19,787127,173,207,809750,7135250,258.6,5000.0,258.6
19,787128,174,207,811250,7135250,246.45,5000.0,246.45
19,787129,175,207,812750,7135250,247.72,5000.0,247.72
19,787130,176,207,814250,7135250,267.89,5000.0,267.89
19,787131,177,207,815750,7135250,278.43,5000.0,278.43
19,787132,178,207,817250,7135250,307.46,5000.0,307.46
19,787133,179,207,818750,7135250,306.34,5000.0,306.34
19,787134,180,207,820250,7135250,312.87,5000.0,312.87
19,787135,181,207,821750,7135250,334.14,5000.0,334.14
19,787221,86,208,679250,7133750,389.87,5000.0,389.87
19,787222,87,208,680750,7133750,383.32,5000.0,383.32
19,787223,88,208,682250,7133750,388.3,5000.0,388.3
19,787224,89,208,683750,7133750,394.19,5000.0,394.19
19,787225,90,208,685250,7133750,375.45,5000.0,375.45
19,787226,91,208,686750,7133750,369.91,5000.0,369.91
19,787227,92,208,688250,7133750,366.58,5000.0,366.58
19,787229,94,208,691250,7133750,394.5,5000.0,394.5
19,787231,96,208,694250,7133750,423.13,5000.0,423.13
19,787232,97,208,695750,7133750,395.1,5000.0,395.1
19,787233,98,208,697250,7133750,368.02,5000.0,368.02
19,787234,99,208,698750,7133750,347.33,5000.0,347.33
19,787235,100,208,700250,7133750,338.74,5000.0,338.74
19,787236,101,208,701750,7133750,341.86,5000.0,341.86
19,787237,102,208,703250,7133750,316.41,5000.0,316.41
19,787238,103,208,704750,7133750,312.95,5000.0,312.95
19,787239,104,208,706250,7133750,338.16,5000.0,338.16
19,787240,105,208,707750,7133750,324.54,5000.0,324.54
19,787241,106,208,709250,7133750,345.56,5000.0,345.56
19,787242,107,208,710750,7133750,325.49,5000.0,325.49
19,787243,108,208,712250,7133750,321.21,5000.0,321.21
19,787244,109,208,713750,7133750,310.1,5000.0,310.1
19,787245,110,208,715250,7133750,319.07,5000.0,319.07
19,787246,111,208,716750,7133750,310.65,5000.0,310.65
19,787247,112,208,718250,7133750,294.11,5000.0,294.11
19,787248,113,208,719750,7133750,286.13,5000.0,286.13
19,787249,114,208,721250,7133750,310.74,5000.0,310.74
19,787250,115,208,722750,7133750,310.01,5000.0,310.01
19,787251,116,208,724250,7133750,313.88,5000.0,313.88
19,787252,117,208,725750,7133750,276.93,5000.0,276.93
19,787306,171,208,806750,7133750,267.96,5000.0,267.96
19,787307,172,208,808250,7133750,285.4,5000.0,285.4
19,787308,173,208,809750,7133750,269.61,5000.0,269.61
19,787309,174,208,811250,7133750,249.22,5000.0,249.22
19,787310,175,208,812750,7133750,249.5,5000.0,249.5
19,787311,176,208,814250,7133750,273.23,5000.0,273.23
19,787312,177,208,815750,7133750,274.44,5000.0,274.44
19,787313,178,208,817250,7133750,278.56,5000.0,278.56
19,787314,179,208,818750,7133750,318.76,5000.0,318.76
19,787315,180,208,820250,7133750,332.34,5000.0,332.34
19,787316,181,208,821750,7133750,335.15,5000.0,335.15
19,787317,182,208,823250,7133750,365.47,5000.0,365.47
19,787403,86,209,679250,7132250,393.19,5000.0,393.19
19,787404,87,209,680750,7132250,396.07,5000.0,396.07
19,787409,92,209,688250,7132250,375.92,5000.0,375.92
19,787410,93,209,689750,7132250,379.44,5000.0,379.44
19,787413,96,209,694250,7132250,413.14,5000.0,413.14
19,787414,97,209,695750,7132250,378.1,5000.0,378.1
19,787415,98,209,697250,7132250,346.78,5000.0,346.78
19,787416,99,209,698750,7132250,339.13,5000.0,339.13
19,787417,100,209,700250,7132250,335.63,5000.0,335.63
19,787418,101,209,701750,7132250,327.69,5000.0,327.69
19,787419,102,209,703250,7132250,323.95,5000.0,323.95
19,787420,103,209,704750,7132250,330.65,5000.0,330.65
19,787421,104,209,706250,7132250,356.23,5000.0,356.23
19,787422,105,209,707750,7132250,365.41,5000.0,365.41
19,787423,106,209,709250,7132250,393.98,5000.0,393.98
19,787424,107,209,710750,7132250,362.29,5000.0,362.29
19,787425,108,209,712250,7132250,366.46,5000.0,366.46
19,787426,109,209,713750,7132250,348.43,5000.0,348.43
19,787427,110,209,715250,7132250,356.67,5000.0,356.67
19,787428,111,209,716750,7132250,364.88,5000.0,364.88
19,787429,112,209,718250,7132250,350.1,5000.0,350.1
19,787430,113,209,719750,7132250,353.75,5000.0,353.75
19,787431,114,209,721250,7132250,361.48,5000.0,361.48
19,787432,115,209,722750,7132250,351.62,5000.0,351.62
19,787433,116,209,724250,7132250,304.29,5000.0,304.29
19,787434,117,209,725750,7132250,280.39,5000.0,280.39
19,787488,171,209,806750,7132250,251.66,5000.0,251.66
19,787489,172,209,808250,7132250,264.37,5000.0,264.37
19,787490,173,209,809750,7132250,271.49,5000.0,271.49
19,787491,174,209,811250,7132250,266.23,5000.0,266.23
19,787492,175,209,812750,7132250,250.56,5000.0,250.56
19,787493,176,209,814250,7132250,253.45,5000.0,253.45
19,787494,177,209,815750,7132250,258.48,5000.0,258.48
19,787495,178,209,817250,7132250,276.19,5000.0,276.19
19,787496,179,209,818750,7132250,316.1,5000.0,316.1
19,787497,180,209,820250,7132250,317.45,5000.0,317.45
19,787498,181,209,821750,7132250,336.12,5000.0,336.12
19,787499,182,209,823250,7132250,345.35,5000.0,345.35
19,787594,95,210,692750,7130750,409.31,5000.0,409.31
19,787595,96,210,694250,7130750,388.36,5000.0,388.36
19,787596,97,210,695750,7130750,376.17,5000.0,376.17
19,787597,98,210,697250,7130750,349.49,5000.0,349.49
19,787598,99,210,698750,7130750,344.8,5000.0,344.8
19,787599,100,210,700250,7130750,336.64,5000.0,336.64
19,787600,101,210,701750,7130750,345.39,5000.0,345.39
19,787601,102,210,703250,7130750,359.83,5000.0,359.83
19,787602,103,210,704750,7130750,372.54,5000.0,372.54
19,787603,104,210,706250,7130750,374.86,5000.0,374.86
19,787604,105,210,707750,7130750,371.62,5000.0,371.62
19,787605,106,210,709250,7130750,347.54,5000.0,347.54
19,787606,107,210,710750,7130750,349.46,5000.0,349.46
19,787607,108,210,712250,7130750,352.16,5000.0,352.16
19,787608,109,210,713750,7130750,327.63,5000.0,327.63
19,787609,110,210,715250,7130750,329.93,5000.0,329.93
19,787610,111,210,716750,7130750,367.64,5000.0,367.64
19,787611,112,210,718250,7130750,332.55,5000.0,332.55
19,787612,113,210,719750,7130750,355.96,5000.0,355.96
19,787613,114,210,721250,7130750,351.83,5000.0,351.83
19,787614,115,210,722750,7130750,324.6,5000.0,324.6
19,787615,116,210,724250,7130750,301.11,5000.0,301.11
19,787616,117,210,725750,7130750,287.93,5000.0,287.93
19,787670,171,210,806750,7130750,254.07,5000.0,254.07
19,787671,172,210,808250,7130750,260.28,5000.0,260.28
19,787672,173,210,809750,7130750,288.61,5000.0,288.61
19,787673,174,210,811250,7130750,262.61,5000.0,262.61
19,787674,175,210,812750,7130750,259.87,5000.0,259.87
19,787675,176,210,814250,7130750,254.19,5000.0,254.19
19,787676,177,210,815750,7130750,255.79,5000.0,255.79
19,787677,178,210,817250,7130750,274.78,5000.0,274.78
19,787678,179,210,818750,7130750,301.37,5000.0,301.37
19,787679,180,210,820250,7130750,285.96,5000.0,285.96
19,787680,181,210,821750,7130750,312.66,5000.0,312.66
19,787681,182,210,823250,7130750,307.1,5000.0,307.1
19,787776,95,211,692750,7129250,393.79,5000.0,393.79
19,787777,96,211,694250,7129250,378.37,5000.0,378.37
19,787778,97,211,695750,7129250,364.3,5000.0,364.3
19,787779,98,211,697250,7129250,360.95,5000.0,360.95
19,787780,99,211,698750,7129250,369.13,5000.0,369.13
19,787783,102,211,703250,7129250,367.5,5000.0,367.5
19,787784,103,211,704750,7129250,339.85,5000.0,339.85
19,787785,104,211,706250,7129250,350.84,5000.0,350.84
19,787786,105,211,707750,7129250,357.29,5000.0,357.29
19,787787,106,211,709250,7129250,333.51,5000.0,333.51
19,787788,107,211,710750,7129250,314.6,5000.0,314.6
19,787789,108,211,712250,7129250,331.15,5000.0,331.15
19,787790,109,211,713750,7129250,306.7,5000.0,306.7
19,787791,110,211,715250,7129250,315.61,5000.0,315.61
19,787792,111,211,716750,7129250,359.36,5000.0,359.36
19,787793,112,211,718250,7129250,310.66,5000.0,310.66
19,787796,115,211,722750,7129250,326.4,5000.0,326.4
19,787797,116,211,724250,7129250,324.6,5000.0,324.6
19,787798,117,211,725750,7129250,301.02,5000.0,301.02
19,787852,171,211,806750,7129250,262.76,5000.0,262.76
19,787853,172,211,808250,7129250,269.9,5000.0,269.9
19,787854,173,211,809750,7129250,274.74,5000.0,274.74
19,787855,174,211,811250,7129250,278.54,5000.0,278.54
19,787856,175,211,812750,7129250,261.54,5000.0,261.54
19,787859,178,211,817250,7129250,262.3,5000.0,262.3
19,787860,179,211,818750,7129250,265.75,5000.0,265.75
19,787861,180,211,820250,7129250,274.17,5000.0,274.17
19,787862,181,211,821750,7129250,288.78,5000.0,288.78
19,787957,95,212,692750,7127750,398.4,5000.0,398.4
19,787958,96,212,694250,7127750,390.91,5000.0,390.91
19,787962,100,212,700250,7127750,364.67,5000.0,364.67
19,787963,101,212,701750,7127750,346.96,5000.0,346.96
19,787965,103,212,704750,7127750,324.25,5000.0,324.25
19,787969,107,212,710750,7127750,305.82,5000.0,305.82
19,787970,108,212,712250,7127750,302.01,5000.0,302.01
19,787971,109,212,713750,7127750,319.5,5000.0,319.5
19,787972,110,212,715250,7127750,287.05,5000.0,287.05
19,787973,111,212,716750,7127750,328.14,5000.0,328.14
19,787974,112,212,718250,7127750,288.93,5000.0,288.93
19,787977,115,212,722750,7127750,293.57,5000.0,293.57
19,788033,171,212,806750,7127750,274.88,5000.0,274.88
19,788034,172,212,808250,7127750,283.4,5000.0,283.4
19,788037,175,212,812750,7127750,264.65,5000.0,264.65
19,788040,178,212,817250,7127750,262.23,5000.0,262.23
19,788041,179,212,818750,7127750,281.91,5000.0,281.91
19,788042,180,212,820250,7127750,273.08,5000.0,273.08
19,788043,181,212,821750,7127750,296.97,5000.0,296.97
19,788044,182,212,823250,7127750,304.1,5000.0,304.1
19,788142,98,213,697250,7126250,358.57,5000.0,358.57
19,788146,102,213,703250,7126250,331.78,5000.0,331.78
19,788147,103,213,704750,7126250,315.52,5000.0,315.52
19,788150,106,213,709250,7126250,323.45,5000.0,323.45
19,788151,107,213,710750,7126250,322.75,5000.0,322.75
19,788152,108,213,712250,7126250,288.11,5000.0,288.11
19,788153,109,213,713750,7126250,275.1,5000.0,275.1
19,788154,110,213,715250,7126250,272.07,5000.0,272.07
19,788155,111,213,716750,7126250,256.73,5000.0,256.73
19,788156,112,213,718250,7126250,249.79,5000.0,249.79
19,788157,113,213,719750,7126250,252.18,5000.0,252.18
19,788222,178,213,817250,7126250,280.71,5000.0,280.71
19,788223,179,213,818750,7126250,284.51,5000.0,284.51
19,788224,180,213,820250,7126250,287.11,5000.0,287.11
19,788225,182,213,823250,7126250,334.75,5000.0,334.75
19,788324,99,214,698750,7124750,334.24,5000.0,334.24
19,788325,100,214,700250,7124750,327.73,5000.0,327.73
19,788329,104,214,706250,7124750,293.79,5000.0,293.79
19,788331,106,214,709250,7124750,292.97,5000.0,292.97
19,788332,107,214,710750,7124750,284.01,5000.0,284.01
19,788334,109,214,713750,7124750,258.99,5000.0,258.99
19,788335,110,214,715250,7124750,251.29,5000.0,251.29
19,788336,111,214,716750,7124750,249.88,5000.0,249.88
19,788337,112,214,718250,7124750,249.79,5000.0,249.79
19,788338,113,214,719750,7124750,247.75,5000.0,247.75
19,788402,177,214,815750,7124750,270.41,5000.0,270.41
19,788403,178,214,817250,7124750,295.97,5000.0,295.97
19,788404,179,214,818750,7124750,309.71,5000.0,309.71
19,788405,180,214,820250,7124750,304.41,5000.0,304.41
19,788406,181,214,821750,7124750,315.58,5000.0,315.58
19,788407,182,214,823250,7124750,325.29,5000.0,325.29
19,788512,105,215,707750,7123250,289.2,5000.0,289.2
19,788513,106,215,709250,7123250,270.32,5000.0,270.32
19,788514,107,215,710750,7123250,264.71,5000.0,264.71
19,788515,108,215,712250,7123250,265.13,5000.0,265.13
19,788516,109,215,713750,7123250,262.5,5000.0,262.5
19,788517,110,215,715250,7123250,266.77,5000.0,266.77
19,788518,111,215,716750,7123250,257.72,5000.0,257.72
19,788519,112,215,718250,7123250,287.22,5000.0,287.22
19,788584,177,215,815750,7123250,278.61,5000.0,278.61
19,788585,178,215,817250,7123250,287.09,5000.0,287.09
19,788586,179,215,818750,7123250,319.26,5000.0,319.26
19,788587,180,215,820250,7123250,328.67,5000.0,328.67
19,788588,181,215,821750,7123250,334.71,5000.0,334.71
19,788589,182,215,823250,7123250,329.35,5000.0,329.35
19,788695,106,216,709250,7121750,270.38,5000.0,270.38
19,788696,107,216,710750,7121750,273.04,5000.0,273.04
19,788697,108,216,712250,7121750,264.71,5000.0,264.71
19,788698,109,216,713750,7121750,265.65,5000.0,265.65
19,788699,110,216,715250,7121750,292.24,5000.0,292.24
19,788768,179,216,818750,7121750,301.27,5000.0,301.27
19,788769,180,216,820250,7121750,317.97,5000.0,317.97
19,788770,181,216,821750,7121750,324.17,5000.0,324.17
19,788771,184,216,826250,7121750,309.22,5000.0,309.22
19,788772,185,216,827750,7121750,337.28,5000.0,337.28
19,788773,186,216,829250,7121750,358.62,5000.0,358.62
19,788774,187,216,830750,7121750,398.69,5000.0,398.69
19,788775,188,216,832250,7121750,395.25,5000.0,395.25
19,788880,105,217,707750,7120250,273.96,5000.0,273.96
19,788881,106,217,709250,7120250,272.29,5000.0,272.29
19,788882,107,217,710750,7120250,290.79,5000.0,290.79
19,788883,108,217,712250,7120250,274.89,5000.0,274.89
19,788884,109,217,713750,7120250,283.61,5000.0,283.61
19,788954,179,217,818750,7120250,324.79,5000.0,324.79
19,788955,180,217,820250,7120250,332.11,5000.0,332.11
19,788956,181,217,821750,7120250,333.09,5000.0,333.09
19,788957,182,217,823250,7120250,321.14,5000.0,321.14
19,788958,183,217,824750,7120250,311.18,5000.0,311.18
19,788959,184,217,826250,7120250,305.47,5000.0,305.47
19,788960,185,217,827750,7120250,323.86,5000.0,323.86
19,788961,186,217,829250,7120250,337.3,5000.0,337.3
19,788962,187,217,830750,7120250,387.5,5000.0,387.5
19,788963,188,217,832250,7120250,410.25,5000.0,410.25
19,788964,189,217,833750,7120250,387.43,5000.0,387.43
19,788965,190,217,835250,7120250,421.61,5000.0,421.61
19,788966,191,217,836750,7120250,410.47,5000.0,410.47
19,789071,105,218,707750,7118750,275.54,5000.0,275.54
19,789074,108,218,712250,7118750,290.83,5000.0,290.83
19,789075,109,218,713750,7118750,301.29,5000.0,301.29
19,789076,110,218,715250,7118750,282.08,5000.0,282.08
19,789146,180,218,820250,7118750,345.55,5000.0,345.55
19,789147,181,218,821750,7118750,338.41,5000.0,338.41
19,789148,182,218,823250,7118750,338.51,5000.0,338.51
19,789149,183,218,824750,7118750,320.35,5000.0,320.35
19,789150,184,218,826250,7118750,310.26,5000.0,310.26
19,789151,185,218,827750,7118750,321.44,5000.0,321.44
19,789152,186,218,829250,7118750,351.66,5000.0,351.66
19,789153,187,218,830750,7118750,379.43,5000.0,379.43
19,789154,188,218,832250,7118750,386.14,5000.0,386.14
19,789155,189,218,833750,7118750,383.01,5000.0,383.01
19,789156,190,218,835250,7118750,456.12,5000.0,456.12
19,789157,191,218,836750,7118750,442.64,5000.0,442.64
19,789158,192,218,838250,7118750,414.5,5000.0,414.5
19,789338,180,219,820250,7117250,326.56,5000.0,326.56
19,789339,181,219,821750,7117250,341.57,5000.0,341.57
19,789340,182,219,823250,7117250,331.04,5000.0,331.04
19,789341,183,219,824750,7117250,319.04,5000.0,319.04
19,789342,184,219,826250,7117250,316.99,5000.0,316.99
19,789343,185,219,827750,7117250,321.12,5000.0,321.12
19,789344,186,219,829250,7117250,331.46,5000.0,331.46
19,789345,187,219,830750,7117250,353.61,5000.0,353.61
19,789346,188,219,832250,7117250,375.05,5000.0,375.05
19,789347,189,219,833750,7117250,373.34,5000.0,373.34
19,789348,190,219,835250,7117250,423.77,5000.0,423.77
19,789349,191,219,836750,7117250,425.23,5000.0,425.23
19,789350,192,219,838250,7117250,421.76,5000.0,421.76
19,789529,179,220,818750,7115750,302.48,5000.0,302.48
19,789530,180,220,820250,7115750,308.87,5000.0,308.87
19,789531,181,220,821750,7115750,327.98,5000.0,327.98
19,789532,182,220,823250,7115750,339.16,5000.0,339.16
19,789533,183,220,824750,7115750,334.63,5000.0,334.63
19,789534,184,220,826250,7115750,320.73,5000.0,320.73
19,789535,185,220,827750,7115750,326.22,5000.0,326.22
19,789536,186,220,829250,7115750,338.83,5000.0,338.83
19,789537,187,220,830750,7115750,347.03,5000.0,347.03
19,789538,188,220,832250,7115750,357.76,5000.0,357.76
19,789539,189,220,833750,7115750,360.57,5000.0,360.57
19,789540,190,220,835250,7115750,393.65,5000.0,393.65
19,789541,191,220,836750,7115750,394.58,5000.0,394.58
19,789542,192,220,838250,7115750,364.16,5000.0,364.16
19,789543,193,220,839750,7115750,378.33,5000.0,378.33
19,789544,194,220,841250,7115750,379.93,5000.0,379.93
19,789545,195,220,842750,7115750,356.49,5000.0,356.49
19,789546,196,220,844250,7115750,338.71,5000.0,338.71
19,789725,179,221,818750,7114250,291.32,5000.0,291.32
19,789726,180,221,820250,7114250,294.71,5000.0,294.71
19,789727,181,221,821750,7114250,310.42,5000.0,310.42
19,789728,182,221,823250,7114250,319.0,5000.0,319.0
19,789729,183,221,824750,7114250,335.37,5000.0,335.37
19,789730,184,221,826250,7114250,328.1,5000.0,328.1
19,789731,185,221,827750,7114250,329.83,5000.0,329.83
19,789732,186,221,829250,7114250,344.93,5000.0,344.93
19,789733,187,221,830750,7114250,361.03,5000.0,361.03
19,789734,188,221,832250,7114250,357.2,5000.0,357.2
19,789735,189,221,833750,7114250,345.57,5000.0,345.57
19,789736,190,221,835250,7114250,347.8,5000.0,347.8
19,789737,191,221,836750,7114250,349.01,5000.0,349.01
19,789738,192,221,838250,7114250,351.23,5000.0,351.23
19,789739,195,221,842750,7114250,353.12,5000.0,353.12
19,789740,196,221,844250,7114250,331.01,5000.0,331.01
19,789920,180,222,820250,7112750,303.51,5000.0,303.51
19,789921,181,222,821750,7112750,301.89,5000.0,301.89
19,789922,182,222,823250,7112750,305.19,5000.0,305.19
19,789923,183,222,824750,7112750,310.54,5000.0,310.54
19,789924,184,222,826250,7112750,314.89,5000.0,314.89
19,789925,185,222,827750,7112750,330.16,5000.0,330.16
19,789926,186,222,829250,7112750,340.74,5000.0,340.74
19,789927,187,222,830750,7112750,352.35,5000.0,352.35
19,789928,188,222,832250,7112750,357.71,5000.0,357.71
19,789929,189,222,833750,7112750,345.7,5000.0,345.7
19,789930,190,222,835250,7112750,337.39,5000.0,337.39
19,789931,191,222,836750,7112750,330.4,5000.0,330.4
19,789932,192,222,838250,7112750,327.6,5000.0,327.6
19,789933,194,222,841250,7112750,322.54,5000.0,322.54
19,789934,195,222,842750,7112750,319.56,5000.0,319.56
19,789935,196,222,844250,7112750,315.44,5000.0,315.44
19,790116,181,223,821750,7111250,305.82,5000.0,305.82
19,790117,182,223,823250,7111250,307.32,5000.0,307.32
19,790118,183,223,824750,7111250,310.08,5000.0,310.08
19,790119,184,223,826250,7111250,316.37,5000.0,316.37
19,790120,185,223,827750,7111250,326.29,5000.0,326.29
19,790121,186,223,829250,7111250,336.89,5000.0,336.89
19,790122,187,223,830750,7111250,347.19,5000.0,347.19
19,790123,188,223,832250,7111250,367.85,5000.0,367.85
19,790124,189,223,833750,7111250,354.21,5000.0,354.21
19,790125,190,223,835250,7111250,342.21,5000.0,342.21
19,790126,191,223,836750,7111250,342.12,5000.0,342.12
19,790127,192,223,838250,7111250,340.89,5000.0,340.89
19,790128,193,223,839750,7111250,340.57,5000.0,340.57
19,790129,194,223,841250,7111250,338.49,5000.0,338.49
19,790130,195,223,842750,7111250,321.08,5000.0,321.08
19,790131,196,223,844250,7111250,308.5,5000.0,308.5
19,790312,181,224,821750,7109750,313.69,5000.0,313.69
19,790313,182,224,823250,7109750,326.37,5000.0,326.37
19,790314,183,224,824750,7109750,315.59,5000.0,315.59
19,790315,184,224,826250,7109750,318.18,5000.0,318.18
19,790316,185,224,827750,7109750,330.56,5000.0,330.56
19,790317,186,224,829250,7109750,343.17,5000.0,343.17
19,790318,187,224,830750,7109750,357.35,5000.0,357.35
19,790319,188,224,832250,7109750,383.18,5000.0,383.18
19,790320,189,224,833750,7109750,373.23,5000.0,373.23
19,790321,190,224,835250,7109750,367.14,5000.0,367.14
19,790322,191,224,836750,7109750,358.52,5000.0,358.52
19,790323,192,224,838250,7109750,345.1,5000.0,345.1
19,790324,193,224,839750,7109750,338.91,5000.0,338.91
19,790325,194,224,841250,7109750,330.49,5000.0,330.49
19,790326,195,224,842750,7109750,314.38,5000.0,314.38
19,790327,196,224,844250,7109750,308.07,5000.0,308.07
19,790328,197,224,845750,7109750,301.95,5000.0,301.95
19,790509,181,225,821750,7108250,325.67,5000.0,325.67
19,790510,182,225,823250,7108250,334.15,5000.0,334.15
19,790511,183,225,824750,7108250,329.2,5000.0,329.2
19,790512,184,225,826250,7108250,320.8,5000.0,320.8
19,790513,185,225,827750,7108250,324.33,5000.0,324.33
19,790514,186,225,829250,7108250,339.4,5000.0,339.4
19,790515,187,225,830750,7108250,370.35,5000.0,370.35
19,790516,188,225,832250,7108250,387.59,5000.0,387.59
19,790517,189,225,833750,7108250,386.4,5000.0,386.4
19,790518,190,225,835250,7108250,371.61,5000.0,371.61
19,790519,191,225,836750,7108250,362.21,5000.0,362.21
19,790520,192,225,838250,7108250,354.27,5000.0,354.27
19,790521,193,225,839750,7108250,334.78,5000.0,334.78
19,790522,194,225,841250,7108250,326.05,5000.0,326.05
19,790523,195,225,842750,7108250,326.01,5000.0,326.01
19,790524,196,225,844250,7108250,318.56,5000.0,318.56
19,790525,197,225,845750,7108250,309.34,5000.0,309.34
19,790526,198,225,847250,7108250,302.41,5000.0,302.41
19,790710,183,226,824750,7106750,361.1,5000.0,361.1
19,790711,184,226,826250,7106750,337.34,5000.0,337.34
19,790712,185,226,827750,7106750,328.43,5000.0,328.43
19,790713,186,226,829250,7106750,338.99,5000.0,338.99
19,790714,187,226,830750,7106750,362.64,5000.0,362.64
19,790715,188,226,832250,7106750,374.21,5000.0,374.21
19,790716,189,226,833750,7106750,384.14,5000.0,384.14
19,790717,190,226,835250,7106750,376.03,5000.0,376.03
19,790718,191,226,836750,7106750,366.71,5000.0,366.71
19,790719,192,226,838250,7106750,348.43,5000.0,348.43
19,790720,193,226,839750,7106750,344.12,5000.0,344.12
19,790721,194,226,841250,7106750,323.82,5000.0,323.82
19,790722,195,226,842750,7106750,317.83,5000.0,317.83
19,790723,196,226,844250,7106750,313.5,5000.0,313.5
19,790724,197,226,845750,7106750,307.85,5000.0,307.85
19,790909,183,227,824750,7105250,364.67,5000.0,364.67
19,790910,184,227,826250,7105250,342.9,5000.0,342.9
19,790911,185,227,827750,7105250,333.09,5000.0,333.09
19,790912,186,227,829250,7105250,336.23,5000.0,336.23
19,790913,187,227,830750,7105250,349.48,5000.0,349.48
19,790914,188,227,832250,7105250,363.29,5000.0,363.29
19,790915,189,227,833750,7105250,372.95,5000.0,372.95
19,790916,190,227,835250,7105250,369.48,5000.0,369.48
19,790917,191,227,836750,7105250,358.02,5000.0,358.02
19,790918,192,227,838250,7105250,345.23,5000.0,345.23
19,790919,193,227,839750,7105250,332.78,5000.0,332.78
19,790920,194,227,841250,7105250,319.55,5000.0,319.55
19,790921,195,227,842750,7105250,312.24,5000.0,312.24
19,790922,196,227,844250,7105250,305.69,5000.0,305.69
19,791112,187,228,830750,7103750,350.43,5000.0,350.43
19,791113,188,228,832250,7103750,372.77,5000.0,372.77
19,791114,189,228,833750,7103750,387.19,5000.0,387.19
19,791115,190,228,835250,7103750,357.5,5000.0,357.5
19,791116,191,228,836750,7103750,349.34,5000.0,349.34
19,791314,188,229,832250,7102250,371.11,5000.0,371.11
19,791315,189,229,833750,7102250,377.21,5000.0,377.21
19,791316,190,229,835250,7102250,366.71,5000.0,366.71
19,791317,191,229,836750,7102250,352.99,5000.0,352.99
19,791318,192,229,838250,7102250,340.4,5000.0,340.4
19,791517,189,230,833750,7100750,357.76,5000.0,357.76
19,791518,190,230,835250,7100750,355.21,5000.0,355.21
19,791519,191,230,836750,7100750,351.31,5000.0,351.31
19,791520,192,230,838250,7100750,338.24,5000.0,338.24
19,791722,189,231,833750,7099250,360.99,5000.0,360.99
19,791723,190,231,835250,7099250,349.16,5000.0,349.16
19,791724,191,231,836750,7099250,343.87,5000.0,343.87
19,791725,192,231,838250,7099250,337.08,5000.0,337.08
19,791734,201,231,851750,7099250,328.65,5000.0,328.65
19,791735,202,231,853250,7099250,335.55,5000.0,335.55
19,791929,191,232,836750,7097750,361.09,5000.0,361.09
19,791930,192,232,838250,7097750,359.41,5000.0,359.41
19,791931,193,232,839750,7097750,345.47,5000.0,345.47
19,791938,200,232,850250,7097750,334.12,5000.0,334.12
19,791939,201,232,851750,7097750,329.39,5000.0,329.39
19,791940,202,232,853250,7097750,343.53,5000.0,343.53
19,791941,203,232,854750,7097750,328.89,5000.0,328.89
19,792136,192,233,838250,7096250,362.69,5000.0,362.69
19,792137,193,233,839750,7096250,361.58,5000.0,361.58
19,792143,199,233,848750,7096250,336.13,5000.0,336.13
19,792144,200,233,850250,7096250,354.65,5000.0,354.65
19,792145,201,233,851750,7096250,335.34,5000.0,335.34
19,792146,202,233,853250,7096250,345.89,5000.0,345.89
19,792147,203,233,854750,7096250,334.61,5000.0,334.61
19,792351,199,234,848750,7094750,343.57,5000.0,343.57
19,792352,200,234,850250,7094750,352.14,5000.0,352.14
19,792353,201,234,851750,7094750,344.47,5000.0,344.47
19,792354,202,234,853250,7094750,344.8,5000.0,344.8
19,792355,203,234,854750,7094750,339.25,5000.0,339.25
19,792356,204,234,856250,7094750,338.4,5000.0,338.4
19,792357,205,234,857750,7094750,363.51,5000.0,363.51
19,792358,206,234,859250,7094750,372.85,5000.0,372.85
19,792557,198,235,847250,7093250,363.18,5000.0,363.18
19,792558,199,235,848750,7093250,358.35,5000.0,358.35
19,792559,200,235,850250,7093250,354.8,5000.0,354.8
19,792560,201,235,851750,7093250,366.34,5000.0,366.34
19,792561,202,235,853250,7093250,350.44,5000.0,350.44
19,792562,203,235,854750,7093250,354.7,5000.0,354.7
19,792563,204,235,856250,7093250,343.12,5000.0,343.12
19,792564,205,235,857750,7093250,347.06,5000.0,347.06
19,792565,206,235,859250,7093250,369.6,5000.0,369.6
19,792566,207,235,860750,7093250,362.11,5000.0,362.11
19,792765,198,236,847250,7091750,361.91,5000.0,361.91
19,792766,199,236,848750,7091750,373.29,5000.0,373.29
19,792767,200,236,850250,7091750,365.46,5000.0,365.46
19,792768,201,236,851750,7091750,374.47,5000.0,374.47
19,792769,202,236,853250,7091750,358.27,5000.0,358.27
19,792770,203,236,854750,7091750,367.19,5000.0,367.19
19,792771,204,236,856250,7091750,359.22,5000.0,359.22
19,792772,205,236,857750,7091750,354.63,5000.0,354.63
19,792773,206,236,859250,7091750,360.7,5000.0,360.7
19,792774,207,236,860750,7091750,380.45,5000.0,380.45
19,792775,208,236,862250,7091750,378.37,5000.0,378.37
19,792776,209,236,863750,7091750,365.47,5000.0,365.47
19,792778,213,236,869750,7091750,400.21,5000.0,400.21
19,792976,198,237,847250,7090250,352.08,5000.0,352.08
19,792977,199,237,848750,7090250,363.94,5000.0,363.94
19,792978,200,237,850250,7090250,367.48,5000.0,367.48
19,792979,201,237,851750,7090250,368.75,5000.0,368.75
19,792980,202,237,853250,7090250,362.36,5000.0,362.36
19,792981,203,237,854750,7090250,373.62,5000.0,373.62
19,792982,204,237,856250,7090250,375.85,5000.0,375.85
19,792983,205,237,857750,7090250,372.67,5000.0,372.67
19,792984,206,237,859250,7090250,372.03,5000.0,372.03
19,792985,207,237,860750,7090250,380.89,5000.0,380.89
19,792986,208,237,862250,7090250,392.99,5000.0,392.99
19,792987,209,237,863750,7090250,388.64,5000.0,388.64
19,792988,210,237,865250,7090250,374.61,5000.0,374.61
19,792989,211,237,866750,7090250,380.63,5000.0,380.63
19,792990,212,237,868250,7090250,394.15,5000.0,394.15
19,792991,215,237,872750,7090250,403.47,5000.0,403.47
19,793189,198,238,847250,7088750,348.29,5000.0,348.29
19,793190,199,238,848750,7088750,349.92,5000.0,349.92
19,793191,200,238,850250,7088750,354.63,5000.0,354.63
19,793192,201,238,851750,7088750,352.81,5000.0,352.81
19,793193,202,238,853250,7088750,353.6,5000.0,353.6
19,793194,203,238,854750,7088750,362.96,5000.0,362.96
19,793195,204,238,856250,7088750,370.67,5000.0,370.67
19,793197,206,238,859250,7088750,389.39,5000.0,389.39
19,793198,207,238,860750,7088750,392.09,5000.0,392.09
19,793199,208,238,862250,7088750,392.93,5000.0,392.93
19,793200,209,238,863750,7088750,386.24,5000.0,386.24
19,793201,210,238,865250,7088750,374.87,5000.0,374.87
19,793202,211,238,866750,7088750,387.42,5000.0,387.42
19,793203,212,238,868250,7088750,388.18,5000.0,388.18
19,793204,214,238,871250,7088750,409.52,5000.0,409.52
19,793205,215,238,872750,7088750,401.79,5000.0,401.79
19,793206,216,238,874250,7088750,394.49,5000.0,394.49
19,793413,207,239,860750,7087250,374.25,5000.0,374.25
19,793414,208,239,862250,7087250,372.93,5000.0,372.93
19,793415,209,239,863750,7087250,367.81,5000.0,367.81
19,793416,210,239,865250,7087250,368.14,5000.0,368.14
19,793417,211,239,866750,7087250,374.45,5000.0,374.45
19,793418,212,239,868250,7087250,379.58,5000.0,379.58
19,793419,213,239,869750,7087250,397.42,5000.0,397.42
19,793420,214,239,871250,7087250,401.74,5000.0,401.74
19,793421,215,239,872750,7087250,393.34,5000.0,393.34
19,793422,216,239,874250,7087250,385.36,5000.0,385.36
19,793423,217,239,875750,7087250,372.75,5000.0,372.75
19,793631,208,240,862250,7085750,371.09,5000.0,371.09
19,793632,209,240,863750,7085750,361.59,5000.0,361.59
19,793633,210,240,865250,7085750,362.54,5000.0,362.54
19,793634,211,240,866750,7085750,366.86,5000.0,366.86
19,793635,212,240,868250,7085750,377.51,5000.0,377.51
19,793636,213,240,869750,7085750,398.55,5000.0,398.55
19,793637,214,240,871250,7085750,388.2,5000.0,388.2
19,793638,215,240,872750,7085750,394.88,5000.0,394.88
19,793639,216,240,874250,7085750,386.05,5000.0,386.05
19,793640,217,240,875750,7085750,371.73,5000.0,371.73
19,793848,208,241,862250,7084250,359.21,5000.0,359.21
19,793849,209,241,863750,7084250,357.62,5000.0,357.62
19,793850,210,241,865250,7084250,360.86,5000.0,360.86
19,793851,211,241,866750,7084250,366.98,5000.0,366.98
19,793852,212,241,868250,7084250,378.93,5000.0,378.93
19,793853,213,241,869750,7084250,384.68,5000.0,384.68
19,793854,214,241,871250,7084250,380.54,5000.0,380.54
19,793855,215,241,872750,7084250,380.53,5000.0,380.53
19,793856,216,241,874250,7084250,387.85,5000.0,387.85
19,793857,217,241,875750,7084250,375.36,5000.0,375.36
19,793858,218,241,877250,7084250,361.37,5000.0,361.37
19,794068,210,242,865250,7082750,357.26,5000.0,357.26
19,794069,211,242,866750,7082750,361.46,5000.0,361.46
19,794070,212,242,868250,7082750,365.44,5000.0,365.44
19,794071,213,242,869750,7082750,369.19,5000.0,369.19
19,794072,214,242,871250,7082750,373.02,5000.0,373.02
19,794073,215,242,872750,7082750,378.21,5000.0,378.21
19,794074,216,242,874250,7082750,387.83,5000.0,387.83
19,794075,217,242,875750,7082750,375.72,5000.0,375.72
19,794076,218,242,877250,7082750,368.32,5000.0,368.32
19,794285,209,243,863750,7081250,354.95,5000.0,354.95
19,794286,210,243,865250,7081250,355.9,5000.0,355.9
19,794287,211,243,866750,7081250,361.09,5000.0,361.09
19,794288,212,243,868250,7081250,365.49,5000.0,365.49
19,794289,213,243,869750,7081250,370.74,5000.0,370.74
19,794290,214,243,871250,7081250,375.39,5000.0,375.39
19,794291,215,243,872750,7081250,379.7,5000.0,379.7
19,794292,216,243,874250,7081250,390.14,5000.0,390.14
19,794293,217,243,875750,7081250,373.51,5000.0,373.51
19,794294,218,243,877250,7081250,363.17,5000.0,363.17
19,794505,210,244,865250,7079750,365.65,5000.0,365.65
19,794506,211,244,866750,7079750,365.07,5000.0,365.07
19,794507,212,244,868250,7079750,372.3,5000.0,372.3
19,794508,213,244,869750,7079750,382.1,5000.0,382.1
19,794509,214,244,871250,7079750,384.33,5000.0,384.33
19,794510,215,244,872750,7079750,386.87,5000.0,386.87
19,794511,216,244,874250,7079750,398.08,5000.0,398.08
19,794512,217,244,875750,7079750,370.58,5000.0,370.58
19,794513,218,244,877250,7079750,354.95,5000.0,354.95
19,794516,224,244,886250,7079750,445.71,5000.0,445.71
19,794726,210,245,865250,7078250,364.92,5000.0,364.92
19,794727,211,245,866750,7078250,373.1,5000.0,373.1
19,794728,212,245,868250,7078250,378.85,5000.0,378.85
19,794729,213,245,869750,7078250,388.39,5000.0,388.39
19,794732,216,245,874250,7078250,387.66,5000.0,387.66
19,794733,217,245,875750,7078250,374.6,5000.0,374.6
19,794734,218,245,877250,7078250,354.47,5000.0,354.47
19,794739,223,245,884750,7078250,414.51,5000.0,414.51
19,794951,212,246,868250,7076750,377.61,5000.0,377.61
19,794952,213,246,869750,7076750,381.07,5000.0,381.07
19,794953,214,246,871250,7076750,388.7,5000.0,388.7
19,794955,216,246,874250,7076750,381.94,5000.0,381.94
19,794956,217,246,875750,7076750,364.12,5000.0,364.12
19,794957,218,246,877250,7076750,354.36,5000.0,354.36
19,794961,222,246,883250,7076750,397.06,5000.0,397.06
19,794962,223,246,884750,7076750,433.86,5000.0,433.86
19,794963,224,246,886250,7076750,417.83,5000.0,417.83
19,794964,225,246,887750,7076750,399.87,5000.0,399.87
19,794965,226,246,889250,7076750,395.99,5000.0,395.99
19,795181,214,247,871250,7075250,375.17,5000.0,375.17
19,795183,216,247,874250,7075250,379.61,5000.0,379.61
19,795184,217,247,875750,7075250,366.31,5000.0,366.31
19,795185,218,247,877250,7075250,357.91,5000.0,357.91
19,795186,219,247,878750,7075250,350.44,5000.0,350.44
19,795188,221,247,881750,7075250,398.18,5000.0,398.18
19,795189,222,247,883250,7075250,391.11,5000.0,391.11
19,795190,223,247,884750,7075250,410.71,5000.0,410.71
19,795191,224,247,886250,7075250,408.65,5000.0,408.65
19,795192,225,247,887750,7075250,382.42,5000.0,382.42
19,795193,226,247,889250,7075250,389.45,5000.0,389.45
19,795194,227,247,890750,7075250,368.9,5000.0,368.9
19,795413,215,248,872750,7073750,378.16,5000.0,378.16
19,795414,216,248,874250,7073750,395.24,5000.0,395.24
19,795415,217,248,875750,7073750,383.84,5000.0,383.84
19,795416,218,248,877250,7073750,359.26,5000.0,359.26
19,795417,219,248,878750,7073750,349.71,5000.0,349.71
19,795420,222,248,883250,7073750,389.85,5000.0,389.85
19,795421,223,248,884750,7073750,380.41,5000.0,380.41
19,795422,224,248,886250,7073750,393.57,5000.0,393.57
19,795423,225,248,887750,7073750,377.62,5000.0,377.62
19,795424,226,248,889250,7073750,377.96,5000.0,377.96
19,795425,227,248,890750,7073750,366.72,5000.0,366.72
19,795427,229,248,893750,7073750,382.08,5000.0,382.08
19,795428,230,248,895250,7073750,402.66,5000.0,402.66
19,795648,215,249,872750,7072250,361.48,5000.0,361.48
19,795649,216,249,874250,7072250,372.98,5000.0,372.98
19,795650,217,249,875750,7072250,372.14,5000.0,372.14
19,795651,218,249,877250,7072250,364.89,5000.0,364.89
19,795652,219,249,878750,7072250,350.25,5000.0,350.25
19,795655,222,249,883250,7072250,359.17,5000.0,359.17
19,795656,223,249,884750,7072250,379.81,5000.0,379.81
19,795657,224,249,886250,7072250,357.63,5000.0,357.63
19,795658,225,249,887750,7072250,355.1,5000.0,355.1
19,795659,226,249,889250,7072250,378.42,5000.0,378.42
19,795660,227,249,890750,7072250,347.3,5000.0,347.3
19,795662,229,249,893750,7072250,390.86,5000.0,390.86
19,795663,230,249,895250,7072250,387.69,5000.0,387.69
19,795884,216,250,874250,7070750,354.86,5000.0,354.86
19,795885,217,250,875750,7070750,357.65,5000.0,357.65
19,795886,218,250,877250,7070750,366.22,5000.0,366.22
19,795887,219,250,878750,7070750,353.3,5000.0,353.3
19,795888,220,250,880250,7070750,345.2,5000.0,345.2
19,795891,223,250,884750,7070750,377.98,5000.0,377.98
19,795892,224,250,886250,7070750,355.22,5000.0,355.22
19,795893,225,250,887750,7070750,348.83,5000.0,348.83
19,795894,226,250,889250,7070750,346.14,5000.0,346.14
19,795895,227,250,890750,7070750,353.35,5000.0,353.35
19,795896,228,250,892250,7070750,371.95,5000.0,371.95
19,795897,229,250,893750,7070750,402.02,5000.0,402.02
19,795898,230,250,895250,7070750,381.7,5000.0,381.7
19,796119,217,251,875750,7069250,350.0,5000.0,350.0
19,796120,218,251,877250,7069250,361.77,5000.0,361.77
19,796121,219,251,878750,7069250,363.17,5000.0,363.17
19,796122,220,251,880250,7069250,341.55,5000.0,341.55
19,796125,223,251,884750,7069250,350.11,5000.0,350.11
19,796126,224,251,886250,7069250,342.59,5000.0,342.59
19,796127,225,251,887750,7069250,344.31,5000.0,344.31
19,796128,226,251,889250,7069250,345.2,5000.0,345.2
19,796129,227,251,890750,7069250,378.18,5000.0,378.18
19,796130,228,251,892250,7069250,393.94,5000.0,393.94
19,796131,229,251,893750,7069250,387.92,5000.0,387.92
19,796132,230,251,895250,7069250,368.7,5000.0,368.7
19,796350,218,252,877250,7067750,352.02,5000.0,352.02
19,796351,219,252,878750,7067750,347.81,5000.0,347.81
19,796357,225,252,887750,7067750,342.99,5000.0,342.99
19,796358,226,252,889250,7067750,356.24,5000.0,356.24
19,796359,227,252,890750,7067750,374.6,5000.0,374.6
19,796360,228,252,892250,7067750,399.19,5000.0,399.19
19,796361,229,252,893750,7067750,372.74,5000.0,372.74
19,796362,246,252,919250,7067750,393.13,5000.0,393.13
19,796586,224,253,886250,7066250,348.11,5000.0,348.11
19,796587,225,253,887750,7066250,353.06,5000.0,353.06
19,796588,226,253,889250,7066250,358.15,5000.0,358.15
19,796589,227,253,890750,7066250,358.02,5000.0,358.02
19,796590,228,253,892250,7066250,374.94,5000.0,374.94
19,796591,229,253,893750,7066250,380.83,5000.0,380.83
19,796592,244,253,916250,7066250,395.8,5000.0,395.8
19,796593,245,253,917750,7066250,388.65,5000.0,388.65
19,796594,246,253,919250,7066250,424.32,5000.0,424.32
19,796595,247,253,920750,7066250,395.13,5000.0,395.13
19,796596,250,253,925250,7066250,405.9,5000.0,405.9
19,796821,225,254,887750,7064750,339.38,5000.0,339.38
19,796822,226,254,889250,7064750,336.99,5000.0,336.99
19,796823,227,254,890750,7064750,339.71,5000.0,339.71
19,796824,228,254,892250,7064750,347.67,5000.0,347.67
19,796825,229,254,893750,7064750,362.15,5000.0,362.15
19,796828,238,254,907250,7064750,372.72,5000.0,372.72
19,796829,239,254,908750,7064750,364.61,5000.0,364.61
19,796830,240,254,910250,7064750,364.21,5000.0,364.21
19,796832,244,254,916250,7064750,390.69,5000.0,390.69
19,796833,245,254,917750,7064750,402.72,5000.0,402.72
19,796834,246,254,919250,7064750,430.08,5000.0,430.08
19,796835,247,254,920750,7064750,405.55,5000.0,405.55
19,796836,248,254,922250,7064750,399.41,5000.0,399.41
19,796837,250,254,925250,7064750,422.58,5000.0,422.58
19,797068,238,255,907250,7063250,355.9,5000.0,355.9
19,797069,239,255,908750,7063250,374.4,5000.0,374.4
19,797070,240,255,910250,7063250,382.17,5000.0,382.17
19,797071,241,255,911750,7063250,377.93,5000.0,377.93
19,797072,245,255,917750,7063250,405.08,5000.0,405.08
19,797073,246,255,919250,7063250,446.97,5000.0,446.97
19,797074,247,255,920750,7063250,416.79,5000.0,416.79
19,797075,248,255,922250,7063250,430.55,5000.0,430.55
19,797076,249,255,923750,7063250,422.19,5000.0,422.19
19,797077,251,255,926750,7063250,448.97,5000.0,448.97
19,797309,239,256,908750,7061750,363.86,5000.0,363.86
19,797310,240,256,910250,7061750,378.99,5000.0,378.99
19,797311,241,256,911750,7061750,391.8,5000.0,391.8
19,797312,245,256,917750,7061750,403.33,5000.0,403.33
19,797313,246,256,919250,7061750,440.45,5000.0,440.45
19,797314,247,256,920750,7061750,434.92,5000.0,434.92
19,797315,248,256,922250,7061750,463.1,5000.0,463.1
19,797316,249,256,923750,7061750,434.47,5000.0,434.47
19,797317,251,256,926750,7061750,449.66,5000.0,449.66
19,797544,227,257,890750,7060250,331.67,5000.0,331.67
19,797545,228,257,892250,7060250,335.18,5000.0,335.18
19,797546,229,257,893750,7060250,357.41,5000.0,357.41
19,797549,234,257,901250,7060250,366.03,5000.0,366.03
19,797550,235,257,902750,7060250,349.72,5000.0,349.72
19,797559,246,257,919250,7060250,434.56,5000.0,434.56
19,797560,247,257,920750,7060250,456.31,5000.0,456.31
19,797561,248,257,922250,7060250,473.63,5000.0,473.63
19,797562,249,257,923750,7060250,445.15,5000.0,445.15
19,797786,224,258,886250,7058750,327.46,5000.0,327.46
19,797788,226,258,889250,7058750,329.36,5000.0,329.36
19,797789,227,258,890750,7058750,333.68,5000.0,333.68
19,797790,228,258,892250,7058750,348.31,5000.0,348.31
19,797791,229,258,893750,7058750,357.16,5000.0,357.16
19,797792,230,258,895250,7058750,333.72,5000.0,333.72
19,797793,231,258,896750,7058750,342.4,5000.0,342.4
19,797794,232,258,898250,7058750,336.87,5000.0,336.87
19,797795,233,258,899750,7058750,337.01,5000.0,337.01
19,797796,234,258,901250,7058750,344.51,5000.0,344.51
19,797797,235,258,902750,7058750,352.17,5000.0,352.17
19,797806,247,258,920750,7058750,444.17,5000.0,444.17
19,797807,248,258,922250,7058750,462.64,5000.0,462.64
19,797808,249,258,923750,7058750,475.16,5000.0,475.16
19,798033,225,259,887750,7057250,330.21,5000.0,330.21
19,798035,227,259,890750,7057250,342.45,5000.0,342.45
19,798036,228,259,892250,7057250,345.02,5000.0,345.02
19,798037,229,259,893750,7057250,346.81,5000.0,346.81
19,798038,230,259,895250,7057250,334.14,5000.0,334.14
19,798039,231,259,896750,7057250,341.4,5000.0,341.4
19,798040,232,259,898250,7057250,341.45,5000.0,341.45
19,798041,233,259,899750,7057250,338.25,5000.0,338.25
19,798042,234,259,901250,7057250,338.69,5000.0,338.69
19,798043,235,259,902750,7057250,340.12,5000.0,340.12
19,798044,236,259,904250,7057250,346.67,5000.0,346.67
19,798045,237,259,905750,7057250,352.01,5000.0,352.01
19,798050,242,259,913250,7057250,403.05,5000.0,403.05
19,798051,243,259,914750,7057250,436.55,5000.0,436.55
19,798052,248,259,922250,7057250,455.16,5000.0,455.16
19,798053,249,259,923750,7057250,515.49,5000.0,515.49
19,798054,251,259,926750,7057250,489.27,5000.0,489.27
19,798279,225,260,887750,7055750,331.17,5000.0,331.17
19,798280,226,260,889250,7055750,336.29,5000.0,336.29
19,798281,227,260,890750,7055750,338.96,5000.0,338.96
19,798282,228,260,892250,7055750,342.04,5000.0,342.04
19,798283,229,260,893750,7055750,353.68,5000.0,353.68
19,798284,230,260,895250,7055750,342.79,5000.0,342.79
19,798285,231,260,896750,7055750,340.32,5000.0,340.32
19,798286,232,260,898250,7055750,347.61,5000.0,347.61
19,798287,233,260,899750,7055750,344.05,5000.0,344.05
19,798288,234,260,901250,7055750,340.53,5000.0,340.53
19,798289,235,260,902750,7055750,342.74,5000.0,342.74
19,798290,236,260,904250,7055750,344.77,5000.0,344.77
19,798291,237,260,905750,7055750,357.87,5000.0,357.87
19,798292,238,260,907250,7055750,359.31,5000.0,359.31
19,798293,239,260,908750,7055750,366.08,5000.0,366.08
19,798294,240,260,910250,7055750,375.88,5000.0,375.88
19,798295,241,260,911750,7055750,396.48,5000.0,396.48
19,798296,242,260,913250,7055750,423.93,5000.0,423.93
19,798297,243,260,914750,7055750,452.64,5000.0,452.64
19,798298,244,260,916250,7055750,424.07,5000.0,424.07
19,798299,245,260,917750,7055750,423.64,5000.0,423.64
19,798300,246,260,919250,7055750,429.08,5000.0,429.08
19,798301,248,260,922250,7055750,456.02,5000.0,456.02
19,798302,249,260,923750,7055750,474.37,5000.0,474.37
19,798303,250,260,925250,7055750,479.72,5000.0,479.72
19,798304,251,260,926750,7055750,505.22,5000.0,505.22
19,798305,252,260,928250,7055750,480.55,5000.0,480.55
19,798530,225,261,887750,7054250,323.54,5000.0,323.54
19,798531,226,261,889250,7054250,332.39,5000.0,332.39
19,798532,227,261,890750,7054250,337.37,5000.0,337.37
19,798533,228,261,892250,7054250,342.37,5000.0,342.37
19,798534,229,261,893750,7054250,346.48,5000.0,346.48
19,798535,230,261,895250,7054250,358.25,5000.0,358.25
19,798536,231,261,896750,7054250,359.58,5000.0,359.58
19,798537,232,261,898250,7054250,356.23,5000.0,356.23
19,798538,233,261,899750,7054250,356.78,5000.0,356.78
19,798539,234,261,901250,7054250,349.48,5000.0,349.48
19,798540,235,261,902750,7054250,348.46,5000.0,348.46
19,798541,236,261,904250,7054250,350.09,5000.0,350.09
19,798542,237,261,905750,7054250,354.89,5000.0,354.89
19,798543,238,261,907250,7054250,360.74,5000.0,360.74
19,798544,239,261,908750,7054250,373.98,5000.0,373.98
19,798545,240,261,910250,7054250,392.58,5000.0,392.58
19,798546,241,261,911750,7054250,409.93,5000.0,409.93
19,798547,242,261,913250,7054250,403.33,5000.0,403.33
19,798548,243,261,914750,7054250,430.96,5000.0,430.96
19,798549,244,261,916250,7054250,431.67,5000.0,431.67
19,798550,245,261,917750,7054250,429.47,5000.0,429.47
19,798551,246,261,919250,7054250,478.2,5000.0,478.2
19,798552,247,261,920750,7054250,458.08,5000.0,458.08
19,798553,250,261,925250,7054250,493.21,5000.0,493.21
19,798554,251,261,926750,7054250,509.73,5000.0,509.73
19,798555,252,261,928250,7054250,511.7,5000.0,511.7
19,798780,225,262,887750,7052750,325.84,5000.0,325.84
19,798781,226,262,889250,7052750,332.04,5000.0,332.04
19,798782,227,262,890750,7052750,342.75,5000.0,342.75
19,798783,228,262,892250,7052750,355.25,5000.0,355.25
19,798784,229,262,893750,7052750,348.29,5000.0,348.29
19,798785,230,262,895250,7052750,349.52,5000.0,349.52
19,798786,231,262,896750,7052750,371.22,5000.0,371.22
19,798787,232,262,898250,7052750,370.11,5000.0,370.11
19,798788,233,262,899750,7052750,382.33,5000.0,382.33
19,798789,234,262,901250,7052750,368.0,5000.0,368.0
19,798790,235,262,902750,7052750,359.82,5000.0,359.82
19,798791,236,262,904250,7052750,360.19,5000.0,360.19
19,798792,237,262,905750,7052750,371.06,5000.0,371.06
19,798793,238,262,907250,7052750,368.7,5000.0,368.7
19,798794,239,262,908750,7052750,369.19,5000.0,369.19
19,798795,240,262,910250,7052750,384.25,5000.0,384.25
19,798796,241,262,911750,7052750,388.59,5000.0,388.59
19,798797,242,262,913250,7052750,390.35,5000.0,390.35
19,798798,243,262,914750,7052750,413.8,5000.0,413.8
19,798799,244,262,916250,7052750,416.61,5000.0,416.61
19,798800,245,262,917750,7052750,428.07,5000.0,428.07
19,798801,246,262,919250,7052750,476.4,5000.0,476.4
19,798802,247,262,920750,7052750,482.32,5000.0,482.32
19,798803,248,262,922250,7052750,464.24,5000.0,464.24
19,798804,249,262,923750,7052750,476.21,5000.0,476.21
19,798805,250,262,925250,7052750,494.81,5000.0,494.81
19,798806,251,262,926750,7052750,489.17,5000.0,489.17
19,799032,226,263,889250,7051250,329.82,5000.0,329.82
19,799033,227,263,890750,7051250,344.71,5000.0,344.71
19,799034,228,263,892250,7051250,354.85,5000.0,354.85
19,799035,229,263,893750,7051250,351.75,5000.0,351.75
19,799036,230,263,895250,7051250,353.55,5000.0,353.55
19,799037,231,263,896750,7051250,365.6,5000.0,365.6
19,799038,232,263,898250,7051250,384.39,5000.0,384.39
19,799039,233,263,899750,7051250,389.83,5000.0,389.83
19,799040,234,263,901250,7051250,373.4,5000.0,373.4
19,799041,235,263,902750,7051250,384.17,5000.0,384.17
19,799042,236,263,904250,7051250,372.15,5000.0,372.15
19,799043,237,263,905750,7051250,365.18,5000.0,365.18
19,799048,242,263,913250,7051250,393.14,5000.0,393.14
19,799049,243,263,914750,7051250,397.57,5000.0,397.57
19,799050,244,263,916250,7051250,407.3,5000.0,407.3
19,799051,245,263,917750,7051250,443.12,5000.0,443.12
19,799052,246,263,919250,7051250,434.59,5000.0,434.59
19,799053,253,263,929750,7051250,524.42,5000.0,524.42
19,799054,254,263,931250,7051250,552.84,5000.0,552.84
19,799055,256,263,934250,7051250,527.18,5000.0,527.18
19,799281,226,264,889250,7049750,327.92,5000.0,327.92
19,799282,227,264,890750,7049750,334.47,5000.0,334.47
19,799283,228,264,892250,7049750,343.58,5000.0,343.58
19,799284,229,264,893750,7049750,343.02,5000.0,343.02
19,799285,230,264,895250,7049750,349.24,5000.0,349.24
19,799286,231,264,896750,7049750,364.05,5000.0,364.05
19,799287,232,264,898250,7049750,363.15,5000.0,363.15
19,799288,233,264,899750,7049750,377.18,5000.0,377.18
19,799289,234,264,901250,7049750,367.73,5000.0,367.73
19,799290,235,264,902750,7049750,371.59,5000.0,371.59
19,799291,236,264,904250,7049750,367.78,5000.0,367.78
19,799296,241,264,911750,7049750,402.03,5000.0,402.03
19,799297,242,264,913250,7049750,416.94,5000.0,416.94
19,799298,243,264,914750,7049750,415.46,5000.0,415.46
19,799299,244,264,916250,7049750,412.51,5000.0,412.51
19,799300,247,264,920750,7049750,438.88,5000.0,438.88
19,799301,249,264,923750,7049750,471.97,5000.0,471.97
19,799302,250,264,925250,7049750,483.89,5000.0,483.89
19,799303,251,264,926750,7049750,499.01,5000.0,499.01
19,799304,252,264,928250,7049750,532.77,5000.0,532.77
19,799305,254,264,931250,7049750,548.05,5000.0,548.05
19,799306,255,264,932750,7049750,582.86,5000.0,582.86
19,799307,256,264,934250,7049750,549.07,5000.0,549.07
19,799534,227,265,890750,7048250,333.51,5000.0,333.51
19,799535,228,265,892250,7048250,339.27,5000.0,339.27
19,799537,230,265,895250,7048250,344.8,5000.0,344.8
19,799539,232,265,898250,7048250,351.22,5000.0,351.22
19,799540,233,265,899750,7048250,364.68,5000.0,364.68
19,799541,234,265,901250,7048250,363.11,5000.0,363.11
19,799542,235,265,902750,7048250,357.36,5000.0,357.36
19,799543,236,265,904250,7048250,358.15,5000.0,358.15
19,799552,246,265,919250,7048250,414.14,5000.0,414.14
19,799553,249,265,923750,7048250,452.19,5000.0,452.19
19,799554,250,265,925250,7048250,463.67,5000.0,463.67
19,799555,252,265,928250,7048250,485.47,5000.0,485.47
19,799556,253,265,929750,7048250,516.82,5000.0,516.82
19,799557,254,265,931250,7048250,551.01,5000.0,551.01
19,799562,259,265,938750,7048250,500.03,5000.0,500.03
19,799789,227,266,890750,7046750,334.11,5000.0,334.11
19,799795,233,266,899750,7046750,349.29,5000.0,349.29
19,799796,234,266,901250,7046750,351.77,5000.0,351.77
19,799807,254,266,931250,7046750,516.83,5000.0,516.83
19,799812,259,266,938750,7046750,492.95,5000.0,492.95
19,800064,251,267,926750,7045250,452.48,5000.0,452.48
19,800065,252,267,928250,7045250,476.01,5000.0,476.01
19,800066,253,267,929750,7045250,480.4,5000.0,480.4
19,800067,257,267,935750,7045250,510.55,5000.0,510.55
19,800068,258,267,937250,7045250,537.03,5000.0,537.03
19,800324,254,268,931250,7043750,523.47,5000.0,523.47
19,800325,255,268,932750,7043750,509.09,5000.0,509.09
19,800326,256,268,934250,7043750,509.51,5000.0,509.51
19,800327,257,268,935750,7043750,560.27,5000.0,560.27
19,800566,235,269,902750,7042250,352.77,5000.0,352.77
19,800567,236,269,904250,7042250,358.17,5000.0,358.17
19,800584,253,269,929750,7042250,488.59,5000.0,488.59
19,800585,254,269,931250,7042250,521.78,5000.0,521.78
19,800586,255,269,932750,7042250,526.22,5000.0,526.22
19,800828,235,270,902750,7040750,354.04,5000.0,354.04
19,800829,236,270,904250,7040750,355.51,5000.0,355.51
19,800840,247,270,920750,7040750,417.91,5000.0,417.91
19,800841,248,270,922250,7040750,423.09,5000.0,423.09
19,800842,249,270,923750,7040750,421.28,5000.0,421.28
19,800846,253,270,929750,7040750,497.91,5000.0,497.91
19,800847,254,270,931250,7040750,525.48,5000.0,525.48
19,800848,255,270,932750,7040750,549.22,5000.0,549.22
19,801092,235,271,902750,7039250,353.95,5000.0,353.95
19,801093,236,271,904250,7039250,349.52,5000.0,349.52
19,801094,237,271,905750,7039250,355.74,5000.0,355.74
19,801095,238,271,907250,7039250,381.79,5000.0,381.79
19,801096,239,271,908750,7039250,368.81,5000.0,368.81
19,801097,240,271,910250,7039250,376.48,5000.0,376.48
19,801098,241,271,911750,7039250,389.11,5000.0,389.11
19,801105,248,271,922250,7039250,411.29,5000.0,411.29
19,801106,249,271,923750,7039250,439.69,5000.0,439.69
19,801110,253,271,929750,7039250,468.61,5000.0,468.61
19,801111,254,271,931250,7039250,476.4,5000.0,476.4
19,801112,255,271,932750,7039250,494.47,5000.0,494.47
19,801357,237,272,905750,7037750,368.05,5000.0,368.05
19,801359,239,272,908750,7037750,375.25,5000.0,375.25
19,801360,240,272,910250,7037750,398.3,5000.0,398.3
19,801361,241,272,911750,7037750,404.12,5000.0,404.12
19,801368,248,272,922250,7037750,405.13,5000.0,405.13
19,801369,249,272,923750,7037750,412.32,5000.0,412.32
19,801370,250,272,925250,7037750,421.18,5000.0,421.18
19,801374,254,272,931250,7037750,491.71,5000.0,491.71
19,801375,255,272,932750,7037750,513.83,5000.0,513.83
19,801623,239,273,908750,7036250,360.81,5000.0,360.81
19,801624,240,273,910250,7036250,385.42,5000.0,385.42
19,801625,241,273,911750,7036250,385.61,5000.0,385.61
19,801633,249,273,923750,7036250,425.85,5000.0,425.85
19,801634,250,273,925250,7036250,434.83,5000.0,434.83
19,801635,251,273,926750,7036250,429.87,5000.0,429.87
19,801636,252,273,928250,7036250,435.81,5000.0,435.81
19,801637,253,273,929750,7036250,455.83,5000.0,455.83
19,801638,254,273,931250,7036250,465.74,5000.0,465.74
19,801639,255,273,932750,7036250,484.24,5000.0,484.24
19,801640,256,273,934250,7036250,512.22,5000.0,512.22
19,801898,249,274,923750,7034750,440.71,5000.0,440.71
19,801899,250,274,925250,7034750,465.49,5000.0,465.49
19,801900,251,274,926750,7034750,441.81,5000.0,441.81
19,801901,252,274,928250,7034750,441.38,5000.0,441.38
19,801902,253,274,929750,7034750,465.47,5000.0,465.47
19,801903,254,274,931250,7034750,479.91,5000.0,479.91
19,801904,255,274,932750,7034750,463.97,5000.0,463.97
19,801905,256,274,934250,7034750,499.11,5000.0,499.11
19,802164,249,275,923750,7033250,432.44,5000.0,432.44
19,802165,250,275,925250,7033250,441.77,5000.0,441.77
19,802166,251,275,926750,7033250,421.88,5000.0,421.88
19,802167,252,275,928250,7033250,428.91,5000.0,428.91
19,802168,253,275,929750,7033250,461.32,5000.0,461.32
19,802169,254,275,931250,7033250,449.08,5000.0,449.08
19,802432,250,276,925250,7031750,406.58,5000.0,406.58
19,802978,261,278,941750,7028750,526.81,5000.0,526.81
19,802979,262,278,943250,7028750,561.98,5000.0,561.98
19,803247,260,279,940250,7027250,496.8,5000.0,496.8
19,803248,261,279,941750,7027250,522.73,5000.0,522.73
19,803249,262,279,943250,7027250,554.18,5000.0,554.18
19,803250,263,279,944750,7027250,582.03,5000.0,582.03
19,803517,260,280,940250,7025750,502.0,5000.0,502.0
19,803518,261,280,941750,7025750,503.38,5000.0,503.38
19,803787,260,281,940250,7024250,478.07,5000.0,478.07
19,803788,261,281,941750,7024250,508.08,5000.0,508.08
19,803789,262,281,943250,7024250,535.47,5000.0,535.47
19,803790,263,281,944750,7024250,550.63,5000.0,550.63
19,804062,261,282,941750,7022750,523.17,5000.0,523.17
19,804063,262,282,943250,7022750,497.75,5000.0,497.75
19,804064,263,282,944750,7022750,524.48,5000.0,524.48
19,804337,261,283,941750,7021250,476.12,5000.0,476.12
19,804338,262,283,943250,7021250,500.76,5000.0,500.76
19,804339,263,283,944750,7021250,523.2,5000.0,523.2
19,804340,264,283,946250,7021250,548.12,5000.0,548.12
19,804603,250,284,925250,7019750,389.47,5000.0,389.47
19,804604,251,284,926750,7019750,402.14,5000.0,402.14
19,804613,260,284,940250,7019750,470.5,5000.0,470.5
19,804614,261,284,941750,7019750,491.02,5000.0,491.02
19,804615,262,284,943250,7019750,499.97,5000.0,499.97
19,804878,249,285,923750,7018250,395.41,5000.0,395.41
19,804879,250,285,925250,7018250,396.07,5000.0,396.07
19,804880,251,285,926750,7018250,403.63,5000.0,403.63
19,804881,252,285,928250,7018250,421.89,5000.0,421.89
19,804882,253,285,929750,7018250,409.54,5000.0,409.54
19,804888,259,285,938750,7018250,436.53,5000.0,436.53
19,804889,260,285,940250,7018250,464.4,5000.0,464.4
19,804890,261,285,941750,7018250,471.91,5000.0,471.91
19,804891,262,285,943250,7018250,486.12,5000.0,486.12
19,805156,250,286,925250,7016750,378.16,5000.0,378.16
19,805157,251,286,926750,7016750,383.29,5000.0,383.29
19,805158,252,286,928250,7016750,390.1,5000.0,390.1
19,805434,250,287,925250,7015250,377.73,5000.0,377.73
19,805435,251,287,926750,7015250,386.91,5000.0,386.91
19,805436,252,287,928250,7015250,391.26,5000.0,391.26
19,805437,253,287,929750,7015250,398.71,5000.0,398.71
19,805438,254,287,931250,7015250,403.36,5000.0,403.36
19,805447,263,287,944750,7015250,488.57,5000.0,488.57
19,805448,264,287,946250,7015250,481.74,5000.0,481.74
19,805715,252,288,928250,7013750,394.59,5000.0,394.59
19,805716,253,288,929750,7013750,402.73,5000.0,402.73
19,805725,262,288,943250,7013750,472.92,5000.0,472.92
19,805726,263,288,944750,7013750,461.76,5000.0,461.76
19,805727,264,288,946250,7013750,479.86,5000.0,479.86
19,805728,265,288,947750,7013750,508.81,5000.0,508.81
19,806005,262,289,943250,7012250,446.12,5000.0,446.12
19,806006,263,289,944750,7012250,455.52,5000.0,455.52
19,806007,264,289,946250,7012250,473.47,5000.0,473.47
19,806286,263,290,944750,7010750,452.62,5000.0,452.62
19,806287,264,290,946250,7010750,473.75,5000.0,473.75
19,806288,265,290,947750,7010750,521.76,5000.0,521.76
19,806289,266,290,949250,7010750,514.38,5000.0,514.38
19,806290,267,290,950750,7010750,523.45,5000.0,523.45
19,806291,268,290,952250,7010750,541.79,5000.0,541.79
19,806307,290,290,985250,7010750,554.19,5000.0,554.19
19,806569,262,291,943250,7009250,450.01,5000.0,450.01
19,806570,263,291,944750,7009250,460.22,5000.0,460.22
19,806571,264,291,946250,7009250,471.29,5000.0,471.29
19,806572,265,291,947750,7009250,481.88,5000.0,481.88
19,806573,266,291,949250,7009250,493.95,5000.0,493.95
19,806574,267,291,950750,7009250,516.58,5000.0,516.58
19,806575,268,291,952250,7009250,551.29,5000.0,551.29
19,806852,263,292,944750,7007750,454.63,5000.0,454.63
19,806853,264,292,946250,7007750,473.42,5000.0,473.42
19,806854,265,292,947750,7007750,501.66,5000.0,501.66
19,806855,266,292,949250,7007750,497.95,5000.0,497.95
19,806856,267,292,950750,7007750,523.19,5000.0,523.19
19,806857,268,292,952250,7007750,525.58,5000.0,525.58
19,806859,270,292,955250,7007750,521.92,5000.0,521.92
19,806860,271,292,956750,7007750,532.26,5000.0,532.26
19,807129,262,293,943250,7006250,444.72,5000.0,444.72
19,807130,263,293,944750,7006250,461.08,5000.0,461.08
19,807131,264,293,946250,7006250,463.42,5000.0,463.42
19,807132,265,293,947750,7006250,449.5,5000.0,449.5
19,807133,266,293,949250,7006250,450.74,5000.0,450.74
19,807134,267,293,950750,7006250,462.56,5000.0,462.56
19,807135,268,293,952250,7006250,476.82,5000.0,476.82
19,807136,269,293,953750,7006250,498.05,5000.0,498.05
19,807137,270,293,955250,7006250,527.27,5000.0,527.27
19,807138,271,293,956750,7006250,578.81,5000.0,578.81
19,807139,272,293,958250,7006250,529.91,5000.0,529.91
19,807409,264,294,946250,7004750,426.17,5000.0,426.17
19,807410,265,294,947750,7004750,435.11,5000.0,435.11
19,807411,266,294,949250,7004750,441.56,5000.0,441.56
19,807412,267,294,950750,7004750,458.88,5000.0,458.88
19,807413,268,294,952250,7004750,492.66,5000.0,492.66
19,807414,269,294,953750,7004750,532.76,5000.0,532.76
19,807415,270,294,955250,7004750,541.11,5000.0,541.11
19,807416,271,294,956750,7004750,524.04,5000.0,524.04
19,807417,272,294,958250,7004750,511.08,5000.0,511.08
19,807418,274,294,961250,7004750,535.1,5000.0,535.1
19,807426,287,294,980750,7004750,518.24,5000.0,518.24
19,807691,265,295,947750,7003250,433.99,5000.0,433.99
19,807692,266,295,949250,7003250,442.32,5000.0,442.32
19,807693,267,295,950750,7003250,475.6,5000.0,475.6
19,807694,268,295,952250,7003250,474.08,5000.0,474.08
19,807695,269,295,953750,7003250,493.61,5000.0,493.61
19,807696,270,295,955250,7003250,507.46,5000.0,507.46
19,807697,271,295,956750,7003250,479.31,5000.0,479.31
19,807698,274,295,961250,7003250,550.72,5000.0,550.72
19,807707,286,295,979250,7003250,490.26,5000.0,490.26
19,807972,265,296,947750,7001750,417.56,5000.0,417.56
19,807973,266,296,949250,7001750,441.5,5000.0,441.5
19,807974,267,296,950750,7001750,454.89,5000.0,454.89
19,807975,268,296,952250,7001750,445.51,5000.0,445.51
19,807976,269,296,953750,7001750,476.49,5000.0,476.49
19,807977,270,296,955250,7001750,461.1,5000.0,461.1
19,807978,272,296,958250,7001750,512.93,5000.0,512.93
19,807979,273,296,959750,7001750,530.27,5000.0,530.27
19,807980,274,296,961250,7001750,556.87,5000.0,556.87
19,807981,275,296,962750,7001750,588.46,5000.0,588.46
19,807983,277,296,965750,7001750,525.87,5000.0,525.87
19,807984,278,296,967250,7001750,529.15,5000.0,529.15
19,807988,286,296,979250,7001750,531.68,5000.0,531.68
19,807989,288,296,982250,7001750,534.45,5000.0,534.45
19,808253,264,297,946250,7000250,405.76,5000.0,405.76
19,808254,265,297,947750,7000250,410.39,5000.0,410.39
19,808255,266,297,949250,7000250,417.45,5000.0,417.45
19,808256,267,297,950750,7000250,427.69,5000.0,427.69
19,808257,268,297,952250,7000250,432.94,5000.0,432.94
19,808258,269,297,953750,7000250,438.48,5000.0,438.48
19,808259,270,297,955250,7000250,455.08,5000.0,455.08
19,808260,271,297,956750,7000250,489.96,5000.0,489.96
19,808261,272,297,958250,7000250,543.41,5000.0,543.41
19,808262,273,297,959750,7000250,521.89,5000.0,521.89
19,808263,274,297,961250,7000250,532.55,5000.0,532.55
19,808264,275,297,962750,7000250,574.13,5000.0,574.13
19,808265,276,297,964250,7000250,506.57,5000.0,506.57
19,808266,277,297,965750,7000250,507.43,5000.0,507.43
19,808267,278,297,967250,7000250,547.65,5000.0,547.65
19,808268,279,297,968750,7000250,572.69,5000.0,572.69
19,808272,285,297,977750,7000250,502.04,5000.0,502.04
19,808273,286,297,979250,7000250,522.3,5000.0,522.3
19,808274,287,297,980750,7000250,530.12,5000.0,530.12
19,808275,288,297,982250,7000250,506.49,5000.0,506.49
19,808539,264,298,946250,6998750,403.17,5000.0,403.17
19,808540,265,298,947750,6998750,410.22,5000.0,410.22
19,808541,266,298,949250,6998750,417.26,5000.0,417.26
19,808542,267,298,950750,6998750,424.34,5000.0,424.34
19,808543,268,298,952250,6998750,430.91,5000.0,430.91
19,808544,269,298,953750,6998750,448.14,5000.0,448.14
19,808545,270,298,955250,6998750,475.93,5000.0,475.93
19,808546,271,298,956750,6998750,522.93,5000.0,522.93
19,808547,272,298,958250,6998750,522.32,5000.0,522.32
19,808548,273,298,959750,6998750,494.2,5000.0,494.2
19,808549,274,298,961250,6998750,516.6,5000.0,516.6
19,808550,275,298,962750,6998750,491.67,5000.0,491.67
19,808551,276,298,964250,6998750,487.56,5000.0,487.56
19,808552,277,298,965750,6998750,518.93,5000.0,518.93
19,808553,278,298,967250,6998750,552.02,5000.0,552.02
19,808557,284,298,976250,6998750,569.23,5000.0,569.23
19,808558,285,298,977750,6998750,553.1,5000.0,553.1
19,808559,286,298,979250,6998750,570.28,5000.0,570.28
19,808560,287,298,980750,6998750,587.28,5000.0,587.28
19,808561,288,298,982250,6998750,527.86,5000.0,527.86
19,808562,289,298,983750,6998750,534.3,5000.0,534.3
19,808823,261,299,941750,6997250,387.97,5000.0,387.97
19,808824,262,299,943250,6997250,391.21,5000.0,391.21
19,808825,263,299,944750,6997250,395.47,5000.0,395.47
19,808826,264,299,946250,6997250,402.35,5000.0,402.35
19,808827,265,299,947750,6997250,413.84,5000.0,413.84
19,808828,266,299,949250,6997250,424.7,5000.0,424.7
19,808829,267,299,950750,6997250,433.43,5000.0,433.43
19,808830,268,299,952250,6997250,458.56,5000.0,458.56
19,808831,269,299,953750,6997250,468.42,5000.0,468.42
19,808832,270,299,955250,6997250,495.04,5000.0,495.04
19,808833,271,299,956750,6997250,510.96,5000.0,510.96
19,808834,272,299,958250,6997250,478.4,5000.0,478.4
19,808835,273,299,959750,6997250,478.27,5000.0,478.27
19,808836,274,299,961250,6997250,472.83,5000.0,472.83
19,808837,275,299,962750,6997250,480.78,5000.0,480.78
19,808838,276,299,964250,6997250,497.15,5000.0,497.15
19,808839,277,299,965750,6997250,530.54,5000.0,530.54
19,808840,278,299,967250,6997250,591.86,5000.0,591.86
19,808847,285,299,977750,6997250,558.26,5000.0,558.26
19,808848,286,299,979250,6997250,526.1,5000.0,526.1
19,808849,290,299,985250,6997250,571.82,5000.0,571.82
19,808850,291,299,986750,6997250,581.25,5000.0,581.25
19,809110,260,300,940250,6995750,382.36,5000.0,382.36
19,809113,263,300,944750,6995750,415.87,5000.0,415.87
19,809114,264,300,946250,6995750,429.19,5000.0,429.19
19,809115,265,300,947750,6995750,418.11,5000.0,418.11
19,809116,266,300,949250,6995750,427.62,5000.0,427.62
19,809117,267,300,950750,6995750,442.42,5000.0,442.42
19,809118,268,300,952250,6995750,470.01,5000.0,470.01
19,809119,269,300,953750,6995750,492.83,5000.0,492.83
19,809120,270,300,955250,6995750,479.39,5000.0,479.39
19,809121,271,300,956750,6995750,476.18,5000.0,476.18
19,809122,272,300,958250,6995750,470.94,5000.0,470.94
19,809123,274,300,961250,6995750,469.93,5000.0,469.93
19,809124,275,300,962750,6995750,497.38,5000.0,497.38
19,809125,276,300,964250,6995750,486.07,5000.0,486.07
19,809126,277,300,965750,6995750,502.78,5000.0,502.78
19,809127,278,300,967250,6995750,526.15,5000.0,526.15
19,809128,279,300,968750,6995750,579.21,5000.0,579.21
19,809135,286,300,979250,6995750,542.85,5000.0,542.85
19,809136,288,300,982250,6995750,552.26,5000.0,552.26
19,809398,262,301,943250,6994250,388.01,5000.0,388.01
19,809399,263,301,944750,6994250,402.84,5000.0,402.84
19,809400,264,301,946250,6994250,419.39,5000.0,419.39
19,809401,265,301,947750,6994250,434.98,5000.0,434.98
19,809402,266,301,949250,6994250,441.38,5000.0,441.38
19,809403,267,301,950750,6994250,452.07,5000.0,452.07
19,809404,268,301,952250,6994250,453.19,5000.0,453.19
19,809405,269,301,953750,6994250,458.53,5000.0,458.53
19,809406,270,301,955250,6994250,465.44,5000.0,465.44
19,809407,271,301,956750,6994250,452.18,5000.0,452.18
19,809408,272,301,958250,6994250,439.32,5000.0,439.32
19,809409,273,301,959750,6994250,452.03,5000.0,452.03
19,809410,274,301,961250,6994250,471.12,5000.0,471.12
19,809411,275,301,962750,6994250,462.04,5000.0,462.04
19,809412,276,301,964250,6994250,480.23,5000.0,480.23
19,809413,277,301,965750,6994250,516.86,5000.0,516.86
19,809414,278,301,967250,6994250,561.32,5000.0,561.32
19,809415,279,301,968750,6994250,529.91,5000.0,529.91
19,809422,286,301,979250,6994250,610.84,5000.0,610.84
19,809423,287,301,980750,6994250,541.14,5000.0,541.14
19,809424,288,301,982250,6994250,524.72,5000.0,524.72
19,809425,293,301,989750,6994250,421.54,5000.0,421.54
19,809687,262,302,943250,6992750,383.81,5000.0,383.81
19,809690,265,302,947750,6992750,414.76,5000.0,414.76
19,809691,266,302,949250,6992750,427.66,5000.0,427.66
19,809692,267,302,950750,6992750,433.56,5000.0,433.56
19,809693,268,302,952250,6992750,453.32,5000.0,453.32
19,809694,269,302,953750,6992750,443.7,5000.0,443.7
19,809695,270,302,955250,6992750,461.55,5000.0,461.55
19,809696,271,302,956750,6992750,447.24,5000.0,447.24
19,809697,272,302,958250,6992750,430.14,5000.0,430.14
19,809698,273,302,959750,6992750,441.8,5000.0,441.8
19,809699,274,302,961250,6992750,446.83,5000.0,446.83
19,809700,275,302,962750,6992750,489.57,5000.0,489.57
19,809701,276,302,964250,6992750,503.26,5000.0,503.26
19,809702,277,302,965750,6992750,510.14,5000.0,510.14
19,809703,278,302,967250,6992750,494.98,5000.0,494.98
19,809704,279,302,968750,6992750,518.0,5000.0,518.0
19,809705,280,302,970250,6992750,557.9,5000.0,557.9
19,809712,287,302,980750,6992750,520.14,5000.0,520.14
19,809713,290,302,985250,6992750,470.41,5000.0,470.41
19,809714,294,302,991250,6992750,448.35,5000.0,448.35
19,809980,266,303,949250,6991250,416.91,5000.0,416.91
19,809981,267,303,950750,6991250,428.48,5000.0,428.48
19,809982,268,303,952250,6991250,432.15,5000.0,432.15
19,809983,269,303,953750,6991250,434.68,5000.0,434.68
19,809986,272,303,958250,6991250,423.97,5000.0,423.97
19,809987,273,303,959750,6991250,426.8,5000.0,426.8
19,809988,274,303,961250,6991250,447.75,5000.0,447.75
19,809989,275,303,962750,6991250,468.02,5000.0,468.02
19,809990,276,303,964250,6991250,488.57,5000.0,488.57
19,809991,277,303,965750,6991250,470.91,5000.0,470.91
19,809992,278,303,967250,6991250,479.59,5000.0,479.59
19,809993,279,303,968750,6991250,529.79,5000.0,529.79
19,809994,280,303,970250,6991250,556.72,5000.0,556.72
19,809996,282,303,973250,6991250,541.57,5000.0,541.57
19,809997,283,303,974750,6991250,588.26,5000.0,588.26
19,810001,288,303,982250,6991250,525.07,5000.0,525.07
19,810271,268,304,952250,6989750,419.35,5000.0,419.35
19,810276,273,304,959750,6989750,420.23,5000.0,420.23
19,810277,274,304,961250,6989750,439.87,5000.0,439.87
19,810278,275,304,962750,6989750,445.37,5000.0,445.37
19,810279,276,304,964250,6989750,459.02,5000.0,459.02
19,810280,277,304,965750,6989750,456.25,5000.0,456.25
19,810281,278,304,967250,6989750,478.65,5000.0,478.65
19,810282,279,304,968750,6989750,537.12,5000.0,537.12
19,810283,280,304,970250,6989750,497.7,5000.0,497.7
19,810284,281,304,971750,6989750,523.05,5000.0,523.05
19,810285,282,304,973250,6989750,545.17,5000.0,545.17
19,810286,283,304,974750,6989750,607.73,5000.0,607.73
19,810295,292,304,988250,6989750,520.73,5000.0,520.73
19,810296,293,304,989750,6989750,501.95,5000.0,501.95
19,810297,294,304,991250,6989750,460.1,5000.0,460.1
19,810571,274,305,961250,6988250,424.21,5000.0,424.21
19,810572,275,305,962750,6988250,430.21,5000.0,430.21
19,810574,277,305,965750,6988250,453.17,5000.0,453.17
19,810575,278,305,967250,6988250,476.68,5000.0,476.68
19,810576,279,305,968750,6988250,474.17,5000.0,474.17
19,810577,280,305,970250,6988250,472.78,5000.0,472.78
19,810578,281,305,971750,6988250,500.39,5000.0,500.39
19,810579,282,305,973250,6988250,534.9,5000.0,534.9
19,810588,291,305,986750,6988250,499.45,5000.0,499.45
19,810589,292,305,988250,6988250,449.8,5000.0,449.8
19,810590,293,305,989750,6988250,443.51,5000.0,443.51
19,810868,278,306,967250,6986750,452.59,5000.0,452.59
19,810869,279,306,968750,6986750,458.31,5000.0,458.31
19,810870,280,306,970250,6986750,476.15,5000.0,476.15
19,810871,281,306,971750,6986750,504.17,5000.0,504.17
19,810872,282,306,973250,6986750,538.79,5000.0,538.79
19,810881,291,306,986750,6986750,533.06,5000.0,533.06
19,810882,292,306,988250,6986750,464.74,5000.0,464.74
19,810883,294,306,991250,6986750,474.96,5000.0,474.96
19,811162,279,307,968750,6985250,475.39,5000.0,475.39
19,811163,280,307,970250,6985250,504.97,5000.0,504.97
19,811174,291,307,986750,6985250,493.85,5000.0,493.85
19,811175,293,307,989750,6985250,488.38,5000.0,488.38
19,811176,294,307,991250,6985250,535.28,5000.0,535.28
19,811461,285,308,977750,6983750,523.69,5000.0,523.69
19,811467,291,308,986750,6983750,499.39,5000.0,499.39
19,811468,292,308,988250,6983750,478.31,5000.0,478.31
19,811748,279,309,968750,6982250,464.13,5000.0,464.13
19,811749,280,309,970250,6982250,458.57,5000.0,458.57
19,811750,281,309,971750,6982250,468.33,5000.0,468.33
19,811751,282,309,973250,6982250,473.42,5000.0,473.42
19,811752,283,309,974750,6982250,493.2,5000.0,493.2
19,811753,284,309,976250,6982250,518.09,5000.0,518.09
19,811754,285,309,977750,6982250,503.31,5000.0,503.31
19,811755,286,309,979250,6982250,521.53,5000.0,521.53
19,811761,292,309,988250,6982250,529.21,5000.0,529.21
19,812041,280,310,970250,6980750,448.38,5000.0,448.38
19,812042,281,310,971750,6980750,454.11,5000.0,454.11
19,812043,282,310,973250,6980750,461.84,5000.0,461.84
19,812044,283,310,974750,6980750,475.69,5000.0,475.69
19,812045,284,310,976250,6980750,484.85,5000.0,484.85
19,812046,285,310,977750,6980750,497.43,5000.0,497.43
19,812047,286,310,979250,6980750,527.2,5000.0,527.2
19,812332,280,311,970250,6979250,452.76,5000.0,452.76
19,812333,281,311,971750,6979250,458.38,5000.0,458.38
19,812334,282,311,973250,6979250,467.89,5000.0,467.89
19,812335,283,311,974750,6979250,473.87,5000.0,473.87
19,812336,284,311,976250,6979250,487.42,5000.0,487.42
19,812337,285,311,977750,6979250,516.61,5000.0,516.61
19,812625,279,312,968750,6977750,443.2,5000.0,443.2
19,812626,280,312,970250,6977750,459.09,5000.0,459.09
19,812627,281,312,971750,6977750,496.55,5000.0,496.55
19,812628,282,312,973250,6977750,498.96,5000.0,498.96
19,812629,283,312,974750,6977750,489.95,5000.0,489.95
19,812630,284,312,976250,6977750,521.86,5000.0,521.86
19,812631,285,312,977750,6977750,543.89,5000.0,543.89
19,812632,286,312,979250,6977750,512.92,5000.0,512.92
19,812633,287,312,980750,6977750,512.64,5000.0,512.64
19,812920,280,313,970250,6976250,470.45,5000.0,470.45
19,812921,281,313,971750,6976250,483.87,5000.0,483.87
19,812922,282,313,973250,6976250,495.83,5000.0,495.83
19,812923,283,313,974750,6976250,530.08,5000.0,530.08
19,812924,284,313,976250,6976250,540.13,5000.0,540.13
19,812925,285,313,977750,6976250,519.04,5000.0,519.04
19,812926,286,313,979250,6976250,510.53,5000.0,510.53
19,812927,287,313,980750,6976250,518.36,5000.0,518.36
19,812928,288,313,982250,6976250,563.38,5000.0,563.38
19,812931,291,313,986750,6976250,604.82,5000.0,604.82
19,812932,292,313,988250,6976250,612.78,5000.0,612.78
19,812935,299,313,998750,6976250,580.18,5000.0,580.18
19,812936,300,313,1000250,6976250,583.37,5000.0,583.37
19,813216,280,314,970250,6974750,461.79,5000.0,461.79
19,813217,281,314,971750,6974750,475.15,5000.0,475.15
19,813218,282,314,973250,6974750,490.15,5000.0,490.15
19,813219,283,314,974750,6974750,502.07,5000.0,502.07
19,813220,284,314,976250,6974750,493.54,5000.0,493.54
19,813221,285,314,977750,6974750,487.56,5000.0,487.56
19,813222,286,314,979250,6974750,486.88,5000.0,486.88
19,813510,280,315,970250,6973250,456.62,5000.0,456.62
19,813511,281,315,971750,6973250,478.25,5000.0,478.25
19,813512,282,315,973250,6973250,464.26,5000.0,464.26
19,813513,283,315,974750,6973250,471.23,5000.0,471.23
19,813514,284,315,976250,6973250,467.16,5000.0,467.16
19,813515,285,315,977750,6973250,472.93,5000.0,472.93
19,813516,286,315,979250,6973250,512.6,5000.0,512.6
19,813517,287,315,980750,6973250,502.84,5000.0,502.84
19,813518,288,315,982250,6973250,523.36,5000.0,523.36
19,813527,300,315,1000250,6973250,551.29,5000.0,551.29
19,813807,280,316,970250,6971750,451.05,5000.0,451.05
19,813808,281,316,971750,6971750,475.75,5000.0,475.75
19,813809,282,316,973250,6971750,451.49,5000.0,451.49
19,813811,284,316,976250,6971750,462.45,5000.0,462.45
19,813812,285,316,977750,6971750,488.04,5000.0,488.04
19,813819,292,316,988250,6971750,512.49,5000.0,512.49
19,814108,281,317,971750,6970250,446.08,5000.0,446.08
19,814111,284,317,976250,6970250,464.12,5000.0,464.12
19,814117,291,317,986750,6970250,489.62,5000.0,489.62
19,814118,292,317,988250,6970250,523.55,5000.0,523.55
19,814119,293,317,989750,6970250,522.74,5000.0,522.74
19,814120,294,317,991250,6970250,593.25,5000.0,593.25
19,814123,297,317,995750,6970250,611.92,5000.0,611.92
19,814124,298,317,997250,6970250,619.6,5000.0,619.6
19,814418,291,318,986750,6968750,502.27,5000.0,502.27
19,814419,292,318,988250,6968750,496.38,5000.0,496.38
19,814420,293,318,989750,6968750,533.38,5000.0,533.38
19,814422,296,318,994250,6968750,589.3,5000.0,589.3
19,814423,297,318,995750,6968750,603.07,5000.0,603.07
19,814424,298,318,997250,6968750,578.08,5000.0,578.08
19,814717,290,319,985250,6967250,452.21,5000.0,452.21
19,814718,291,319,986750,6967250,466.73,5000.0,466.73
19,814719,292,319,988250,6967250,497.57,5000.0,497.57
19,814720,293,319,989750,6967250,527.19,5000.0,527.19
19,814721,294,319,991250,6967250,579.68,5000.0,579.68
19,814722,295,319,992750,6967250,594.01,5000.0,594.01
19,814723,297,319,995750,6967250,585.86,5000.0,585.86
19,814724,298,319,997250,6967250,640.42,5000.0,640.42
19,815015,291,320,986750,6965750,498.69,5000.0,498.69
19,815016,292,320,988250,6965750,539.18,5000.0,539.18
19,815017,293,320,989750,6965750,558.36,5000.0,558.36
19,815018,294,320,991250,6965750,562.45,5000.0,562.45
19,815019,295,320,992750,6965750,576.22,5000.0,576.22
19,815020,297,320,995750,6965750,595.43,5000.0,595.43
19,815021,298,320,997250,6965750,617.7,5000.0,617.7
19,815311,291,321,986750,6964250,493.76,5000.0,493.76
19,815312,292,321,988250,6964250,528.24,5000.0,528.24
19,815313,293,321,989750,6964250,555.45,5000.0,555.45
19,815314,294,321,991250,6964250,542.46,5000.0,542.46
19,815601,288,322,982250,6962750,432.58,5000.0,432.58
19,815602,289,322,983750,6962750,436.98,5000.0,436.98
19,815603,290,322,985250,6962750,440.67,5000.0,440.67
19,815604,291,322,986750,6962750,458.87,5000.0,458.87
19,815605,292,322,988250,6962750,495.41,5000.0,495.41
19,815606,293,322,989750,6962750,496.49,5000.0,496.49
19,815607,296,322,994250,6962750,534.86,5000.0,534.86
19,815895,289,323,983750,6961250,456.07,5000.0,456.07
19,815896,290,323,985250,6961250,445.71,5000.0,445.71
19,815897,291,323,986750,6961250,488.61,5000.0,488.61
19,815898,292,323,988250,6961250,474.87,5000.0,474.87
19,815899,293,323,989750,6961250,515.2,5000.0,515.2
19,815900,294,323,991250,6961250,534.91,5000.0,534.91
19,815901,295,323,992750,6961250,559.22,5000.0,559.22
19,816190,290,324,985250,6959750,453.36,5000.0,453.36
19,816191,291,324,986750,6959750,486.81,5000.0,486.81
19,816192,292,324,988250,6959750,486.67,5000.0,486.67
19,816193,293,324,989750,6959750,496.65,5000.0,496.65
19,816194,294,324,991250,6959750,493.5,5000.0,493.5
19,816485,291,325,986750,6958250,495.38,5000.0,495.38
19,816486,292,325,988250,6958250,518.24,5000.0,518.24
19,816487,293,325,989750,6958250,522.75,5000.0,522.75
19,816488,294,325,991250,6958250,504.04,5000.0,504.04
19,816492,299,325,998750,6958250,454.3,5000.0,454.3
19,816493,300,325,1000250,6958250,453.92,5000.0,453.92
19,816785,298,326,997250,6956750,461.04,5000.0,461.04
19,817078,297,327,995750,6955250,498.19,5000.0,498.19
19,817079,298,327,997250,6955250,455.69,5000.0,455.69
19,817080,299,327,998750,6955250,442.0,5000.0,442.0
19,817081,300,327,1000250,6955250,371.56,5000.0,371.56
19,817374,297,328,995750,6953750,415.74,5000.0,415.74
19,817375,299,328,998750,6953750,334.08,5000.0,334.08
19,817666,295,329,992750,6952250,432.23,5000.0,432.23
19,817667,296,329,994250,6952250,378.93,5000.0,378.93
19,817668,297,329,995750,6952250,374.55,5000.0,374.55
19,817960,295,330,992750,6950750,428.15,5000.0,428.15
19,817961,296,330,994250,6950750,376.27,5000.0,376.27
19,817962,297,330,995750,6950750,367.71,5000.0,367.71
19,817963,298,330,997250,6950750,320.49,5000.0,320.49
19,817964,299,330,998750,6950750,299.78,5000.0,299.78
19,817965,300,330,1000250,6950750,263.89,5000.0,263.89
19,817966,301,330,1001750,6950750,227.15,5000.0,227.15
19,818257,294,331,991250,6949250,424.11,5000.0,424.11
19,818258,295,331,992750,6949250,421.5,5000.0,421.5
19,818259,296,331,994250,6949250,418.93,5000.0,418.93
19,818260,297,331,995750,6949250,401.38,5000.0,401.38
19,818261,298,331,997250,6949250,404.98,5000.0,404.98
19,818262,299,331,998750,6949250,272.09,5000.0,272.09
19,818554,295,332,992750,6947750,352.09,5000.0,352.09
19,818555,296,332,994250,6947750,330.4,5000.0,330.4
19,818556,298,332,997250,6947750,315.73,5000.0,315.73
19,818557,301,332,1001750,6947750,186.84,5000.0,186.84
19,818849,295,333,992750,6946250,305.84,5000.0,305.84
19,818850,296,333,994250,6946250,303.1,5000.0,303.1
19,818851,297,333,995750,6946250,304.77,5000.0,304.77
19,818852,299,333,998750,6946250,252.49,5000.0,252.49
19,818853,300,333,1000250,6946250,196.28,5000.0,196.28
19,819145,295,334,992750,6944750,334.14,5000.0,334.14
19,819146,296,334,994250,6944750,305.03,5000.0,305.03
19,819147,297,334,995750,6944750,265.21,5000.0,265.21
19,819148,298,334,997250,6944750,231.84,5000.0,231.84
19,819149,299,334,998750,6944750,229.09,5000.0,229.09
19,819150,300,334,1000250,6944750,190.13,5000.0,190.13
19,819151,301,334,1001750,6944750,178.93,5000.0,178.93
19,819443,296,335,994250,6943250,339.61,5000.0,339.61
19,819444,297,335,995750,6943250,270.29,5000.0,270.29
19,819445,298,335,997250,6943250,234.96,5000.0,234.96
19,819446,299,335,998750,6943250,206.83,5000.0,206.83
19,819447,300,335,1000250,6943250,191.9,5000.0,191.9
19,819448,301,335,1001750,6943250,172.03,5000.0,172.03
19,819449,302,335,1003250,6943250,163.85,5000.0,163.85
19,819740,296,336,994250,6941750,302.66,5000.0,302.66
19,819741,297,336,995750,6941750,285.04,5000.0,285.04
19,819742,298,336,997250,6941750,254.76,5000.0,254.76
19,819743,299,336,998750,6941750,221.77,5000.0,221.77
19,819744,300,336,1000250,6941750,193.01,5000.0,193.01
19,819745,301,336,1001750,6941750,174.89,5000.0,174.89
19,819746,302,336,1003250,6941750,178.27,5000.0,178.27
19,819747,303,336,1004750,6941750,157.46,5000.0,157.46
19,819748,305,336,1007750,6941750,146.19,5000.0,146.19
19,819749,306,336,1009250,6941750,151.62,5000.0,151.62
19,820040,296,337,994250,6940250,330.55,5000.0,330.55
19,820041,297,337,995750,6940250,340.78,5000.0,340.78
19,820042,298,337,997250,6940250,264.64,5000.0,264.64
19,820043,299,337,998750,6940250,233.6,5000.0,233.6
19,820044,300,337,1000250,6940250,215.36,5000.0,215.36
19,820045,301,337,1001750,6940250,187.45,5000.0,187.45
19,820046,302,337,1003250,6940250,164.26,5000.0,164.26
19,820047,303,337,1004750,6940250,142.5,5000.0,142.5
19,820048,304,337,1006250,6940250,124.39,5000.0,124.39
19,820340,297,338,995750,6938750,350.53,5000.0,350.53
19,820341,298,338,997250,6938750,281.16,5000.0,281.16
19,820342,299,338,998750,6938750,257.14,5000.0,257.14
19,820343,300,338,1000250,6938750,237.85,5000.0,237.85
19,820344,301,338,1001750,6938750,234.71,5000.0,234.71
19,820345,302,338,1003250,6938750,180.39,5000.0,180.39
19,820346,303,338,1004750,6938750,171.51,5000.0,171.51
19,820347,304,338,1006250,6938750,170.1,5000.0,170.1
19,820348,305,338,1007750,6938750,142.02,5000.0,142.02
19,820349,306,338,1009250,6938750,121.55,5000.0,121.55
19,820639,296,339,994250,6937250,349.36,5000.0,349.36
19,820640,297,339,995750,6937250,297.85,5000.0,297.85
19,820641,298,339,997250,6937250,327.54,5000.0,327.54
19,820642,299,339,998750,6937250,276.25,5000.0,276.25
19,820643,300,339,1000250,6937250,325.97,5000.0,325.97
19,820644,301,339,1001750,6937250,317.56,5000.0,317.56
19,820645,302,339,1003250,6937250,224.48,5000.0,224.48
19,820646,303,339,1004750,6937250,277.72,5000.0,277.72
19,820647,304,339,1006250,6937250,174.73,5000.0,174.73
19,820648,305,339,1007750,6937250,130.78,5000.0,130.78
19,820649,306,339,1009250,6937250,146.09,5000.0,146.09
19,820938,295,340,992750,6935750,328.81,5000.0,328.81
19,820939,296,340,994250,6935750,307.42,5000.0,307.42
19,820940,297,340,995750,6935750,308.06,5000.0,308.06
19,820941,298,340,997250,6935750,328.33,5000.0,328.33
19,820942,299,340,998750,6935750,305.21,5000.0,305.21
19,820943,300,340,1000250,6935750,275.97,5000.0,275.97
19,820944,301,340,1001750,6935750,249.39,5000.0,249.39
19,820945,302,340,1003250,6935750,203.76,5000.0,203.76
19,820946,303,340,1004750,6935750,192.82,5000.0,192.82
19,820947,305,340,1007750,6935750,150.57,5000.0,150.57
19,820948,306,340,1009250,6935750,181.28,5000.0,181.28
19,821236,294,341,991250,6934250,363.91,5000.0,363.91
19,821237,295,341,992750,6934250,356.18,5000.0,356.18
19,821238,296,341,994250,6934250,337.27,5000.0,337.27
19,821239,297,341,995750,6934250,317.24,5000.0,317.24
19,821240,298,341,997250,6934250,258.17,5000.0,258.17
19,821241,299,341,998750,6934250,284.08,5000.0,284.08
19,821242,300,341,1000250,6934250,259.18,5000.0,259.18
19,821243,301,341,1001750,6934250,213.45,5000.0,213.45
19,821244,302,341,1003250,6934250,168.95,5000.0,168.95
19,821245,303,341,1004750,6934250,159.91,5000.0,159.91
19,821246,304,341,1006250,6934250,165.57,5000.0,165.57
19,821247,305,341,1007750,6934250,190.75,5000.0,190.75
19,821248,306,341,1009250,6934250,186.42,5000.0,186.42
19,821537,296,342,994250,6932750,301.03,5000.0,301.03
19,821538,297,342,995750,6932750,276.97,5000.0,276.97
19,821539,298,342,997250,6932750,264.86,5000.0,264.86
19,821540,299,342,998750,6932750,241.09,5000.0,241.09
19,821541,300,342,1000250,6932750,215.55,5000.0,215.55
19,821542,301,342,1001750,6932750,208.79,5000.0,208.79
19,821543,302,342,1003250,6932750,196.33,5000.0,196.33
19,821544,303,342,1004750,6932750,211.43,5000.0,211.43
19,821545,304,342,1006250,6932750,208.27,5000.0,208.27
19,821546,305,342,1007750,6932750,255.17,5000.0,255.17
19,821547,306,342,1009250,6932750,191.73,5000.0,191.73
19,821836,296,343,994250,6931250,363.95,5000.0,363.95
19,821837,297,343,995750,6931250,356.91,5000.0,356.91
19,821838,298,343,997250,6931250,295.81,5000.0,295.81
19,821839,299,343,998750,6931250,250.74,5000.0,250.74
19,821840,300,343,1000250,6931250,217.57,5000.0,217.57
19,821841,301,343,1001750,6931250,307.75,5000.0,307.75
19,821842,302,343,1003250,6931250,269.73,5000.0,269.73
19,821843,303,343,1004750,6931250,313.8,5000.0,313.8
19,821844,304,343,1006250,6931250,259.23,5000.0,259.23
19,821845,305,343,1007750,6931250,322.68,5000.0,322.68
19,821846,306,343,1009250,6931250,217.61,5000.0,217.61
19,822135,297,344,995750,6929750,371.36,5000.0,371.36
19,822136,298,344,997250,6929750,297.48,5000.0,297.48
19,822137,299,344,998750,6929750,263.19,5000.0,263.19
19,822138,300,344,1000250,6929750,244.96,5000.0,244.96
19,822139,301,344,1001750,6929750,342.41,5000.0,342.41
19,822140,302,344,1003250,6929750,274.87,5000.0,274.87
19,822141,303,344,1004750,6929750,286.92,5000.0,286.92
19,822142,304,344,1006250,6929750,239.54,5000.0,239.54
19,822143,305,344,1007750,6929750,211.14,5000.0,211.14
19,822432,297,345,995750,6928250,339.15,5000.0,339.15
19,822433,298,345,997250,6928250,305.81,5000.0,305.81
19,822434,299,345,998750,6928250,275.82,5000.0,275.82
19,822435,300,345,1000250,6928250,303.34,5000.0,303.34
19,822436,301,345,1001750,6928250,436.18,5000.0,436.18
19,822437,302,345,1003250,6928250,376.01,5000.0,376.01
19,822438,303,345,1004750,6928250,295.26,5000.0,295.26
19,822439,304,345,1006250,6928250,215.81,5000.0,215.81
19,822440,305,345,1007750,6928250,184.88,5000.0,184.88
19,822441,306,345,1009250,6928250,179.43,5000.0,179.43
19,822730,298,346,997250,6926750,351.05,5000.0,351.05
19,822731,299,346,998750,6926750,316.31,5000.0,316.31
19,822732,300,346,1000250,6926750,420.15,5000.0,420.15
19,822733,301,346,1001750,6926750,438.81,5000.0,438.81
19,822734,302,346,1003250,6926750,376.26,5000.0,376.26
19,822735,303,346,1004750,6926750,290.08,5000.0,290.08
19,822736,304,346,1006250,6926750,196.55,5000.0,196.55
19,822737,305,346,1007750,6926750,202.37,5000.0,202.37
19,822738,306,346,1009250,6926750,292.36,5000.0,292.36
19,823033,303,347,1004750,6925250,265.04,5000.0,265.04
19,823034,304,347,1006250,6925250,196.55,5000.0,196.55
19,823035,305,347,1007750,6925250,216.24,5000.0,216.24
19,823036,306,347,1009250,6925250,242.89,5000.0,242.89
19,823328,300,348,1000250,6923750,387.54,5000.0,387.54
19,823329,301,348,1001750,6923750,321.93,5000.0,321.93
19,823330,302,348,1003250,6923750,250.71,5000.0,250.71
19,823331,303,348,1004750,6923750,225.16,5000.0,225.16
19,823332,304,348,1006250,6923750,218.78,5000.0,218.78
19,823333,305,348,1007750,6923750,289.88,5000.0,289.88
19,823334,306,348,1009250,6923750,284.14,5000.0,284.14
19,823625,300,349,1000250,6922250,305.26,5000.0,305.26
19,823626,301,349,1001750,6922250,294.28,5000.0,294.28
19,823627,302,349,1003250,6922250,261.39,5000.0,261.39
19,823628,303,349,1004750,6922250,248.87,5000.0,248.87
19,823629,304,349,1006250,6922250,281.55,5000.0,281.55
19,823921,300,350,1000250,6920750,345.22,5000.0,345.22
19,823922,301,350,1001750,6920750,293.69,5000.0,293.69
19,823923,302,350,1003250,6920750,273.15,5000.0,273.15
19,823924,303,350,1004750,6920750,283.15,5000.0,283.15
19,824180,263,351,944750,6919250,393.63,5000.0,393.63
19,824217,300,351,1000250,6919250,330.63,5000.0,330.63
19,824218,301,351,1001750,6919250,330.41,5000.0,330.41
19,824219,302,351,1003250,6919250,397.79,5000.0,397.79
19,824220,303,351,1004750,6919250,351.79,5000.0,351.79
19,824221,304,351,1006250,6919250,347.4,5000.0,347.4
19,824475,263,352,944750,6917750,394.18,5000.0,394.18
19,824476,264,352,946250,6917750,399.67,5000.0,399.67
19,824477,265,352,947750,6917750,405.86,5000.0,405.86
19,824513,301,352,1001750,6917750,354.75,5000.0,354.75
19,824514,302,352,1003250,6917750,398.99,5000.0,398.99
19,824515,303,352,1004750,6917750,431.34,5000.0,431.34
19,824516,304,352,1006250,6917750,425.2,5000.0,425.2
19,824768,263,353,944750,6916250,388.95,5000.0,388.95
19,824769,264,353,946250,6916250,399.23,5000.0,399.23
19,824770,265,353,947750,6916250,403.3,5000.0,403.3
19,825059,264,354,946250,6914750,393.51,5000.0,393.51
19,825060,265,354,947750,6914750,397.08,5000.0,397.08
19,825063,268,354,952250,6914750,407.8,5000.0,407.8
19,825064,269,354,953750,6914750,405.29,5000.0,405.29
19,826222,260,358,940250,6908750,385.07,5000.0,385.07
19,826518,262,359,943250,6907250,390.21,5000.0,390.21
19,827704,267,363,950750,6901250,396.29,5000.0,396.29
19,827705,268,363,952250,6901250,397.31,5000.0,397.31
19,827989,258,364,937250,6899750,396.99,5000.0,396.99
19,827990,259,364,938750,6899750,404.92,5000.0,404.92
19,827991,260,364,940250,6899750,396.37,5000.0,396.37
19,828001,270,364,955250,6899750,405.56,5000.0,405.56
19,828002,271,364,956750,6899750,399.86,5000.0,399.86
19,828279,258,365,937250,6898250,396.38,5000.0,396.38
19,828280,259,365,938750,6898250,402.06,5000.0,402.06
19,828285,264,365,946250,6898250,403.22,5000.0,403.22
19,828286,265,365,947750,6898250,403.63,5000.0,403.63
19,828287,266,365,949250,6898250,402.62,5000.0,402.62
19,828288,267,365,950750,6898250,401.36,5000.0,401.36
19,828289,268,365,952250,6898250,403.69,5000.0,403.69
19,828290,269,365,953750,6898250,415.77,5000.0,415.77
19,828291,270,365,955250,6898250,421.09,5000.0,421.09
19,828292,271,365,956750,6898250,418.9,5000.0,418.9
19,828293,272,365,958250,6898250,414.73,5000.0,414.73
19,828564,256,366,934250,6896750,399.93,5000.0,399.93
19,828565,257,366,935750,6896750,397.67,5000.0,397.67
19,828566,258,366,937250,6896750,398.52,5000.0,398.52
19,828567,259,366,938750,6896750,404.29,5000.0,404.29
19,828571,265,366,947750,6896750,418.0,5000.0,418.0
19,828572,266,366,949250,6896750,403.09,5000.0,403.09
19,828573,267,366,950750,6896750,402.72,5000.0,402.72
19,828574,268,366,952250,6896750,408.64,5000.0,408.64
19,828575,269,366,953750,6896750,420.46,5000.0,420.46
19,828576,270,366,955250,6896750,424.53,5000.0,424.53
19,828577,280,366,970250,6896750,416.48,5000.0,416.48
19,828578,281,366,971750,6896750,418.12,5000.0,418.12
19,828579,282,366,973250,6896750,444.34,5000.0,444.34
19,828843,255,367,932750,6895250,411.43,5000.0,411.43
19,828844,256,367,934250,6895250,405.49,5000.0,405.49
19,828845,257,367,935750,6895250,405.95,5000.0,405.95
19,828846,258,367,937250,6895250,407.57,5000.0,407.57
19,828847,259,367,938750,6895250,406.83,5000.0,406.83
19,828850,267,367,950750,6895250,410.53,5000.0,410.53
19,828851,268,367,952250,6895250,419.53,5000.0,419.53
19,828852,269,367,953750,6895250,432.64,5000.0,432.64
19,828853,281,367,971750,6895250,421.13,5000.0,421.13
19,828854,282,367,973250,6895250,435.38,5000.0,435.38
19,828855,283,367,974750,6895250,463.13,5000.0,463.13
19,829120,258,368,937250,6893750,411.83,5000.0,411.83
19,829124,262,368,943250,6893750,430.15,5000.0,430.15
19,829125,282,368,973250,6893750,417.86,5000.0,417.86
19,829126,283,368,974750,6893750,426.58,5000.0,426.58
19,829127,284,368,976250,6893750,446.81,5000.0,446.81
19,829392,262,369,943250,6892250,428.45,5000.0,428.45
19,829393,263,369,944750,6892250,434.95,5000.0,434.95
19,829394,265,369,947750,6892250,439.53,5000.0,439.53
19,829396,284,369,976250,6892250,425.14,5000.0,425.14
19,829397,285,369,977750,6892250,427.74,5000.0,427.74
19,829398,286,369,979250,6892250,429.49,5000.0,429.49
19,829649,256,370,934250,6890750,422.19,5000.0,422.19
19,829650,257,370,935750,6890750,419.6,5000.0,419.6
19,829651,258,370,937250,6890750,418.95,5000.0,418.95
19,829652,259,370,938750,6890750,419.15,5000.0,419.15
19,829653,260,370,940250,6890750,421.15,5000.0,421.15
19,829654,261,370,941750,6890750,428.36,5000.0,428.36
19,829655,262,370,943250,6890750,434.54,5000.0,434.54
19,829656,264,370,946250,6890750,436.69,5000.0,436.69
19,829657,265,370,947750,6890750,434.59,5000.0,434.59
19,829658,266,370,949250,6890750,433.07,5000.0,433.07
19,829660,287,370,980750,6890750,435.98,5000.0,435.98
19,829907,253,371,929750,6889250,440.73,5000.0,440.73
19,829908,254,371,931250,6889250,432.56,5000.0,432.56
19,829909,255,371,932750,6889250,430.18,5000.0,430.18
19,829910,256,371,934250,6889250,427.76,5000.0,427.76
19,829911,257,371,935750,6889250,430.46,5000.0,430.46
19,829912,258,371,937250,6889250,431.67,5000.0,431.67
19,829913,259,371,938750,6889250,425.74,5000.0,425.74
19,829914,260,371,940250,6889250,439.74,5000.0,439.74
19,829915,261,371,941750,6889250,445.07,5000.0,445.07
19,829916,263,371,944750,6889250,446.42,5000.0,446.42
19,829917,264,371,946250,6889250,441.82,5000.0,441.82
19,829918,265,371,947750,6889250,432.1,5000.0,432.1
19,829919,266,371,949250,6889250,422.17,5000.0,422.17
19,830164,249,372,923750,6887750,422.96,5000.0,422.96
19,830166,251,372,926750,6887750,420.8,5000.0,420.8
19,830167,252,372,928250,6887750,440.25,5000.0,440.25
19,830168,253,372,929750,6887750,442.64,5000.0,442.64
19,830169,254,372,931250,6887750,440.73,5000.0,440.73
19,830170,255,372,932750,6887750,439.26,5000.0,439.26
19,830171,256,372,934250,6887750,432.8,5000.0,432.8
19,830172,257,372,935750,6887750,437.13,5000.0,437.13
19,830173,258,372,937250,6887750,434.89,5000.0,434.89
19,830174,259,372,938750,6887750,440.14,5000.0,440.14
19,830175,260,372,940250,6887750,462.01,5000.0,462.01
19,830176,261,372,941750,6887750,461.24,5000.0,461.24
19,830177,262,372,943250,6887750,460.42,5000.0,460.42
19,830178,263,372,944750,6887750,449.64,5000.0,449.64
19,830179,288,372,982250,6887750,444.68,5000.0,444.68
19,830418,250,373,925250,6886250,419.02,5000.0,419.02
19,830419,251,373,926750,6886250,423.88,5000.0,423.88
19,830420,252,373,928250,6886250,434.8,5000.0,434.8
19,830421,253,373,929750,6886250,447.11,5000.0,447.11
19,830422,254,373,931250,6886250,455.66,5000.0,455.66
19,830423,255,373,932750,6886250,446.88,5000.0,446.88
19,830424,257,373,935750,6886250,450.86,5000.0,450.86
19,830425,258,373,937250,6886250,457.85,5000.0,457.85
19,830426,260,373,940250,6886250,467.79,5000.0,467.79
19,830427,261,373,941750,6886250,465.05,5000.0,465.05
19,830428,285,373,977750,6886250,479.84,5000.0,479.84
19,830429,287,373,980750,6886250,453.2,5000.0,453.2
19,830668,255,374,932750,6884750,461.48,5000.0,461.48
19,830669,258,374,937250,6884750,473.75,5000.0,473.75
19,830670,259,374,938750,6884750,477.19,5000.0,477.19
19,830671,260,374,940250,6884750,478.97,5000.0,478.97
19,830672,285,374,977750,6884750,500.25,5000.0,500.25
19,830673,286,374,979250,6884750,491.09,5000.0,491.09
19,830674,287,374,980750,6884750,467.33,5000.0,467.33
19,830675,288,374,982250,6884750,448.05,5000.0,448.05
19,830676,289,374,983750,6884750,449.72,5000.0,449.72
19,830677,290,374,985250,6884750,450.61,5000.0,450.61
19,830678,291,374,986750,6884750,453.02,5000.0,453.02
19,830911,260,375,940250,6883250,474.47,5000.0,474.47
19,830912,261,375,941750,6883250,460.12,5000.0,460.12
19,830913,286,375,979250,6883250,501.76,5000.0,501.76
19,830914,287,375,980750,6883250,478.29,5000.0,478.29
19,830915,288,375,982250,6883250,457.66,5000.0,457.66
19,830916,289,375,983750,6883250,466.67,5000.0,466.67
19,830917,290,375,985250,6883250,468.55,5000.0,468.55
19,830918,291,375,986750,6883250,464.53,5000.0,464.53
19,831151,286,376,979250,6881750,497.04,5000.0,497.04
19,831152,287,376,980750,6881750,488.34,5000.0,488.34
19,831153,288,376,982250,6881750,460.82,5000.0,460.82
19,831154,289,376,983750,6881750,451.23,5000.0,451.23
19,831155,290,376,985250,6881750,457.47,5000.0,457.47
19,831156,291,376,986750,6881750,457.05,5000.0,457.05
19,831157,292,376,988250,6881750,466.76,5000.0,466.76
19,831389,285,377,977750,6880250,480.33,5000.0,480.33
19,831390,286,377,979250,6880250,468.58,5000.0,468.58
19,831391,287,377,980750,6880250,472.01,5000.0,472.01
19,831392,288,377,982250,6880250,442.77,5000.0,442.77
19,831393,289,377,983750,6880250,439.33,5000.0,439.33
19,831394,290,377,985250,6880250,439.58,5000.0,439.58
19,831628,247,378,920750,6878750,357.78,5000.0,357.78
19,831629,284,378,976250,6878750,456.29,5000.0,456.29
19,831630,285,378,977750,6878750,452.44,5000.0,452.44
19,831638,293,378,989750,6878750,449.27,5000.0,449.27
19,831639,294,378,991250,6878750,452.86,5000.0,452.86
19,831640,295,378,992750,6878750,458.4,5000.0,458.4
19,831871,291,379,986750,6877250,443.84,5000.0,443.84
19,831872,292,379,988250,6877250,446.6,5000.0,446.6
19,831873,293,379,989750,6877250,471.6,5000.0,471.6
19,831874,294,379,991250,6877250,472.42,5000.0,472.42
19,832108,292,380,988250,6875750,442.38,5000.0,442.38
19,832109,293,380,989750,6875750,455.16,5000.0,455.16
19,832110,294,380,991250,6875750,462.8,5000.0,462.8
19,832111,295,380,992750,6875750,478.13,5000.0,478.13
19,832342,288,381,982250,6874250,445.23,5000.0,445.23
19,832345,293,381,989750,6874250,445.34,5000.0,445.34
19,832346,294,381,991250,6874250,459.13,5000.0,459.13
19,832347,295,381,992750,6874250,481.67,5000.0,481.67
19,832348,296,381,994250,6874250,507.38,5000.0,507.38
19,832578,240,382,910250,6872750,315.78,5000.0,315.78
19,832579,289,382,983750,6872750,448.87,5000.0,448.87
19,832580,290,382,985250,6872750,437.36,5000.0,437.36
19,832581,291,382,986750,6872750,439.47,5000.0,439.47
19,832582,292,382,988250,6872750,439.57,5000.0,439.57
19,832583,293,382,989750,6872750,443.82,5000.0,443.82
19,832584,294,382,991250,6872750,451.92,5000.0,451.92
19,832585,295,382,992750,6872750,461.39,5000.0,461.39
19,832586,296,382,994250,6872750,455.8,5000.0,455.8
19,832587,297,382,995750,6872750,462.71,5000.0,462.71
19,832588,298,382,997250,6872750,467.82,5000.0,467.82
19,832594,304,382,1006250,6872750,487.61,5000.0,487.61
19,832817,240,383,910250,6871250,319.36,5000.0,319.36
19,832818,291,383,986750,6871250,440.59,5000.0,440.59
19,832819,293,383,989750,6871250,442.5,5000.0,442.5
19,832820,294,383,991250,6871250,443.25,5000.0,443.25
19,832821,295,383,992750,6871250,443.55,5000.0,443.55
19,832822,296,383,994250,6871250,455.44,5000.0,455.44
19,832823,297,383,995750,6871250,459.58,5000.0,459.58
19,832824,298,383,997250,6871250,477.59,5000.0,477.59
19,832830,304,383,1006250,6871250,479.37,5000.0,479.37
19,832831,305,383,1007750,6871250,501.53,5000.0,501.53
19,833055,243,384,914750,6869750,324.1,5000.0,324.1
19,833056,244,384,916250,6869750,332.08,5000.0,332.08
19,833057,292,384,988250,6869750,446.37,5000.0,446.37
19,833058,293,384,989750,6869750,442.32,5000.0,442.32
19,833059,294,384,991250,6869750,443.2,5000.0,443.2
19,833060,295,384,992750,6869750,443.75,5000.0,443.75
19,833061,296,384,994250,6869750,445.32,5000.0,445.32
19,833062,297,384,995750,6869750,446.29,5000.0,446.29
19,833069,304,384,1006250,6869750,474.45,5000.0,474.45
19,833070,305,384,1007750,6869750,482.82,5000.0,482.82
19,833071,306,384,1009250,6869750,496.29,5000.0,496.29
19,833295,241,385,911750,6868250,308.43,5000.0,308.43
19,833296,242,385,913250,6868250,312.6,5000.0,312.6
19,833297,243,385,914750,6868250,331.33,5000.0,331.33
19,833298,244,385,916250,6868250,324.23,5000.0,324.23
19,833299,246,385,919250,6868250,339.63,5000.0,339.63
19,833300,247,385,920750,6868250,350.44,5000.0,350.44
19,833301,292,385,988250,6868250,459.99,5000.0,459.99
19,833302,293,385,989750,6868250,456.79,5000.0,456.79
19,833303,294,385,991250,6868250,444.67,5000.0,444.67
19,833304,295,385,992750,6868250,444.7,5000.0,444.7
19,833305,296,385,994250,6868250,451.4,5000.0,451.4
19,833306,297,385,995750,6868250,446.36,5000.0,446.36
19,833307,298,385,997250,6868250,451.34,5000.0,451.34
19,833309,300,385,1000250,6868250,455.9,5000.0,455.9
19,833310,301,385,1001750,6868250,458.72,5000.0,458.72
19,833314,305,385,1007750,6868250,478.17,5000.0,478.17
19,833315,306,385,1009250,6868250,483.29,5000.0,483.29
19,833539,240,386,910250,6866750,307.82,5000.0,307.82
19,833540,241,386,911750,6866750,303.81,5000.0,303.81
19,833541,242,386,913250,6866750,314.55,5000.0,314.55
19,833542,243,386,914750,6866750,320.38,5000.0,320.38
19,833543,244,386,916250,6866750,319.1,5000.0,319.1
19,833544,245,386,917750,6866750,319.88,5000.0,319.88
19,833545,246,386,919250,6866750,327.77,5000.0,327.77
19,833546,293,386,989750,6866750,486.33,5000.0,486.33
19,833547,294,386,991250,6866750,480.17,5000.0,480.17
19,833548,295,386,992750,6866750,455.69,5000.0,455.69
19,833549,296,386,994250,6866750,450.27,5000.0,450.27
19,833550,297,386,995750,6866750,447.8,5000.0,447.8
19,833551,298,386,997250,6866750,449.05,5000.0,449.05
19,833552,299,386,998750,6866750,450.4,5000.0,450.4
19,833553,300,386,1000250,6866750,453.2,5000.0,453.2
19,833559,306,386,1009250,6866750,487.72,5000.0,487.72
19,833785,240,387,910250,6865250,302.27,5000.0,302.27
19,833786,241,387,911750,6865250,303.27,5000.0,303.27
19,833787,242,387,913250,6865250,319.29,5000.0,319.29
19,833788,243,387,914750,6865250,312.72,5000.0,312.72
19,833789,244,387,916250,6865250,313.1,5000.0,313.1
19,833790,245,387,917750,6865250,319.01,5000.0,319.01
19,833791,246,387,919250,6865250,328.75,5000.0,328.75
19,833792,293,387,989750,6865250,498.04,5000.0,498.04
19,833793,294,387,991250,6865250,477.53,5000.0,477.53
19,833794,295,387,992750,6865250,461.79,5000.0,461.79
19,833795,296,387,994250,6865250,456.21,5000.0,456.21
19,833796,297,387,995750,6865250,454.2,5000.0,454.2
19,833797,298,387,997250,6865250,451.1,5000.0,451.1
19,833798,299,387,998750,6865250,450.62,5000.0,450.62
19,833799,300,387,1000250,6865250,452.58,5000.0,452.58
19,833805,306,387,1009250,6865250,497.28,5000.0,497.28
19,834032,240,388,910250,6863750,300.08,5000.0,300.08
19,834033,241,388,911750,6863750,301.51,5000.0,301.51
19,834034,242,388,913250,6863750,309.51,5000.0,309.51
19,834035,243,388,914750,6863750,308.83,5000.0,308.83
19,834036,244,388,916250,6863750,312.53,5000.0,312.53
19,834037,245,388,917750,6863750,319.26,5000.0,319.26
19,834038,246,388,919250,6863750,326.8,5000.0,326.8
19,834039,247,388,920750,6863750,335.83,5000.0,335.83
19,834040,293,388,989750,6863750,508.05,5000.0,508.05
19,834041,294,388,991250,6863750,489.83,5000.0,489.83
19,834042,296,388,994250,6863750,479.62,5000.0,479.62
19,834043,298,388,997250,6863750,465.17,5000.0,465.17
19,834044,299,388,998750,6863750,454.15,5000.0,454.15
19,834045,300,388,1000250,6863750,453.7,5000.0,453.7
19,834051,306,388,1009250,6863750,475.11,5000.0,475.11
19,834278,239,389,908750,6862250,298.74,5000.0,298.74
19,834279,240,389,910250,6862250,297.48,5000.0,297.48
19,834280,241,389,911750,6862250,303.5,5000.0,303.5
19,834281,242,389,913250,6862250,303.74,5000.0,303.74
19,834282,243,389,914750,6862250,307.25,5000.0,307.25
19,834283,244,389,916250,6862250,314.09,5000.0,314.09
19,834284,245,389,917750,6862250,320.75,5000.0,320.75
19,834285,246,389,919250,6862250,323.63,5000.0,323.63
19,834286,247,389,920750,6862250,333.84,5000.0,333.84
19,834287,298,389,997250,6862250,480.54,5000.0,480.54
19,834288,299,389,998750,6862250,465.54,5000.0,465.54
19,834289,300,389,1000250,6862250,454.38,5000.0,454.38
19,834290,301,389,1001750,6862250,466.97,5000.0,466.97
19,834294,305,389,1007750,6862250,470.47,5000.0,470.47
19,834295,306,389,1009250,6862250,471.95,5000.0,471.95
19,834523,239,390,908750,6860750,296.82,5000.0,296.82
19,834524,240,390,910250,6860750,295.85,5000.0,295.85
19,834525,242,390,913250,6860750,306.09,5000.0,306.09
19,834526,243,390,914750,6860750,314.1,5000.0,314.1
19,834527,244,390,916250,6860750,319.85,5000.0,319.85
19,834528,245,390,917750,6860750,324.48,5000.0,324.48
19,834529,298,390,997250,6860750,490.93,5000.0,490.93
19,834530,300,390,1000250,6860750,460.23,5000.0,460.23
19,834531,301,390,1001750,6860750,456.28,5000.0,456.28
19,834532,302,390,1003250,6860750,459.95,5000.0,459.95
19,834535,305,390,1007750,6860750,470.2,5000.0,470.2
19,834536,306,390,1009250,6860750,472.74,5000.0,472.74
19,834763,238,391,907250,6859250,305.11,5000.0,305.11
19,834764,239,391,908750,6859250,296.75,5000.0,296.75
19,834765,242,391,913250,6859250,312.33,5000.0,312.33
19,834766,243,391,914750,6859250,324.52,5000.0,324.52
19,834767,244,391,916250,6859250,329.12,5000.0,329.12
19,834768,245,391,917750,6859250,328.59,5000.0,328.59
19,834769,246,391,919250,6859250,337.29,5000.0,337.29
19,834770,300,391,1000250,6859250,467.63,5000.0,467.63
19,834771,301,391,1001750,6859250,456.75,5000.0,456.75
19,834772,302,391,1003250,6859250,461.29,5000.0,461.29
19,834775,305,391,1007750,6859250,472.43,5000.0,472.43
19,834776,306,391,1009250,6859250,477.03,5000.0,477.03
19,835002,238,392,907250,6857750,298.73,5000.0,298.73
19,835003,243,392,914750,6857750,326.95,5000.0,326.95
19,835004,244,392,916250,6857750,328.77,5000.0,328.77
19,835005,298,392,997250,6857750,499.25,5000.0,499.25
19,835006,299,392,998750,6857750,487.67,5000.0,487.67
19,835007,300,392,1000250,6857750,476.32,5000.0,476.32
19,835008,302,392,1003250,6857750,460.09,5000.0,460.09
19,835009,303,392,1004750,6857750,482.69,5000.0,482.69
19,835010,304,392,1006250,6857750,480.8,5000.0,480.8
19,835011,305,392,1007750,6857750,484.1,5000.0,484.1
19,835236,237,393,905750,6856250,288.57,5000.0,288.57
19,835237,238,393,907250,6856250,290.87,5000.0,290.87
19,835238,302,393,1003250,6856250,464.94,5000.0,464.94
19,835239,303,393,1004750,6856250,476.71,5000.0,476.71
19,835240,304,393,1006250,6856250,499.56,5000.0,499.56
19,835242,306,393,1009250,6856250,490.52,5000.0,490.52
19,835469,303,394,1004750,6854750,474.24,5000.0,474.24
19,835470,304,394,1006250,6854750,488.74,5000.0,488.74
19,835471,305,394,1007750,6854750,488.36,5000.0,488.36
19,835472,306,394,1009250,6854750,506.11,5000.0,506.11
19,835699,305,395,1007750,6853250,507.08,5000.0,507.08
19,835700,306,395,1009250,6853250,503.49,5000.0,503.49
19,835927,304,396,1006250,6851750,503.16,5000.0,503.16
19,835928,305,396,1007750,6851750,498.85,5000.0,498.85
19,835929,306,396,1009250,6851750,490.32,5000.0,490.32
19,836378,242,398,913250,6848750,309.2,5000.0,309.2
19,836817,240,400,910250,6845750,305.94,5000.0,305.94
19,837025,240,401,910250,6844250,320.2,5000.0,320.2
19,837414,238,403,907250,6841250,304.94,5000.0,304.94
19,837415,239,403,908750,6841250,319.95,5000.0,319.95
19,837416,240,403,910250,6841250,340.81,5000.0,340.81
19,837417,241,403,911750,6841250,352.62,5000.0,352.62
19,837598,224,404,886250,6839750,258.92,5000.0,258.92
19,837599,225,404,887750,6839750,259.58,5000.0,259.58
19,837605,234,404,901250,6839750,312.35,5000.0,312.35
19,837606,235,404,902750,6839750,305.03,5000.0,305.03
19,837609,238,404,907250,6839750,306.73,5000.0,306.73
19,837610,239,404,908750,6839750,318.66,5000.0,318.66
19,837611,240,404,910250,6839750,334.04,5000.0,334.04
19,837612,241,404,911750,6839750,339.66,5000.0,339.66
19,837792,223,405,884750,6838250,260.65,5000.0,260.65
19,837793,224,405,886250,6838250,269.32,5000.0,269.32
19,837794,225,405,887750,6838250,270.55,5000.0,270.55
19,837800,236,405,904250,6838250,315.14,5000.0,315.14
19,837801,238,405,907250,6838250,308.31,5000.0,308.31
19,837981,223,406,884750,6836750,280.93,5000.0,280.93
19,837982,224,406,886250,6836750,283.1,5000.0,283.1
19,837983,225,406,887750,6836750,291.61,5000.0,291.61
19,837984,226,406,889250,6836750,271.42,5000.0,271.42
19,838164,221,407,881750,6835250,256.83,5000.0,256.83
19,838165,222,407,883250,6835250,263.94,5000.0,263.94
19,838166,223,407,884750,6835250,274.51,5000.0,274.51
19,838167,224,407,886250,6835250,308.21,5000.0,308.21
19,838168,225,407,887750,6835250,295.2,5000.0,295.2
19,838169,226,407,889250,6835250,281.06,5000.0,281.06
19,838335,221,408,881750,6833750,265.44,5000.0,265.44
19,838336,222,408,883250,6833750,282.59,5000.0,282.59
19,838337,223,408,884750,6833750,293.05,5000.0,293.05
19,838338,224,408,886250,6833750,311.2,5000.0,311.2
19,838339,225,408,887750,6833750,299.15,5000.0,299.15
19,838500,221,409,881750,6832250,265.83,5000.0,265.83
19,838501,222,409,883250,6832250,279.94,5000.0,279.94
19,838502,223,409,884750,6832250,299.47,5000.0,299.47
19,838503,224,409,886250,6832250,328.31,5000.0,328.31
19,838504,225,409,887750,6832250,313.13,5000.0,313.13
19,838660,220,410,880250,6830750,280.03,5000.0,280.03
19,838661,221,410,881750,6830750,274.48,5000.0,274.48
19,838662,222,410,883250,6830750,275.65,5000.0,275.65
19,838663,223,410,884750,6830750,286.26,5000.0,286.26
19,838664,224,410,886250,6830750,311.71,5000.0,311.71
19,838665,225,410,887750,6830750,322.03,5000.0,322.03
19,838813,220,411,880250,6829250,277.01,5000.0,277.01
19,838814,221,411,881750,6829250,296.92,5000.0,296.92
19,838815,222,411,883250,6829250,298.08,5000.0,298.08
19,838816,223,411,884750,6829250,293.5,5000.0,293.5
19,838817,224,411,886250,6829250,325.46,5000.0,325.46
19,838818,225,411,887750,6829250,320.13,5000.0,320.13
19,838819,226,411,889250,6829250,298.46,5000.0,298.46
19,838959,218,412,877250,6827750,288.8,5000.0,288.8
19,838960,219,412,878750,6827750,307.31,5000.0,307.31
19,838961,220,412,880250,6827750,300.89,5000.0,300.89
19,838962,221,412,881750,6827750,304.82,5000.0,304.82
19,838963,222,412,883250,6827750,320.58,5000.0,320.58
19,838964,223,412,884750,6827750,303.11,5000.0,303.11
19,838965,224,412,886250,6827750,329.53,5000.0,329.53
19,838966,225,412,887750,6827750,310.4,5000.0,310.4
19,839103,217,413,875750,6826250,258.43,5000.0,258.43
19,839104,218,413,877250,6826250,274.14,5000.0,274.14
19,839105,219,413,878750,6826250,287.8,5000.0,287.8
19,839106,220,413,880250,6826250,327.76,5000.0,327.76
19,839107,221,413,881750,6826250,325.73,5000.0,325.73
19,839108,222,413,883250,6826250,309.13,5000.0,309.13
19,839109,223,413,884750,6826250,323.35,5000.0,323.35
19,839110,224,413,886250,6826250,336.73,5000.0,336.73
19,839111,225,413,887750,6826250,316.16,5000.0,316.16
19,839112,226,413,889250,6826250,325.1,5000.0,325.1
19,839252,220,414,880250,6824750,311.57,5000.0,311.57
19,839253,221,414,881750,6824750,297.81,5000.0,297.81
19,839254,222,414,883250,6824750,280.94,5000.0,280.94
19,839255,223,414,884750,6824750,284.9,5000.0,284.9
19,839256,224,414,886250,6824750,305.24,5000.0,305.24
19,839257,225,414,887750,6824750,319.18,5000.0,319.18
19,839390,214,415,871250,6823250,241.82,5000.0,241.82
19,839391,215,415,872750,6823250,241.9,5000.0,241.9
19,839397,222,415,883250,6823250,269.22,5000.0,269.22
19,839398,223,415,884750,6823250,289.85,5000.0,289.85
19,839399,224,415,886250,6823250,300.82,5000.0,300.82
19,839400,225,415,887750,6823250,308.04,5000.0,308.04
19,839532,213,416,869750,6821750,250.74,5000.0,250.74
19,839533,214,416,871250,6821750,258.21,5000.0,258.21
19,839534,215,416,872750,6821750,256.62,5000.0,256.62
19,839535,216,416,874250,6821750,244.42,5000.0,244.42
19,839538,224,416,886250,6821750,291.21,5000.0,291.21
19,839539,225,416,887750,6821750,292.87,5000.0,292.87
19,839670,213,417,869750,6820250,259.35,5000.0,259.35
19,839671,214,417,871250,6820250,270.7,5000.0,270.7
19,839672,215,417,872750,6820250,275.67,5000.0,275.67
19,839673,216,417,874250,6820250,253.21,5000.0,253.21
19,839674,217,417,875750,6820250,247.78,5000.0,247.78
19,839805,213,418,869750,6818750,264.32,5000.0,264.32
19,839806,214,418,871250,6818750,275.39,5000.0,275.39
19,839807,215,418,872750,6818750,280.48,5000.0,280.48
19,839808,216,418,874250,6818750,278.21,5000.0,278.21
19,839809,217,418,875750,6818750,251.73,5000.0,251.73
19,839940,213,419,869750,6817250,274.11,5000.0,274.11
19,839941,214,419,871250,6817250,299.57,5000.0,299.57
19,839942,215,419,872750,6817250,291.71,5000.0,291.71
19,839943,216,419,874250,6817250,282.56,5000.0,282.56
19,839944,217,419,875750,6817250,272.77,5000.0,272.77
19,839945,218,419,877250,6817250,261.74,5000.0,261.74
19,840074,213,420,869750,6815750,279.07,5000.0,279.07
19,840075,214,420,871250,6815750,293.62,5000.0,293.62
19,840076,215,420,872750,6815750,294.68,5000.0,294.68
19,840077,216,420,874250,6815750,274.98,5000.0,274.98
19,840078,217,420,875750,6815750,268.94,5000.0,268.94
19,840208,213,421,869750,6814250,281.4,5000.0,281.4
19,840209,214,421,871250,6814250,292.37,5000.0,292.37
19,840210,215,421,872750,6814250,302.36,5000.0,302.36
19,840211,216,421,874250,6814250,280.44,5000.0,280.44
19,840212,217,421,875750,6814250,289.29,5000.0,289.29
19,840213,218,421,877250,6814250,266.14,5000.0,266.14
19,840341,213,422,869750,6812750,277.48,5000.0,277.48
19,840342,214,422,871250,6812750,301.3,5000.0,301.3
19,840343,215,422,872750,6812750,292.35,5000.0,292.35
19,840344,216,422,874250,6812750,286.63,5000.0,286.63
19,840345,217,422,875750,6812750,305.14,5000.0,305.14
19,840471,210,423,865250,6811250,249.12,5000.0,249.12
19,840472,211,423,866750,6811250,256.28,5000.0,256.28
19,840473,212,423,868250,6811250,273.23,5000.0,273.23
19,840474,213,423,869750,6811250,284.69,5000.0,284.69
19,840475,214,423,871250,6811250,304.7,5000.0,304.7
19,840476,215,423,872750,6811250,300.72,5000.0,300.72
19,840477,216,423,874250,6811250,301.7,5000.0,301.7
19,840478,217,423,875750,6811250,317.57,5000.0,317.57
19,840479,218,423,877250,6811250,283.46,5000.0,283.46
19,840601,207,424,860750,6809750,237.28,5000.0,237.28
19,840602,208,424,862250,6809750,233.94,5000.0,233.94
19,840603,209,424,863750,6809750,234.0,5000.0,234.0
19,840604,210,424,865250,6809750,250.62,5000.0,250.62
19,840605,211,424,866750,6809750,255.51,5000.0,255.51
19,840606,212,424,868250,6809750,276.79,5000.0,276.79
19,840607,213,424,869750,6809750,289.65,5000.0,289.65
19,840608,214,424,871250,6809750,309.94,5000.0,309.94
19,840609,215,424,872750,6809750,309.65,5000.0,309.65
19,840610,216,424,874250,6809750,318.64,5000.0,318.64
19,840611,217,424,875750,6809750,309.7,5000.0,309.7
19,840612,218,424,877250,6809750,287.35,5000.0,287.35
19,840733,206,425,859250,6808250,240.56,5000.0,240.56
19,840734,207,425,860750,6808250,238.69,5000.0,238.69
19,840735,208,425,862250,6808250,234.56,5000.0,234.56
19,840736,209,425,863750,6808250,234.19,5000.0,234.19
19,840737,210,425,865250,6808250,234.33,5000.0,234.33
19,840738,211,425,866750,6808250,243.77,5000.0,243.77
19,840739,212,425,868250,6808250,280.64,5000.0,280.64
19,840740,213,425,869750,6808250,301.3,5000.0,301.3
19,840741,214,425,871250,6808250,317.55,5000.0,317.55
19,840742,215,425,872750,6808250,309.37,5000.0,309.37
19,840743,216,425,874250,6808250,323.02,5000.0,323.02
19,840744,217,425,875750,6808250,311.39,5000.0,311.39
19,840860,206,426,859250,6806750,242.37,5000.0,242.37
19,840861,207,426,860750,6806750,258.03,5000.0,258.03
19,840862,208,426,862250,6806750,249.86,5000.0,249.86
19,840863,209,426,863750,6806750,235.77,5000.0,235.77
19,840864,210,426,865250,6806750,238.66,5000.0,238.66
19,840865,211,426,866750,6806750,244.32,5000.0,244.32
19,840866,212,426,868250,6806750,264.34,5000.0,264.34
19,840867,213,426,869750,6806750,284.37,5000.0,284.37
19,840868,214,426,871250,6806750,291.43,5000.0,291.43
19,840869,215,426,872750,6806750,308.34,5000.0,308.34
19,840870,216,426,874250,6806750,326.58,5000.0,326.58
19,840871,217,426,875750,6806750,314.27,5000.0,314.27
19,840872,218,426,877250,6806750,321.31,5000.0,321.31
19,840983,206,427,859250,6805250,254.7,5000.0,254.7
19,840984,207,427,860750,6805250,283.61,5000.0,283.61
19,840985,208,427,862250,6805250,256.93,5000.0,256.93
19,840986,209,427,863750,6805250,238.0,5000.0,238.0
19,840987,210,427,865250,6805250,238.1,5000.0,238.1
19,840988,211,427,866750,6805250,244.18,5000.0,244.18
19,840989,212,427,868250,6805250,264.56,5000.0,264.56
19,840990,213,427,869750,6805250,280.45,5000.0,280.45
19,840991,215,427,872750,6805250,301.26,5000.0,301.26
19,840992,216,427,874250,6805250,337.49,5000.0,337.49
19,840993,217,427,875750,6805250,326.43,5000.0,326.43
19,840994,218,427,877250,6805250,322.16,5000.0,322.16
19,841104,207,428,860750,6803750,279.49,5000.0,279.49
19,841105,208,428,862250,6803750,261.9,5000.0,261.9
19,841106,209,428,863750,6803750,242.98,5000.0,242.98
19,841108,214,428,871250,6803750,293.17,5000.0,293.17
19,841109,215,428,872750,6803750,304.53,5000.0,304.53
19,841110,216,428,874250,6803750,339.96,5000.0,339.96
19,841111,217,428,875750,6803750,331.83,5000.0,331.83
19,841112,218,428,877250,6803750,323.89,5000.0,323.89
19,841221,207,429,860750,6802250,300.09,5000.0,300.09
19,841222,208,429,862250,6802250,261.1,5000.0,261.1
19,841223,209,429,863750,6802250,258.45,5000.0,258.45
19,841224,210,429,865250,6802250,241.1,5000.0,241.1
19,841225,213,429,869750,6802250,267.81,5000.0,267.81
19,841226,214,429,871250,6802250,284.68,5000.0,284.68
19,841227,215,429,872750,6802250,302.02,5000.0,302.02
19,841228,216,429,874250,6802250,327.25,5000.0,327.25
19,841229,217,429,875750,6802250,342.14,5000.0,342.14
19,841339,207,430,860750,6800750,286.4,5000.0,286.4
19,841340,208,430,862250,6800750,274.83,5000.0,274.83
19,841341,209,430,863750,6800750,274.61,5000.0,274.61
19,841342,210,430,865250,6800750,246.76,5000.0,246.76
19,841345,213,430,869750,6800750,256.63,5000.0,256.63
19,841346,214,430,871250,6800750,282.09,5000.0,282.09
19,841347,215,430,872750,6800750,312.61,5000.0,312.61
19,841348,216,430,874250,6800750,324.33,5000.0,324.33
19,841349,217,430,875750,6800750,341.24,5000.0,341.24
19,841350,218,430,877250,6800750,337.13,5000.0,337.13
19,841458,207,431,860750,6799250,274.82,5000.0,274.82
19,841459,208,431,862250,6799250,290.82,5000.0,290.82
19,841460,209,431,863750,6799250,278.65,5000.0,278.65
19,841461,210,431,865250,6799250,244.61,5000.0,244.61
19,841464,213,431,869750,6799250,255.68,5000.0,255.68
19,841465,214,431,871250,6799250,281.09,5000.0,281.09
19,841466,215,431,872750,6799250,314.21,5000.0,314.21
19,841467,216,431,874250,6799250,355.23,5000.0,355.23
19,841468,217,431,875750,6799250,363.43,5000.0,363.43
19,841469,218,431,877250,6799250,348.61,5000.0,348.61
19,841575,206,432,859250,6797750,281.38,5000.0,281.38
19,841576,207,432,860750,6797750,274.05,5000.0,274.05
19,841577,208,432,862250,6797750,285.41,5000.0,285.41
19,841578,209,432,863750,6797750,277.7,5000.0,277.7
19,841579,210,432,865250,6797750,250.23,5000.0,250.23
19,841582,213,432,869750,6797750,248.76,5000.0,248.76
19,841583,214,432,871250,6797750,267.19,5000.0,267.19
19,841584,215,432,872750,6797750,294.41,5000.0,294.41
19,841585,216,432,874250,6797750,309.25,5000.0,309.25
19,841586,217,432,875750,6797750,336.54,5000.0,336.54
19,841587,218,432,877250,6797750,367.4,5000.0,367.4
19,841588,219,432,878750,6797750,333.69,5000.0,333.69
20,841731,38,147,607250,7225250,756.39,5000.0,756.39
20,841732,39,147,608750,7225250,779.22,5000.0,779.22
20,841733,40,147,610250,7225250,755.81,5000.0,755.81
20,841736,144,147,766250,7225250,355.7,5000.0,355.7
20,841747,48,148,622250,7223750,751.22,5000.0,751.22
20,841749,144,148,766250,7223750,333.48,5000.0,333.48
20,841760,47,149,620750,7222250,701.42,5000.0,701.42
20,841761,139,149,758750,7222250,302.27,5000.0,302.27
20,841764,5,150,557750,7220750,746.67,5000.0,746.67
20,841765,37,150,605750,7220750,730.3,5000.0,730.3
20,841766,41,150,611750,7220750,711.76,5000.0,711.76
20,841767,42,150,613250,7220750,704.74,5000.0,704.74
20,841768,44,150,616250,7220750,701.02,5000.0,701.02
20,841769,45,150,617750,7220750,695.89,5000.0,695.89
20,841770,46,150,619250,7220750,686.51,5000.0,686.51
20,841771,140,150,760250,7220750,293.29,5000.0,293.29
20,841774,3,151,554750,7219250,722.75,5000.0,722.75
20,841775,4,151,556250,7219250,731.48,5000.0,731.48
20,841776,36,151,604250,7219250,730.36,5000.0,730.36
20,841777,37,151,605750,7219250,714.7,5000.0,714.7
20,841778,39,151,608750,7219250,678.39,5000.0,678.39
20,841779,43,151,614750,7219250,681.04,5000.0,681.04
20,841780,44,151,616250,7219250,681.32,5000.0,681.32
20,841782,37,152,605750,7217750,703.75,5000.0,703.75
20,841783,42,152,613250,7217750,665.98,5000.0,665.98
20,841784,44,152,616250,7217750,673.3,5000.0,673.3
20,841785,45,152,617750,7217750,673.8,5000.0,673.8
20,841786,138,152,757250,7217750,277.61,5000.0,277.61
20,841795,136,153,754250,7216250,312.13,5000.0,312.13
20,841799,3,154,554750,7214750,722.2,5000.0,722.2
20,841800,33,154,599750,7214750,702.65,5000.0,702.65
20,841801,34,154,601250,7214750,698.75,5000.0,698.75
20,841802,35,154,602750,7214750,687.43,5000.0,687.43
20,841803,39,154,608750,7214750,656.81,5000.0,656.81
20,841804,43,154,614750,7214750,653.57,5000.0,653.57
20,841805,134,154,751250,7214750,310.23,5000.0,310.23
20,841806,137,154,755750,7214750,291.82,5000.0,291.82
20,841808,142,154,763250,7214750,326.09,5000.0,326.09
20,841820,148,155,772250,7213250,261.38,5000.0,261.38
20,841821,149,155,773750,7213250,250.36,5000.0,250.36
20,841835,145,156,767750,7211750,282.52,5000.0,282.52
20,841836,148,156,772250,7211750,251.09,5000.0,251.09
20,841837,149,156,773750,7211750,243.83,5000.0,243.83
20,841851,144,157,766250,7210250,286.12,5000.0,286.12
20,841873,149,158,773750,7208750,239.0,5000.0,239.0
20,841900,152,159,778250,7207250,264.72,5000.0,264.72
20,841933,153,160,779750,7205750,276.09,5000.0,276.09
20,841971,154,161,781250,7204250,295.88,5000.0,295.88
20,842014,154,162,781250,7202750,279.61,5000.0,279.61
20,842104,154,164,781250,7199750,257.92,5000.0,257.92
20,842160,160,165,790250,7198250,285.55,5000.0,285.55
20,842215,156,166,784250,7196750,274.77,5000.0,274.77
20,842216,160,166,790250,7196750,275.5,5000.0,275.5
20,842283,159,167,788750,7195250,267.56,5000.0,267.56
20,842344,152,168,778250,7193750,213.0,5000.0,213.0
20,842345,156,168,784250,7193750,247.02,5000.0,247.02
20,842346,159,168,788750,7193750,258.76,5000.0,258.76
20,842347,162,168,793250,7193750,267.75,5000.0,267.75
20,842348,163,168,794750,7193750,289.36,5000.0,289.36
20,842548,158,171,787250,7189250,228.84,5000.0,228.84
20,842549,159,171,788750,7189250,241.76,5000.0,241.76
20,842550,160,171,790250,7189250,256.86,5000.0,256.86
20,842551,161,171,791750,7189250,265.03,5000.0,265.03
20,842552,163,171,794750,7189250,276.51,5000.0,276.51
20,842625,163,172,794750,7187750,261.82,5000.0,261.82
20,842781,165,174,797750,7184750,254.59,5000.0,254.59
20,842866,165,175,797750,7183250,247.93,5000.0,247.93
20,842867,166,175,799250,7183250,241.1,5000.0,241.1
20,842920,77,176,665750,7181750,468.23,5000.0,468.23
20,843019,77,177,665750,7180250,453.18,5000.0,453.18
20,843434,78,181,667250,7174250,453.91,5000.0,453.91
20,843549,78,182,667250,7172750,464.6,5000.0,464.6
20,843788,78,184,667250,7169750,451.42,5000.0,451.42
20,843789,79,184,668750,7169750,450.43,5000.0,450.43
20,843903,72,185,658250,7168250,464.48,5000.0,464.48
20,844033,79,186,668750,7166750,466.02,5000.0,466.02
20,844156,78,187,667250,7165250,443.58,5000.0,443.58
20,844157,79,187,668750,7165250,457.86,5000.0,457.86
20,844342,170,188,805250,7163750,223.66,5000.0,223.66
20,844471,169,189,803750,7162250,197.23,5000.0,197.23
20,844472,171,189,806750,7162250,235.68,5000.0,235.68
20,844539,77,190,665750,7160750,435.2,5000.0,435.2
20,844540,78,190,667250,7160750,423.99,5000.0,423.99
20,844597,172,190,808250,7160750,241.65,5000.0,241.65
20,844725,174,191,811250,7159250,242.43,5000.0,242.43
20,844989,176,193,814250,7156250,209.15,5000.0,209.15
20,845124,176,194,814250,7154750,211.02,5000.0,211.02
20,845410,178,196,817250,7151750,242.53,5000.0,242.53
20,845557,177,197,815750,7150250,241.18,5000.0,241.18
20,845713,178,198,817250,7148750,248.57,5000.0,248.57
20,845714,180,198,820250,7148750,252.89,5000.0,252.89
20,845873,178,199,817250,7147250,250.8,5000.0,250.8
20,846035,180,200,820250,7145750,268.08,5000.0,268.08
20,846204,178,201,817250,7144250,248.48,5000.0,248.48
20,847088,181,206,821750,7136750,322.88,5000.0,322.88
20,847089,182,206,823250,7136750,318.86,5000.0,318.86
20,847271,182,207,823250,7135250,322.39,5000.0,322.39
20,847454,183,208,824750,7133750,335.66,5000.0,335.66
20,847637,183,209,824750,7132250,332.73,5000.0,332.73
20,847820,183,210,824750,7130750,317.06,5000.0,317.06
20,848365,183,213,824750,7126250,309.25,5000.0,309.25
20,848548,184,214,826250,7124750,319.37,5000.0,319.37
20,848549,185,214,827750,7124750,330.39,5000.0,330.39
20,848732,184,215,826250,7123250,314.62,5000.0,314.62
20,848733,185,215,827750,7123250,327.96,5000.0,327.96
20,848734,186,215,829250,7123250,340.49,5000.0,340.49
20,848735,187,215,830750,7123250,356.0,5000.0,356.0
20,848736,188,215,832250,7123250,380.41,5000.0,380.41
20,848737,189,215,833750,7123250,399.87,5000.0,399.87
20,848924,189,216,833750,7121750,398.63,5000.0,398.63
